scenario,arm,day,eligible_mean,eligible_ci,delivered_mean,delivered_ci,n,cross_rate,tie_rate,threshold_med,oracle_med,tracking_ratio_med,observed_mssd_med,n_eval
drift,emq_anchored,0,0.242,0.02168191016844153,0.11266666666666666,0.016006499887945905,1500,0.3911637931034483,0.11853448275862069,0.8666666666666667,1.104670233506307,0.616608316725274,0.6666666666666666,928
drift,emq_anchored,1,0.912,0.058752531725596496,0.4593333333333333,0.037395909175963075,1500,0.26786061903834923,0.15008759976640063,1.0,1.1105000953196877,0.7552346676170865,0.6666666666666666,5137
drift,emq_anchored,2,0.902,0.060756984151196694,0.44866666666666666,0.038885964409199156,1500,0.24405506883604505,0.1113892365456821,1.0,1.0875058712161174,0.9333333333333336,0.6666666666666666,5593
drift,emq_anchored,3,0.7393333333333333,0.056811299551207756,0.35533333333333333,0.035063673659019766,1500,0.20143240823634737,0.10635631154879141,1.0,1.078423734493694,1.0,0.6666666666666666,5585
drift,emq_anchored,4,0.7013333333333334,0.05673784255444776,0.364,0.03558719321504663,1500,0.19384783400072805,0.09992719330178376,1.0,1.0841003458040879,1.0,0.6666666666666666,5494
drift,emq_anchored,5,0.7586666666666667,0.05866891602617698,0.37333333333333335,0.03605644706966049,1500,0.20527807297201559,0.09971661353170386,1.0,1.089184008713183,1.0,0.6666666666666666,5646
drift,emq_anchored,6,0.708,0.05694683969468295,0.3406666666666667,0.03548294031104092,1500,0.19635369188696444,0.09279854147675479,1.0,1.0762703313930415,1.0,0.6666666666666666,5485
drift,emq_anchored,7,0.7126666666666667,0.05876380394583277,0.3373333333333333,0.03490989790488223,1500,0.19351951306838525,0.07178660938059435,1.1633333333333336,1.1460722552448945,1.0,0.6666666666666666,5586
drift,emq_anchored,8,0.7953333333333333,0.06077910158568827,0.41733333333333333,0.038791429760637965,1500,0.2150936726758572,0.04577589254153411,1.215839382716307,1.1300315406081376,1.0,0.6666666666666666,5658
drift,emq_anchored,9,0.728,0.05803040233759923,0.3506666666666667,0.03549810443803929,1500,0.19996380745566414,0.045783568584871516,1.2800000000000002,1.1244980365985788,1.0,0.6666666666666666,5526
drift,emq_anchored,10,0.7686666666666667,0.06148562269680414,0.392,0.03840977845995884,1500,0.20635199157746972,0.03597122302158273,1.2518425407249567,1.1196957787598347,1.0,0.6666666666666666,5699
drift,emq_anchored,11,0.7593333333333333,0.06178212030647227,0.36733333333333335,0.03703045281678946,1500,0.20263477205754896,0.037961518460738426,1.3166666666666669,1.1024047583033343,1.0,0.6666666666666666,5769
drift,emq_anchored,12,0.7766666666666666,0.05995859031091168,0.386,0.03630607323563671,1500,0.2058874458874459,0.03428571428571429,1.3386181524932337,1.1112614557672678,1.0,0.6666666666666666,5775
drift,emq_anchored,13,0.7713333333333333,0.060134772170403715,0.37733333333333335,0.03716470218764262,1500,0.20633245382585752,0.031310466138962184,1.35,1.0815071141555015,1.0,0.6666666666666666,5685
drift,emq_anchored,14,0.744,0.05969461142086829,0.376,0.035985363426886324,1500,0.20272180982679391,0.0335807705903146,1.35,1.0949122657699029,1.0,0.6666666666666666,5658
drift,emq_anchored,15,0.7713333333333333,0.06086898797427819,0.404,0.03945579163705775,1500,0.20994671403197157,0.03641207815275311,1.3166666666666669,1.1047777779503898,1.0,0.6666666666666666,5630
drift,emq_anchored,16,0.7506666666666667,0.06064658587624606,0.37133333333333335,0.03580046764411288,1500,0.2016468114926419,0.030133146461107218,1.3266666666666667,1.124331390470108,1.0,0.6666666666666666,5708
drift,emq_anchored,17,0.7886666666666666,0.061364350660737345,0.36466666666666664,0.036727655851565705,1500,0.21167628037056457,0.03530851249781507,1.35,1.1163268933087178,1.0,0.6666666666666666,5721
drift,emq_anchored,18,0.8053333333333333,0.06270220042440625,0.41333333333333333,0.03890103174146847,1500,0.22106957610445357,0.03219459846181363,1.35,1.1158665334070494,1.0,0.6666666666666666,5591
drift,emq_anchored,19,0.7046666666666667,0.0581060673838362,0.362,0.03670221690845265,1500,0.19184908346680904,0.027762947143619862,1.3513480082427094,1.0821729986931672,1.0466666666666669,0.6666666666666666,5619
drift,emq_anchored,20,0.7493333333333333,0.06026506803400032,0.36133333333333334,0.03627432610192354,1500,0.20615772416276557,0.027367662945624774,1.356231652846493,1.0932112656454227,1.0455821463213182,0.6666666666666666,5554
drift,emq_anchored,21,0.7366666666666667,0.05977022779325291,0.37866666666666665,0.03722184679011946,1500,0.2015059160989602,0.02527787737540337,1.4333333333333336,1.116622004828204,1.069295457636674,0.6666666666666666,5578
drift,emq_anchored,22,0.698,0.05694818976686552,0.34,0.03454807995786074,1500,0.18961826614341776,0.025330003567606136,1.419092159300306,1.1010723609552393,1.0498522809599184,0.6666666666666666,5606
drift,emq_anchored,23,0.7426666666666667,0.05999399907331675,0.35733333333333334,0.03599802202787266,1500,0.20138765344244797,0.019747375911759475,1.4166666666666667,1.068732368167599,1.0700000000000005,0.6666666666666666,5621
drift,emq_anchored,24,0.7333333333333333,0.06068297278337301,0.372,0.03784787286328968,1500,0.1981981981981982,0.024024024024024024,1.3706750404100616,1.0645119532751832,1.0641014233239239,0.6666666666666666,5661
drift,emq_anchored,25,0.7393333333333333,0.05997135468800642,0.36666666666666664,0.03623134553843688,1500,0.1981760785689232,0.020168361978253245,1.3633333333333337,1.1032506694999398,1.0348378206932707,0.6666666666666666,5702
drift,emq_anchored,26,0.706,0.0588536717465617,0.37333333333333335,0.03689951191669293,1500,0.18973370707778556,0.02119831814996496,1.386666666666667,1.0959922892589855,1.040820188267273,0.6666666666666666,5708
drift,emq_anchored,27,0.7493333333333333,0.060066289964480914,0.372,0.03730223957539882,1500,0.19892192662145713,0.0264301860545992,1.4333333333333336,1.117529402782542,1.07,0.6666666666666666,5751
drift,emq_anchored,28,0.718,0.05868459091416357,0.37066666666666664,0.03756434429305762,1500,0.19353693181818182,0.02361505681818182,1.4333333333333336,1.0791045576206595,1.0732611203642348,0.6666666666666666,5632
drift,emq_anchored,29,0.708,0.058777535105210485,0.3546666666666667,0.03563664046361168,1500,0.19328930929859003,0.021238622166696412,1.4333333333333336,1.087025561966855,1.0883333333333334,0.6666666666666666,5603
drift,emq_anchored,30,0.6693333333333333,0.05673471077075477,0.33466666666666667,0.03598681939258889,1500,0.18252979896815513,0.020636897349226118,1.411603915237094,1.0577765334930258,1.07,0.6666666666666666,5621
drift,emq_anchored,31,0.7606666666666667,0.06146272173232758,0.37933333333333336,0.03718147799579942,1500,0.20426131361155134,0.021130480718436345,1.379183147402359,1.074713745422465,1.0633333333333335,0.6666666666666666,5679
drift,emq_anchored,32,0.7486666666666667,0.059040637044768904,0.3606666666666667,0.03545789327718672,1500,0.19992991063606097,0.021902926230944454,1.397041080335117,1.0401667520121185,1.0599999999999998,0.6666666666666666,5707
drift,emq_anchored,33,0.7586666666666667,0.061177942614519164,0.388,0.037842455473269525,1500,0.2066820685978319,0.02025946330193709,1.4270139609123185,1.0636543329433013,1.0700000000000005,0.6666666666666666,5627
drift,emq_anchored,34,0.7366666666666667,0.05867395379975334,0.348,0.03464053284279334,1500,0.19525388239399755,0.027569359623102425,1.4321126747695274,1.0616020331148037,1.0812730897719511,0.6666666666666666,5731
drift,emq_decaying,0,0.242,0.02168191016844153,0.128,0.016912915623173444,1500,0.3911637931034483,0.11853448275862069,0.8666666666666667,1.104670233506307,0.616608316725274,0.6666666666666666,928
drift,emq_decaying,1,0.912,0.058752531725596496,0.448,0.03699224609327105,1500,0.26786061903834923,0.15008759976640063,1.0,1.1105000953196877,0.7552346676170865,0.6666666666666666,5137
drift,emq_decaying,2,0.902,0.060756984151196694,0.44466666666666665,0.038117387193557326,1500,0.24405506883604505,0.1113892365456821,1.0,1.0875058712161174,0.9333333333333336,0.6666666666666666,5593
drift,emq_decaying,3,0.7393333333333333,0.056811299551207756,0.37666666666666665,0.03584854046378648,1500,0.20143240823634737,0.10635631154879141,1.0,1.078423734493694,1.0,0.6666666666666666,5585
drift,emq_decaying,4,0.7013333333333334,0.05673784255444776,0.3453333333333333,0.03606080618034488,1500,0.19384783400072805,0.09992719330178376,1.0,1.0841003458040879,1.0,0.6666666666666666,5494
drift,emq_decaying,5,0.7586666666666667,0.05866891602617698,0.392,0.03723530862389428,1500,0.20527807297201559,0.09971661353170386,1.0,1.089184008713183,1.0,0.6666666666666666,5646
drift,emq_decaying,6,0.708,0.05694683969468295,0.3413333333333333,0.035297510211685215,1500,0.19635369188696444,0.09279854147675479,1.0,1.0762703313930415,1.0,0.6666666666666666,5485
drift,emq_decaying,7,0.7126666666666667,0.05876380394583277,0.3626666666666667,0.03717113763926361,1500,0.19351951306838525,0.07178660938059435,1.1633333333333336,1.1460722552448945,1.0,0.6666666666666666,5586
drift,emq_decaying,8,0.7953333333333333,0.06083529614228318,0.38266666666666665,0.03665366336392177,1500,0.21527041357370094,0.04683633792859668,1.2164814800276442,1.1300315406081376,1.0,0.6666666666666666,5658
drift,emq_decaying,9,0.7253333333333334,0.05779162918369904,0.36933333333333335,0.03750699267948798,1500,0.19905899384726747,0.04560260586319218,1.2797978348519297,1.1244980365985788,1.0,0.6666666666666666,5526
drift,emq_decaying,10,0.7673333333333333,0.06113830134946753,0.37533333333333335,0.03659156960699365,1500,0.20600105281628356,0.01807334620108791,1.2413523899491539,1.1196957787598347,1.0,0.6666666666666666,5699
drift,emq_decaying,11,0.7573333333333333,0.06135964515330302,0.38533333333333336,0.03759544138768266,1500,0.20228809152366095,0.037961518460738426,1.2871173746026732,1.1024047583033343,1.0,0.6666666666666666,5769
drift,emq_decaying,12,0.7686666666666667,0.0594225407334967,0.38066666666666665,0.036543726190957186,1500,0.20346320346320346,0.03463203463203463,1.3278978565053985,1.1112614557672678,1.0,0.6666666666666666,5775
drift,emq_decaying,13,0.76,0.05937756517169906,0.36666666666666664,0.03683927029731779,1500,0.20316622691292877,0.03271767810026385,1.3597725726188679,1.0815071141555015,1.0,0.6666666666666666,5685
drift,emq_decaying,14,0.7373333333333333,0.05916005906321099,0.35933333333333334,0.03611293253594496,1500,0.20077765995051255,0.0335807705903146,1.3366835021129446,1.0949122657699029,1.0,0.6666666666666666,5658
drift,emq_decaying,15,0.7606666666666667,0.060085202150166994,0.368,0.03647879137697219,1500,0.20674955595026642,0.03676731793960924,1.3105029381679842,1.1047777779503898,1.0,0.6666666666666666,5630
drift,emq_decaying,16,0.7406666666666667,0.06021359073497215,0.37666666666666665,0.03725089073729597,1500,0.1986685353889278,0.030658724597056763,1.265250285338685,1.124331390470108,1.0,0.6666666666666666,5708
drift,emq_decaying,17,0.8506666666666667,0.06266665880894542,0.426,0.038704051484750576,1500,0.22845656353784302,0.016780283167278448,1.333333333333333,1.1163268933087178,1.0,0.6666666666666666,5721
drift,emq_decaying,18,0.7826666666666666,0.0612966847182873,0.41933333333333334,0.03941383851126755,1500,0.21427293865140404,0.03219459846181363,1.3451384923826486,1.1158665334070494,1.0,0.6666666666666666,5591
drift,emq_decaying,19,0.7013333333333334,0.0577230013582571,0.3426666666666667,0.03696742058871002,1500,0.19078127780743906,0.027762947143619862,1.3284666303179593,1.0821729986931672,1.045913598284012,0.6666666666666666,5619
drift,emq_decaying,20,0.748,0.059652351932907216,0.35933333333333334,0.03653624499790831,1500,0.20507742167806986,0.027367662945624774,1.356720274065133,1.0932112656454227,1.036776482352863,0.6666666666666666,5554
drift,emq_decaying,21,0.7246666666666667,0.059084606402096035,0.35533333333333333,0.03593004056314398,1500,0.1977411258515597,0.02599498027967013,1.4625,1.116622004828204,1.0715624538009523,0.6666666666666666,5578
drift,emq_decaying,22,0.6866666666666666,0.05623174345427321,0.36,0.035786927571562085,1500,0.18605066000713522,0.025508383874420264,1.4224047953051397,1.1010723609552393,1.0524058200846262,0.6666666666666666,5606
drift,emq_decaying,23,0.7373333333333333,0.05913117244554407,0.378,0.03666122933626913,1500,0.19943070628002135,0.019569471624266144,1.4202815617259543,1.068732368167599,1.0662918131563661,0.6666666666666666,5621
drift,emq_decaying,24,0.718,0.05958027569320988,0.35933333333333334,0.03704705882933933,1500,0.19378201731142908,0.024024024024024024,1.383615081239407,1.0645119532751832,1.0568686318396652,0.6666666666666666,5661
drift,emq_decaying,25,0.7273333333333334,0.05882657092430787,0.368,0.03735807621258805,1500,0.19466853735531392,0.020168361978253245,1.3820802712428608,1.1032506694999398,1.0406637811526724,0.6666666666666666,5702
drift,emq_decaying,26,0.696,0.05785867948636328,0.364,0.03648797005734818,1500,0.18710581639803783,0.022950245269796776,1.3616138242109324,1.0959922892589855,1.0546496427508998,0.6666666666666666,5708
drift,emq_decaying,27,0.7206666666666667,0.058425568586708325,0.3486666666666667,0.03600224584533084,1500,0.19092331768388107,0.027473482872543906,1.4304462961444246,1.117529402782542,1.0552174414791438,0.6666666666666666,5751
drift,emq_decaying,28,0.7133333333333334,0.05805555976959992,0.35733333333333334,0.03547210482283024,1500,0.19176136363636365,0.024147727272727272,1.4158291244717638,1.0791045576206595,1.061871843353823,0.6666666666666666,5632
drift,emq_decaying,29,0.7313333333333333,0.05875752356023386,0.36133333333333334,0.035943114766295726,1500,0.19882205961092272,0.010887024808138497,1.3770331386056087,1.087025561966855,1.0588831334276656,0.6666666666666666,5603
drift,emq_decaying,30,0.656,0.05573985061583465,0.3413333333333333,0.03524907365543215,1500,0.1786159046433019,0.02134851449919943,1.3163511361292073,1.0577765334930258,1.0560387926771868,0.6666666666666666,5621
drift,emq_decaying,31,0.7413333333333333,0.06009313496394308,0.35933333333333334,0.03686212736119235,1500,0.19827434407466102,0.02271526677231907,1.297778768419036,1.074713745422465,1.053331847371446,0.6666666666666666,5679
drift,emq_decaying,32,0.7386666666666667,0.05859490116382685,0.38666666666666666,0.037967519874413436,1500,0.19695111266865253,0.021552479411249343,1.2994962262369951,1.0401667520121185,1.050755660644507,0.6666666666666666,5707
drift,emq_decaying,33,0.7413333333333333,0.06000778090431985,0.37333333333333335,0.03685318094971211,1500,0.2008174871156922,0.02008174871156922,1.3655359441488195,1.0636543329433013,1.0483039162232293,0.6666666666666666,5627
drift,emq_decaying,34,0.7246666666666667,0.057204025773562414,0.3466666666666667,0.033927639341531084,1500,0.19176409003664283,0.028092828476705637,1.3371177549012412,1.0616020331148037,1.0459706029410782,0.6666666666666666,5731
drift,expanding,0,0.242,0.02168191016844153,0.132,0.01713570918928111,1500,0.3911637931034483,0.11853448275862069,0.8666666666666667,1.104670233506307,0.616608316725274,0.6666666666666666,928
drift,expanding,1,0.912,0.058752531725596496,0.4633333333333333,0.03844266571375613,1500,0.26786061903834923,0.15008759976640063,1.0,1.1105000953196877,0.7552346676170865,0.6666666666666666,5137
drift,expanding,2,0.902,0.060756984151196694,0.45266666666666666,0.03894286460380791,1500,0.24405506883604505,0.1113892365456821,1.0,1.0875058712161174,0.9333333333333336,0.6666666666666666,5593
drift,expanding,3,0.7393333333333333,0.056811299551207756,0.36933333333333335,0.03611458836150483,1500,0.20143240823634737,0.10635631154879141,1.0,1.078423734493694,1.0,0.6666666666666666,5585
drift,expanding,4,0.7013333333333334,0.05673784255444776,0.3393333333333333,0.03575538845879872,1500,0.19384783400072805,0.09992719330178376,1.0,1.0841003458040879,1.0,0.6666666666666666,5494
drift,expanding,5,0.7586666666666667,0.05866891602617698,0.36533333333333334,0.03607691136714587,1500,0.20527807297201559,0.09971661353170386,1.0,1.089184008713183,1.0,0.6666666666666666,5646
drift,expanding,6,0.708,0.05694683969468295,0.37066666666666664,0.03682943693460866,1500,0.19635369188696444,0.09279854147675479,1.0,1.0762703313930415,1.0,0.6666666666666666,5485
drift,expanding,7,0.6746666666666666,0.05684373963707574,0.3253333333333333,0.03451436932491985,1500,0.1833154314357322,0.10257787325456498,1.0,1.1460722552448945,1.0,0.6666666666666666,5586
drift,expanding,8,0.7346666666666667,0.05851962487719439,0.378,0.03771786723476235,1500,0.19830328738069988,0.09561682573347473,1.0,1.1300315406081376,1.0,0.6666666666666666,5658
drift,expanding,9,0.62,0.05356568953534464,0.314,0.03381092773942834,1500,0.16974303293521534,0.10314875135722042,1.2000000000000004,1.1244980365985788,1.0,0.6666666666666666,5526
drift,expanding,10,0.6606666666666666,0.057664988658857524,0.3426666666666667,0.0363616384183847,1500,0.1770486050184243,0.10001754693805931,1.1333333333333329,1.1196957787598347,1.0,0.6666666666666666,5699
drift,expanding,11,0.6533333333333333,0.057922977902218176,0.33066666666666666,0.036364457516702024,1500,0.17386028774484313,0.0968972092217022,1.1333333333333353,1.1024047583033343,1.0,0.6666666666666666,5769
drift,expanding,12,0.6786666666666666,0.05654056400615023,0.3433333333333333,0.035657393610189374,1500,0.17904761904761904,0.10303030303030303,1.3333333333333333,1.1112614557672678,1.0,0.6666666666666666,5775
drift,expanding,13,0.6573333333333333,0.05661231535553689,0.332,0.03552491865448885,1500,0.1760773966578716,0.0969217238346526,1.3333333333333333,1.0815071141555015,1.0,0.6666666666666666,5685
drift,expanding,14,0.618,0.05527226057972536,0.316,0.034140554912072636,1500,0.16719688936019794,0.10286320254506894,1.3333333333333333,1.0949122657699029,1.0,0.6666666666666666,5658
drift,expanding,15,0.6506666666666666,0.056417020596636086,0.31533333333333335,0.0331150561671862,1500,0.1763765541740675,0.10497335701598579,1.3333333333333333,1.1047777779503898,1.0,0.6666666666666666,5630
drift,expanding,16,0.656,0.05799317602115894,0.33666666666666667,0.03662181322739177,1500,0.17571829011913104,0.09477925718290119,1.3333333333333333,1.124331390470108,1.0,0.6666666666666666,5708
drift,expanding,17,0.6833333333333333,0.058668129745032785,0.3626666666666667,0.037445903312174546,1500,0.18266037406047894,0.10540115364446775,1.3333333333333333,1.1163268933087178,1.0,0.6666666666666666,5721
drift,expanding,18,0.6926666666666667,0.05931594772783608,0.346,0.035543237545294676,1500,0.19048470756573063,0.10194956179574316,1.3333333333333333,1.1158665334070494,1.0,0.6666666666666666,5591
drift,expanding,19,0.598,0.053839198852383474,0.30733333333333335,0.033917213702460494,1500,0.1621284926143442,0.09752625022245952,1.3333333333333333,1.0821729986931672,1.0,0.6666666666666666,5619
drift,expanding,20,0.6553333333333333,0.056837277148966234,0.332,0.03547679258092689,1500,0.1791501620453727,0.09884767734965791,1.3333333333333333,1.0932112656454227,1.0,0.6666666666666666,5554
drift,expanding,21,0.624,0.05643195858346915,0.28933333333333333,0.03240004369805549,1500,0.17049121548942273,0.09071351738974542,1.3333333333333333,1.116622004828204,1.0,0.6666666666666666,5578
drift,expanding,22,0.608,0.05407525606402653,0.2786666666666667,0.030585005415273613,1500,0.16553692472351053,0.09222261862290403,1.3333333333333333,1.1010723609552393,1.0,0.6666666666666666,5606
drift,expanding,23,0.6233333333333333,0.05570439584851693,0.3233333333333333,0.03512637683728034,1500,0.16847536025618218,0.09838107098381071,1.3333333333333333,1.068732368167599,1.0,0.6666666666666666,5621
drift,expanding,24,0.6233333333333333,0.05709783937622814,0.31466666666666665,0.03452030900681976,1500,0.16816816816816818,0.0985691573926868,1.3333333333333333,1.0645119532751832,1.0,0.6666666666666666,5661
drift,expanding,25,0.6106666666666667,0.05607803597016786,0.31266666666666665,0.03483763549958347,1500,0.16380217467555244,0.09400210452472817,1.3333333333333333,1.1032506694999398,1.0,0.6666666666666666,5702
drift,expanding,26,0.614,0.05618269323131095,0.32066666666666666,0.034798379564851656,1500,0.1648563419761738,0.09039943938332165,1.3333333333333333,1.0959922892589855,1.0,0.6666666666666666,5708
drift,expanding,27,0.64,0.05705917623890167,0.312,0.03398426125540149,1500,0.1697096157190054,0.09963484611371935,1.4000000000000008,1.117529402782542,1.0,0.6666666666666666,5751
drift,expanding,28,0.62,0.05584555977503147,0.31066666666666665,0.0352488797755584,1500,0.1669034090909091,0.09623579545454546,1.4666666666666686,1.0791045576206595,1.0,0.6666666666666666,5632
drift,expanding,29,0.5966666666666667,0.055285694896494465,0.30333333333333334,0.03400937210318887,1500,0.16241299303944315,0.09834017490630019,1.4000000000000008,1.087025561966855,1.0,0.6666666666666666,5603
drift,expanding,30,0.5553333333333333,0.052518968318474926,0.2946666666666667,0.03254021833189722,1500,0.15139654865682262,0.09695783668386408,1.3333333333333333,1.0577765334930258,1.0,0.6666666666666666,5621
drift,expanding,31,0.6366666666666667,0.05755680306040145,0.3253333333333333,0.035778269423260685,1500,0.1709808064800141,0.09473498855432294,1.3333333333333333,1.074713745422465,1.0,0.6666666666666666,5679
drift,expanding,32,0.654,0.05696666753819236,0.32666666666666666,0.035410978834042796,1500,0.17522340984755563,0.08901349220255826,1.3333333333333333,1.0401667520121185,1.0,0.6666666666666666,5707
drift,expanding,33,0.6646666666666666,0.059157430964393805,0.3406666666666667,0.03577067590337842,1500,0.18091345299449085,0.09098987026834904,1.3333333333333333,1.0636543329433013,1.0,0.6666666666666666,5627
drift,expanding,34,0.6253333333333333,0.05602938990102468,0.30933333333333335,0.03454484885740536,1500,0.16628860582795324,0.10015704065608097,1.3333333333333333,1.0616020331148037,1.0,0.6666666666666666,5731
drift,rolling,0,0.242,0.02168191016844153,0.128,0.016912915623173444,1500,0.3911637931034483,0.11853448275862069,0.8666666666666667,1.104670233506307,0.616608316725274,0.6666666666666666,928
drift,rolling,1,0.912,0.058752531725596496,0.4686666666666667,0.03854350849972901,1500,0.26786061903834923,0.15008759976640063,1.0,1.1105000953196877,0.7552346676170865,0.6666666666666666,5137
drift,rolling,2,0.902,0.060756984151196694,0.4513333333333333,0.03937497941721927,1500,0.24405506883604505,0.1113892365456821,1.0,1.0875058712161174,0.9333333333333336,0.6666666666666666,5593
drift,rolling,3,0.7393333333333333,0.056811299551207756,0.3473333333333333,0.03438547396253104,1500,0.20143240823634737,0.10635631154879141,1.0,1.078423734493694,1.0,0.6666666666666666,5585
drift,rolling,4,0.7013333333333334,0.05673784255444776,0.358,0.03538251702727259,1500,0.19384783400072805,0.09992719330178376,1.0,1.0841003458040879,1.0,0.6666666666666666,5494
drift,rolling,5,0.7586666666666667,0.05866891602617698,0.37533333333333335,0.036544848237823085,1500,0.20527807297201559,0.09971661353170386,1.0,1.089184008713183,1.0,0.6666666666666666,5646
drift,rolling,6,0.708,0.05694683969468295,0.362,0.0362808410017414,1500,0.19635369188696444,0.09279854147675479,1.0,1.0762703313930415,1.0,0.6666666666666666,5485
drift,rolling,7,0.6773333333333333,0.05652110055996236,0.344,0.0349877899449244,1500,0.18385248836376655,0.10239885427855352,1.0666666666666675,1.1460722552448945,1.0,0.6666666666666666,5586
drift,rolling,8,0.7373333333333333,0.05831653808828442,0.37933333333333336,0.03750175383895668,1500,0.19865676917638742,0.09597030752916225,1.0666666666666675,1.1300315406081376,1.0,0.6666666666666666,5658
drift,rolling,9,0.6386666666666667,0.05389570806558892,0.31933333333333336,0.03438547396253104,1500,0.17462902642055736,0.10133912414042708,1.0666666666666675,1.1244980365985788,1.0,0.6666666666666666,5526
drift,rolling,10,0.7066666666666667,0.05846903619532783,0.346,0.035734995026066654,1500,0.18880505351816107,0.09001579224425338,1.0,1.1196957787598347,1.0,0.6666666666666666,5699
drift,rolling,11,0.6986666666666667,0.05827679741604406,0.3413333333333333,0.03672091004430919,1500,0.18547408563009188,0.09620384815392616,1.0666666666666675,1.1024047583033343,1.0,0.6666666666666666,5769
drift,rolling,12,0.7026666666666667,0.05708595886120426,0.34,0.035378798730309274,1500,0.18528138528138527,0.10528138528138528,1.133333333333334,1.1112614557672678,1.0,0.6666666666666666,5775
drift,rolling,13,0.7033333333333334,0.05683992234920151,0.35533333333333333,0.03573932960419667,1500,0.18768689533861038,0.09868073878627968,1.2000000000000004,1.0815071141555015,1.0,0.6666666666666666,5685
drift,rolling,14,0.66,0.054907638137304836,0.316,0.033687151667999175,1500,0.1769176387416048,0.10516083421703783,1.133333333333334,1.0949122657699029,1.0,0.6666666666666666,5658
drift,rolling,15,0.7106666666666667,0.05775602388736897,0.3586666666666667,0.03662307283624043,1500,0.19129662522202487,0.11030195381882771,1.0,1.1047777779503898,1.0,0.6666666666666666,5630
drift,rolling,16,0.7066666666666667,0.05829344724875095,0.36666666666666664,0.03711649279641714,1500,0.1885073580939033,0.09880868955851436,1.0,1.124331390470108,1.0,0.6666666666666666,5708
drift,rolling,17,0.7573333333333333,0.05865481960960141,0.392,0.03621178633541788,1500,0.20188778185631884,0.0987589582240867,1.0,1.1163268933087178,1.0,0.6666666666666666,5721
drift,rolling,18,0.7213333333333334,0.05838985242900936,0.33666666666666667,0.034852933329608794,1500,0.19692362725809337,0.10123412627436952,1.0,1.1158665334070494,1.0,0.6666666666666666,5591
drift,rolling,19,0.6626666666666666,0.055568141401912526,0.3453333333333333,0.034807166925073595,1500,0.1790354155543691,0.0984160882719345,1.0,1.0821729986931672,1.0,0.6666666666666666,5619
drift,rolling,20,0.6906666666666667,0.056106058399812274,0.3406666666666667,0.03524136610898035,1500,0.18815268275117034,0.10100828231904933,1.0666666666666675,1.0932112656454227,1.0,0.6666666666666666,5554
drift,rolling,21,0.6786666666666666,0.05743993719940679,0.3393333333333333,0.03623007231043026,1500,0.18393689494442453,0.08981713875941198,1.133333333333334,1.116622004828204,1.0,0.6666666666666666,5578
drift,rolling,22,0.6493333333333333,0.053248172720992734,0.3293333333333333,0.03406774722379375,1500,0.1744559400642169,0.09561184445237246,1.2000000000000004,1.1010723609552393,1.0,0.6666666666666666,5606
drift,rolling,23,0.666,0.0556657777326863,0.32,0.03469119810774438,1500,0.17968333036826187,0.09820316669631739,1.2000000000000028,1.068732368167599,1.0,0.6666666666666666,5621
drift,rolling,24,0.6666666666666666,0.05696527791428003,0.3353333333333333,0.03589959489157628,1500,0.17841370782547253,0.0990990990990991,1.2000000000000004,1.0645119532751832,1.0,0.6666666666666666,5661
drift,rolling,25,0.708,0.057216220195093155,0.35,0.03476130749841456,1500,0.1887057172921782,0.09417748158540863,1.2000000000000004,1.1032506694999398,1.0,0.6666666666666666,5702
drift,rolling,26,0.672,0.05619968986118752,0.3426666666666667,0.035021305062590206,1500,0.17922214435879466,0.10581639803784162,1.0666666666666675,1.0959922892589855,1.0,0.6666666666666666,5708
drift,rolling,27,0.6973333333333334,0.05752126032469248,0.3586666666666667,0.03615354931661846,1500,0.18431577117023126,0.10693792383933229,1.0,1.117529402782542,1.0,0.6666666666666666,5751
drift,rolling,28,0.716,0.05752759647772829,0.35333333333333333,0.035139750055294336,1500,0.19264914772727273,0.10085227272727272,1.133333333333334,1.0791045576206595,1.0,0.6666666666666666,5632
drift,rolling,29,0.6773333333333333,0.05691270723680792,0.338,0.03540375694696155,1500,0.18400856683919328,0.1033374977690523,1.0,1.087025561966855,1.0,0.6666666666666666,5603
drift,rolling,30,0.6146666666666667,0.05292195050996012,0.3253333333333333,0.034116058114521994,1500,0.16651841309375556,0.10585305105853052,1.0,1.0577765334930258,1.0,0.6666666666666666,5621
drift,rolling,31,0.736,0.05926028252539802,0.36666666666666664,0.03757398532609888,1500,0.19721782003873922,0.09579151259024477,1.0,1.074713745422465,1.0,0.6666666666666666,5679
drift,rolling,32,0.702,0.0572115915982837,0.3406666666666667,0.03538650853024371,1500,0.18608726125810407,0.10338181181005783,1.0,1.0401667520121185,1.0,0.6666666666666666,5707
drift,rolling,33,0.7346666666666667,0.05892694600824585,0.35333333333333333,0.03494472634943355,1500,0.19815176826017417,0.10396303536520349,1.0,1.0636543329433013,1.0,0.6666666666666666,5627
drift,rolling,34,0.7126666666666667,0.05666193846093222,0.3606666666666667,0.03511898290968544,1500,0.18757633920781713,0.11062641772814517,1.0,1.0616020331148037,1.0,0.6666666666666666,5731
shift_down,emq_anchored,0,0.242,0.02168191016844153,0.122,0.016568470857355362,1500,0.3911637931034483,0.11530172413793104,0.8666666666666667,1.142374460701841,0.6091267372963316,0.6666666666666666,928
shift_down,emq_anchored,1,0.9153333333333333,0.05970250074280623,0.4866666666666667,0.039919801598108526,1500,0.2696126143663617,0.15203426124197003,1.0,1.1365717999508818,0.7577771521269608,0.6666666666666666,5137
shift_down,emq_anchored,2,0.87,0.059579358058008666,0.428,0.03763964832217766,1500,0.23565170749150724,0.11371357053459681,1.0,1.139106658855358,0.9200000000000003,0.6666666666666666,5593
shift_down,emq_anchored,3,0.73,0.054955069848227574,0.37266666666666665,0.03581268272739597,1500,0.19713518352730527,0.11638316920322292,1.0,1.1148644381551647,0.9666666666666671,0.6666666666666666,5585
shift_down,emq_anchored,4,0.68,0.05567704070717066,0.334,0.03482063002821008,1500,0.1880232981434292,0.11539861667273389,1.0,1.115974550127919,0.9889992648718362,0.6666666666666666,5494
shift_down,emq_anchored,5,0.7246666666666667,0.05581323337808977,0.3606666666666667,0.03545789327718672,1500,0.19482819695359546,0.10379029401346086,1.0,1.141773000416378,1.0,0.6666666666666666,5646
shift_down,emq_anchored,6,0.66,0.054969835300581846,0.3413333333333333,0.03534588039251481,1500,0.18176845943482225,0.10337283500455789,1.0,1.093397543185608,1.0,0.6666666666666666,5485
shift_down,emq_anchored,7,0.6506666666666666,0.05611336629736137,0.31466666666666665,0.03397152284736396,1500,0.17687074829931973,0.07357679914070892,1.0746651519994148,1.1246827451702615,1.0,0.6666666666666666,5586
shift_down,emq_anchored,8,0.7473333333333333,0.057322654249504945,0.36866666666666664,0.036250061542789855,1500,0.20113114174620006,0.05567338282078473,1.1400000000000003,1.1267003079373015,1.0,0.6666666666666666,5658
shift_down,emq_anchored,9,0.7266666666666667,0.05603695171053094,0.3606666666666667,0.03507029978532884,1500,0.1992399565689468,0.05157437567861021,1.2333333333333334,1.1365717999508818,1.0,0.6666666666666666,5526
shift_down,emq_anchored,10,0.716,0.05814793256549277,0.366,0.036740182707693594,1500,0.19161256360765047,0.04439375329005089,1.2315625916933937,1.141773000416378,1.0,0.6666666666666666,5699
shift_down,emq_anchored,11,0.716,0.05574781946772291,0.35133333333333333,0.034430361862495124,1500,0.18824752990119606,0.04662853180793899,1.2333333333333334,1.142342263524141,1.0,0.6666666666666666,5769
shift_down,emq_anchored,12,0.732,0.05697923259816769,0.362,0.035083808008041534,1500,0.19186147186147187,0.04155844155844156,1.2333333333333334,1.139106658855358,1.0,0.6666666666666666,5775
shift_down,emq_anchored,13,0.726,0.057040998007400166,0.37533333333333335,0.03635736236876593,1500,0.19454705364995603,0.043799472295514515,1.2333333333333334,1.1292683147108535,1.0,0.6666666666666666,5685
shift_down,emq_anchored,14,0.24666666666666667,0.03198352626144006,0.13133333333333333,0.021522676435536094,1500,0.06539413220219159,0.0303994344291269,1.2333333333333334,0.6666666666666666,2.1500000000000004,0.3333333333333333,5658
shift_down,emq_anchored,15,0.146,0.025380213767389023,0.07466666666666667,0.015665465059261446,1500,0.03925399644760213,0.02433392539964476,1.1835393770320208,0.6666666666666666,2.049149552575395,0.3333333333333333,5630
shift_down,emq_anchored,16,0.13,0.024925932887438634,0.059333333333333335,0.014060882753528132,1500,0.03416257883672039,0.019271198318149965,1.0933333333333337,0.6666666666666666,2.0,0.3333333333333333,5708
shift_down,emq_anchored,17,0.17266666666666666,0.0279817428877862,0.09266666666666666,0.017542431559454928,1500,0.04527180562838665,0.022898094738682047,1.057511790843272,0.6666666666666666,2.0,0.3333333333333333,5721
shift_down,emq_anchored,18,0.15133333333333332,0.025834618781134078,0.072,0.01705375506701388,1500,0.040600965837953855,0.025755678769450903,1.0166666666666666,0.6666666666666666,1.9337823065947044,0.3333333333333333,5591
shift_down,emq_anchored,19,0.178,0.02862148456797455,0.084,0.01731187976662373,1500,0.047695319451859765,0.01779676098949991,1.0,0.6666666666666666,1.868908144571102,0.3333333333333333,5619
shift_down,emq_anchored,20,0.18866666666666668,0.02921622009933426,0.09466666666666666,0.018418429291695775,1500,0.05095426719481455,0.024306805905653584,1.0,0.6666666666666666,1.8493307420704526,0.3333333333333333,5554
shift_down,emq_anchored,21,0.19533333333333333,0.031035559509586513,0.09866666666666667,0.01953658349382569,1500,0.05288633918967372,0.02456077447113661,1.0,0.6666666666666666,1.8033625276881837,0.3333333333333333,5578
shift_down,emq_anchored,22,0.18333333333333332,0.02912766660964961,0.09,0.01777130632343,1500,0.04958972529432751,0.022475918658580094,1.0,0.6666666666666666,1.7450000000000003,0.3333333333333333,5606
shift_down,emq_anchored,23,0.20933333333333334,0.030661774157011247,0.10133333333333333,0.018968634102443982,1500,0.05586194627290518,0.022949653086639387,1.0,0.6666666666666666,1.7,0.3333333333333333,5621
shift_down,emq_anchored,24,0.22533333333333333,0.031366028625185546,0.104,0.018841146046488757,1500,0.059706765589118534,0.025790496378731674,1.0,0.6666666666666666,1.676554413417949,0.3333333333333333,5661
shift_down,emq_anchored,25,0.24733333333333332,0.03421612054957285,0.124,0.02198638001591294,1500,0.06541564363381269,0.019642230796211857,1.0,0.6666666666666666,1.6588997155312435,0.3333333333333333,5702
shift_down,emq_anchored,26,0.25933333333333336,0.03408805215179319,0.12333333333333334,0.01939553870485353,1500,0.06850035038542397,0.019096005606166783,0.9933333333333334,0.6666666666666666,1.6374823898792767,0.3333333333333333,5708
shift_down,emq_anchored,27,0.258,0.035101334966539055,0.12,0.02035053978759362,1500,0.06781429316640585,0.02677795166058077,0.9571967911277196,0.6666666666666666,1.6190382596236257,0.3333333333333333,5751
shift_down,emq_anchored,28,0.24333333333333335,0.03276067416204075,0.12266666666666666,0.02080837021050861,1500,0.06480823863636363,0.020419034090909092,0.9466666666666669,0.6666666666666666,1.5950000000000002,0.3333333333333333,5632
shift_down,emq_anchored,29,0.2806666666666667,0.03519091033642253,0.134,0.021717812870174314,1500,0.07513831875780831,0.017847581652686063,0.9466666666666669,0.6666666666666666,1.5833333333333333,0.3333333333333333,5603
shift_down,emq_anchored,30,0.23333333333333334,0.03312759097965525,0.12333333333333334,0.02180093794798187,1500,0.06280021348514499,0.020992705924212773,0.9083333333333334,0.6666666666666666,1.5779082010650336,0.3333333333333333,5621
shift_down,emq_anchored,31,0.29133333333333333,0.0366848338344246,0.15466666666666667,0.024457746055382017,1500,0.07730234196161297,0.01901743264659271,0.8833333333333333,0.6666666666666666,1.5433333333333334,0.3333333333333333,5679
shift_down,emq_anchored,32,0.2773333333333333,0.036143907554929126,0.13333333333333333,0.021530851246695022,1500,0.07359383213597337,0.024356053968810232,0.8833333333333333,0.6666666666666666,1.525,0.3333333333333333,5707
shift_down,emq_anchored,33,0.2733333333333333,0.034974049233446776,0.14133333333333334,0.022565499944383574,1500,0.07286298205082638,0.01599431313310823,0.8833333333333333,0.6666666666666666,1.525,0.3333333333333333,5627
shift_down,emq_anchored,34,0.32466666666666666,0.04017904768266035,0.15866666666666668,0.025082656683965886,1500,0.0856744023730588,0.01570406560809632,0.8833333333333333,0.6666666666666666,1.525,0.3333333333333333,5731
shift_down,emq_decaying,0,0.242,0.02168191016844153,0.11333333333333333,0.016047754692089338,1500,0.3911637931034483,0.11530172413793104,0.8666666666666667,1.142374460701841,0.6091267372963316,0.6666666666666666,928
shift_down,emq_decaying,1,0.9153333333333333,0.05970250074280623,0.45866666666666667,0.03922259937097181,1500,0.2696126143663617,0.15203426124197003,1.0,1.1365717999508818,0.7577771521269608,0.6666666666666666,5137
shift_down,emq_decaying,2,0.87,0.059579358058008666,0.43066666666666664,0.03747053339621432,1500,0.23565170749150724,0.11371357053459681,1.0,1.139106658855358,0.9200000000000003,0.6666666666666666,5593
shift_down,emq_decaying,3,0.73,0.054955069848227574,0.358,0.03405381923633283,1500,0.19713518352730527,0.11638316920322292,1.0,1.1148644381551647,0.9666666666666671,0.6666666666666666,5585
shift_down,emq_decaying,4,0.68,0.05567704070717066,0.34933333333333333,0.03533891916692896,1500,0.1880232981434292,0.11539861667273389,1.0,1.115974550127919,0.9889992648718362,0.6666666666666666,5494
shift_down,emq_decaying,5,0.7246666666666667,0.05581323337808977,0.348,0.033741071577970204,1500,0.19482819695359546,0.10379029401346086,1.0,1.141773000416378,1.0,0.6666666666666666,5646
shift_down,emq_decaying,6,0.66,0.054969835300581846,0.32866666666666666,0.034008970207645775,1500,0.18176845943482225,0.10337283500455789,1.0,1.093397543185608,1.0,0.6666666666666666,5485
shift_down,emq_decaying,7,0.6506666666666666,0.05611336629736137,0.31933333333333336,0.03448470511377155,1500,0.17687074829931973,0.07357679914070892,1.0746651519994148,1.1246827451702615,1.0,0.6666666666666666,5586
shift_down,emq_decaying,8,0.7466666666666667,0.0572703817897712,0.35533333333333333,0.03506367365901977,1500,0.20077765995051255,0.060268646164722516,1.1396515497472894,1.1267003079373015,1.0,0.6666666666666666,5658
shift_down,emq_decaying,9,0.7353333333333333,0.05646209503727979,0.368,0.0362438553748764,1500,0.20159247195077815,0.05157437567861021,1.2113355216615782,1.1365717999508818,1.0,0.6666666666666666,5526
shift_down,emq_decaying,10,0.7146666666666667,0.05801351994330538,0.35933333333333334,0.03704705882933933,1500,0.19126162484646428,0.02456571328303211,1.2011269916242948,1.141773000416378,1.0,0.6666666666666666,5699
shift_down,emq_decaying,11,0.7273333333333334,0.05603003025508895,0.36333333333333334,0.03519440575892342,1500,0.19084763390535622,0.04662853180793899,1.1914115830684489,1.142342263524141,1.0,0.6666666666666666,5769
shift_down,emq_decaying,12,0.726,0.05649928184744737,0.368,0.036149453457543106,1500,0.18978354978354978,0.04155844155844156,1.1821654758363325,1.139106658855358,1.0,0.6666666666666666,5775
shift_down,emq_decaying,13,0.7233333333333334,0.056647221977467126,0.36866666666666664,0.03610839045322056,1500,0.1938434476693052,0.04643799472295514,1.1733660003993107,1.1292683147108535,1.0,0.6666666666666666,5685
shift_down,emq_decaying,14,0.242,0.03161875128991023,0.11666666666666667,0.019675401624894014,1500,0.06415694591728525,0.0303994344291269,1.1699561176375992,0.6666666666666666,2.158456431682771,0.3333333333333333,5658
shift_down,emq_decaying,15,0.14333333333333334,0.024944204522558192,0.07666666666666666,0.016439552327703603,1500,0.03854351687388988,0.02486678507992895,1.1413195202263977,0.6666666666666666,2.018918143535547,0.3333333333333333,5630
shift_down,emq_decaying,16,0.12933333333333333,0.024624551865207633,0.056,0.013284688563661887,1500,0.03398738612473721,0.019446391030133146,1.072780511319224,0.6666666666666666,2.0,0.3333333333333333,5708
shift_down,emq_decaying,17,0.22733333333333333,0.03397157313994378,0.10466666666666667,0.018876991037524785,1500,0.059954553399755285,0.009438909281594127,1.0284436519314382,0.6666666666666666,1.951745912035517,0.3333333333333333,5721
shift_down,emq_decaying,18,0.16066666666666668,0.02654027435324537,0.07933333333333334,0.01587789653478329,1500,0.04310499016276158,0.025755678769450903,1.0,0.6666666666666666,1.8652954943440925,0.3333333333333333,5591
shift_down,emq_decaying,19,0.188,0.029080723413830965,0.09866666666666667,0.018732986745571424,1500,0.05036483360028475,0.01779676098949991,1.0,0.6666666666666666,1.7898234973393756,0.3333333333333333,5619
shift_down,emq_decaying,20,0.198,0.030210584528725475,0.09933333333333333,0.01876952377857544,1500,0.053474972992437884,0.024306805905653584,1.0,0.6666666666666666,1.720658894117176,0.3333333333333333,5554
shift_down,emq_decaying,21,0.20933333333333334,0.03223722023090465,0.11266666666666666,0.020499406098811086,1500,0.05665112943707422,0.02456077447113661,1.0,0.6666666666666666,1.675,0.3333333333333333,5578
shift_down,emq_decaying,22,0.20333333333333334,0.03023289610373709,0.10066666666666667,0.019201478694325213,1500,0.054941134498751334,0.022832679272208348,0.9888968898815428,0.6666666666666666,1.610911086294764,0.3333333333333333,5606
shift_down,emq_decaying,23,0.236,0.032347973020046716,0.114,0.019801890166583753,1500,0.06297811777263831,0.022949653086639387,0.91326993732969,0.6666666666666666,1.5749877512667987,0.3333333333333333,5621
shift_down,emq_decaying,24,0.25733333333333336,0.033597092849797255,0.122,0.020445773079650224,1500,0.06836248012718601,0.025790496378731674,0.8677936582909614,0.6666666666666666,1.5168795014855458,0.3333333333333333,5661
shift_down,emq_decaying,25,0.28,0.03575827127904069,0.13866666666666666,0.021364521742753058,1500,0.07400911960715538,0.019642230796211857,0.8580782497351154,0.6666666666666666,1.495611422882761,0.3333333333333333,5702
shift_down,emq_decaying,26,0.30733333333333335,0.0363487147535565,0.152,0.02291511256767739,1500,0.08111422564821304,0.019446391030133146,0.8032907735439159,0.6666666666666666,1.4332656488185018,0.3333333333333333,5708
shift_down,emq_decaying,27,0.318,0.037777612326112424,0.16533333333333333,0.024278256447900576,1500,0.08381151104155798,0.02677795166058077,0.7966911669661496,0.6666666666666666,1.390073500898449,0.3333333333333333,5751
shift_down,emq_decaying,28,0.31066666666666665,0.0364404907332529,0.17,0.023515132548005722,1500,0.08274147727272728,0.020419034090909092,0.7904103533743125,0.6666666666666666,1.340295138446026,0.3333333333333333,5632
shift_down,emq_decaying,29,0.39866666666666667,0.0431857889912335,0.21733333333333332,0.027763216858512893,1500,0.10815634481527753,0.003926467963590933,0.7844329335219977,0.6666666666666666,1.3130901962722308,0.3333333333333333,5603
shift_down,emq_decaying,30,0.306,0.037714968097430114,0.168,0.0245813116341345,1500,0.0821917808219178,0.020992705924212773,0.7638005739737906,0.6666666666666666,1.2764580438741224,0.3333333333333333,5621
shift_down,emq_decaying,31,0.352,0.039907188246455644,0.17266666666666666,0.0248101448951648,1500,0.09332628983976052,0.01901743264659271,0.7448867094781205,0.6666666666666666,1.244528042809008,0.3333333333333333,5679
shift_down,emq_decaying,32,0.35533333333333333,0.039981256069361405,0.17066666666666666,0.024742221235062953,1500,0.09409497108813737,0.024356053968810232,0.7343408808593428,0.6666666666666666,1.2227252670988078,0.3333333333333333,5707
shift_down,emq_decaying,33,0.37466666666666665,0.04052939458643509,0.18133333333333335,0.02440739801645061,1500,0.09987559978674249,0.01599431313310823,0.731071888297639,0.6666666666666666,1.193215664892917,0.3333333333333333,5627
shift_down,emq_decaying,34,0.426,0.044148069421237605,0.22333333333333333,0.028702235459310877,1500,0.11254580352469028,0.01570406560809632,0.7279608039214377,0.6666666666666666,1.1838824117643134,0.3333333333333333,5731
shift_down,expanding,0,0.242,0.02168191016844153,0.11733333333333333,0.016291621900699844,1500,0.3911637931034483,0.11530172413793104,0.8666666666666667,1.142374460701841,0.6091267372963316,0.6666666666666666,928
shift_down,expanding,1,0.9153333333333333,0.05970250074280623,0.456,0.03784046890260422,1500,0.2696126143663617,0.15203426124197003,1.0,1.1365717999508818,0.7577771521269608,0.6666666666666666,5137
shift_down,expanding,2,0.87,0.059579358058008666,0.45,0.038625927638937345,1500,0.23565170749150724,0.11371357053459681,1.0,1.139106658855358,0.9200000000000003,0.6666666666666666,5593
shift_down,expanding,3,0.73,0.054955069848227574,0.36666666666666664,0.034590912937874606,1500,0.19713518352730527,0.11638316920322292,1.0,1.1148644381551647,0.9666666666666671,0.6666666666666666,5585
shift_down,expanding,4,0.68,0.05567704070717066,0.3233333333333333,0.03302040186674156,1500,0.1880232981434292,0.11539861667273389,1.0,1.115974550127919,0.9889992648718362,0.6666666666666666,5494
shift_down,expanding,5,0.7246666666666667,0.05581323337808977,0.37066666666666664,0.035265355759559115,1500,0.19482819695359546,0.10379029401346086,1.0,1.141773000416378,1.0,0.6666666666666666,5646
shift_down,expanding,6,0.66,0.054969835300581846,0.31466666666666665,0.03269003709267475,1500,0.18176845943482225,0.10337283500455789,1.0,1.093397543185608,1.0,0.6666666666666666,5485
shift_down,expanding,7,0.602,0.05346982086712443,0.318,0.033967415368655496,1500,0.16308628714643753,0.11242391693519513,1.0,1.1246827451702615,1.0,0.6666666666666666,5586
shift_down,expanding,8,0.6693333333333333,0.054051322693902164,0.346,0.03471645379897335,1500,0.17903852951572993,0.10975609756097561,1.0,1.1267003079373015,1.0,0.6666666666666666,5658
shift_down,expanding,9,0.6413333333333333,0.052431548690461176,0.30133333333333334,0.03238337612148054,1500,0.17517191458559536,0.10477741585233442,1.133333333333334,1.1365717999508818,1.0,0.6666666666666666,5526
shift_down,expanding,10,0.6093333333333333,0.053973508153154263,0.32133333333333336,0.033302069935842,1500,0.16178276890682575,0.10879101596771364,1.0,1.141773000416378,1.0,0.6666666666666666,5699
shift_down,expanding,11,0.6073333333333333,0.051654851666224924,0.31266666666666665,0.03255601843276446,1500,0.1592997053215462,0.11475125671693534,1.0,1.142342263524141,1.0,0.6666666666666666,5769
shift_down,expanding,12,0.6233333333333333,0.05316201648766778,0.292,0.03126418540498274,1500,0.1625974025974026,0.11341991341991342,1.0,1.139106658855358,1.0,0.6666666666666666,5775
shift_down,expanding,13,0.6086666666666667,0.05337216878709098,0.30133333333333334,0.03331950860124157,1500,0.16200527704485487,0.11310466138962182,1.0,1.1292683147108535,1.0,0.6666666666666666,5685
shift_down,expanding,14,0.188,0.02788095770795759,0.088,0.017652368850655197,1500,0.04984093319194061,0.06557087310003534,1.0,0.6666666666666666,2.0,0.3333333333333333,5658
shift_down,expanding,15,0.094,0.019898289669635933,0.04733333333333333,0.013047431695234906,1500,0.025044404973357016,0.06021314387211368,1.0,0.6666666666666666,2.0,0.3333333333333333,5630
shift_down,expanding,16,0.08466666666666667,0.019660807904554378,0.043333333333333335,0.01295175175013324,1500,0.02224947442186405,0.049754730203223546,1.0,0.6666666666666666,2.0,0.3333333333333333,5708
shift_down,expanding,17,0.10666666666666667,0.0212754094662805,0.051333333333333335,0.012743232115396326,1500,0.027967138612130748,0.06292606187729417,1.0,0.6666666666666666,2.0,0.3333333333333333,5721
shift_down,expanding,18,0.104,0.020491764744062314,0.051333333333333335,0.012876606630817343,1500,0.027901985333571813,0.06510463244500089,1.0,0.6666666666666666,2.0,0.3333333333333333,5591
shift_down,expanding,19,0.10666666666666667,0.020951728178031866,0.04733333333333333,0.011954045558650582,1500,0.028652785193094856,0.06389037195230468,1.0,0.6666666666666666,2.0,0.3333333333333333,5619
shift_down,expanding,20,0.11866666666666667,0.02377623769837784,0.04933333333333333,0.013223674010649625,1500,0.03204897371263954,0.0655383507382067,1.0,0.6666666666666666,2.0,0.3333333333333333,5554
shift_down,expanding,21,0.12466666666666666,0.024651526943054048,0.058,0.014195999060517633,1500,0.03370383650053783,0.06920043026174257,1.0,0.6666666666666666,1.933333333333335,0.3333333333333333,5578
shift_down,expanding,22,0.12333333333333334,0.024529801014186135,0.06466666666666666,0.015724791853087245,1500,0.033535497681056015,0.06831965750981092,1.0,0.6666666666666666,1.8381824672352698,0.3333333333333333,5606
shift_down,expanding,23,0.13,0.02380398271428631,0.06866666666666667,0.015239230002857075,1500,0.03469133606119908,0.07578722647215798,1.0,0.6666666666666666,1.7716127022975616,0.3333333333333333,5621
shift_down,expanding,24,0.138,0.024538529010598876,0.066,0.014464965159932185,1500,0.03656597774244833,0.07966790319731497,1.0,0.6666666666666666,1.7016150251826145,0.3333333333333333,5661
shift_down,expanding,25,0.15866666666666668,0.02798046063475433,0.08266666666666667,0.017129991812446316,1500,0.04209049456331112,0.08067344791301298,1.0,0.6666666666666666,1.6666666666666667,0.3333333333333333,5702
shift_down,expanding,26,0.166,0.027094124356578982,0.08866666666666667,0.01700275183071596,1500,0.04379817799579538,0.07743517869656623,1.0,0.6666666666666666,1.62959548580816,0.3333333333333333,5708
shift_down,expanding,27,0.16866666666666666,0.027860830509662888,0.08866666666666667,0.018262393225701442,1500,0.04399234915666841,0.09007129194922622,1.0,0.6666666666666666,1.5682165959486465,0.3333333333333333,5751
shift_down,expanding,28,0.14733333333333334,0.025293000760109374,0.07266666666666667,0.015635006976483755,1500,0.039240056818181816,0.08931107954545454,1.0,0.6666666666666666,1.5142860018767028,0.3333333333333333,5632
shift_down,expanding,29,0.182,0.028135027058189294,0.09333333333333334,0.018061362229192083,1500,0.048723897911832945,0.0933428520435481,1.0,0.6666666666666666,1.5,0.3333333333333333,5603
shift_down,expanding,30,0.146,0.02571459544243439,0.07333333333333333,0.016111506782552645,1500,0.03896103896103896,0.09446717665895749,1.0,0.6666666666666666,1.5,0.3333333333333333,5621
shift_down,expanding,31,0.17866666666666667,0.029752515232440192,0.07666666666666666,0.016335294523128874,1500,0.04736749427716147,0.09508716323296355,1.0,0.6666666666666666,1.5,0.3333333333333333,5679
shift_down,expanding,32,0.20266666666666666,0.03083181015127173,0.10333333333333333,0.019518472498138487,1500,0.05379358682319958,0.09409497108813737,1.0,0.6666666666666666,1.5,0.3333333333333333,5707
shift_down,expanding,33,0.17333333333333334,0.027818055364894536,0.09333333333333334,0.018435860161268577,1500,0.04620579349564599,0.09543273502754576,1.0,0.6666666666666666,1.5,0.3333333333333333,5627
shift_down,expanding,34,0.22866666666666666,0.033339244312907246,0.116,0.021310821166181333,1500,0.06002442854650148,0.10190193683475833,1.0,0.6666666666666666,1.5,0.3333333333333333,5731
shift_down,rolling,0,0.242,0.02168191016844153,0.12,0.016450807255965136,1500,0.3911637931034483,0.11530172413793104,0.8666666666666667,1.142374460701841,0.6091267372963316,0.6666666666666666,928
shift_down,rolling,1,0.9153333333333333,0.05970250074280623,0.4633333333333333,0.03786049538326684,1500,0.2696126143663617,0.15203426124197003,1.0,1.1365717999508818,0.7577771521269608,0.6666666666666666,5137
shift_down,rolling,2,0.87,0.059579358058008666,0.41733333333333333,0.03680252091155049,1500,0.23565170749150724,0.11371357053459681,1.0,1.139106658855358,0.9200000000000003,0.6666666666666666,5593
shift_down,rolling,3,0.73,0.054955069848227574,0.36466666666666664,0.03520760755656285,1500,0.19713518352730527,0.11638316920322292,1.0,1.1148644381551647,0.9666666666666671,0.6666666666666666,5585
shift_down,rolling,4,0.68,0.05567704070717066,0.3313333333333333,0.034934799868046665,1500,0.1880232981434292,0.11539861667273389,1.0,1.115974550127919,0.9889992648718362,0.6666666666666666,5494
shift_down,rolling,5,0.7246666666666667,0.05581323337808977,0.374,0.03558551284933004,1500,0.19482819695359546,0.10379029401346086,1.0,1.141773000416378,1.0,0.6666666666666666,5646
shift_down,rolling,6,0.66,0.054969835300581846,0.3333333333333333,0.034615600163287526,1500,0.18176845943482225,0.10337283500455789,1.0,1.093397543185608,1.0,0.6666666666666666,5485
shift_down,rolling,7,0.61,0.05371618544770935,0.2926666666666667,0.03282153053668337,1500,0.16523451485857502,0.11117078410311493,1.0,1.1246827451702615,1.0,0.6666666666666666,5586
shift_down,rolling,8,0.6826666666666666,0.05406649296077707,0.3293333333333333,0.03299778319474732,1500,0.18292682926829268,0.10498409331919406,1.0,1.1267003079373015,1.0,0.6666666666666666,5658
shift_down,rolling,9,0.6493333333333333,0.0524724603220975,0.30933333333333335,0.03213636576244675,1500,0.17716250452406804,0.11093014838943177,1.0666666666666675,1.1365717999508818,1.0,0.6666666666666666,5526
shift_down,rolling,10,0.656,0.05478141022061586,0.348,0.03464053284279334,1500,0.17476750307071415,0.10300052640814178,1.0,1.141773000416378,1.0,0.6666666666666666,5699
shift_down,rolling,11,0.6446666666666667,0.05279799732951303,0.32466666666666666,0.033602635382033556,1500,0.1690067602704108,0.11301785404749523,1.0,1.142342263524141,1.0,0.6666666666666666,5769
shift_down,rolling,12,0.6626666666666666,0.05426143131718357,0.336,0.035234982273389795,1500,0.17333333333333334,0.10476190476190476,1.0,1.139106658855358,1.0,0.6666666666666666,5775
shift_down,rolling,13,0.652,0.053421070443749205,0.3293333333333333,0.03351155071832632,1500,0.1741424802110818,0.11873350923482849,1.0,1.1292683147108535,1.0,0.6666666666666666,5685
shift_down,rolling,14,0.232,0.03040984431504521,0.10266666666666667,0.018401353303353962,1500,0.061682573347472604,0.07864969954047367,1.0,0.6666666666666666,2.0,0.3333333333333333,5658
shift_down,rolling,15,0.13,0.023222689862255716,0.05,0.01289004490788817,1500,0.034813499111900535,0.0719360568383659,1.0,0.6666666666666666,2.0,0.3333333333333333,5630
shift_down,rolling,16,0.14466666666666667,0.024717971859740902,0.07933333333333334,0.017220018434441764,1500,0.03801681850035039,0.07936229852838123,1.0,0.6666666666666666,1.820401388805519,0.3333333333333333,5708
shift_down,rolling,17,0.21866666666666668,0.03159505710415585,0.10466666666666667,0.019412444258733518,1500,0.057507428771193844,0.08617374584862786,1.0,0.6666666666666666,1.585057462088111,0.3333333333333333,5721
shift_down,rolling,18,0.26466666666666666,0.034233293224779186,0.142,0.02266811104503441,1500,0.0711858343766768,0.1087461992487927,0.9333333333333336,0.6666666666666666,1.5,0.3333333333333333,5591
shift_down,rolling,19,0.32666666666666666,0.038729366630462315,0.17066666666666666,0.024811177828203586,1500,0.08809396689802455,0.12956042000355936,0.6666666666666666,0.6666666666666666,1.2640573038748038,0.3333333333333333,5619
shift_down,rolling,20,0.43866666666666665,0.04473570911345461,0.21466666666666667,0.027816335620353648,1500,0.11865322290241267,0.17482895210658986,0.6666666666666666,0.6666666666666666,1.0,0.3333333333333333,5554
shift_down,rolling,21,0.5413333333333333,0.04998598540408238,0.29333333333333333,0.032201797927845326,1500,0.1466475439225529,0.19343850842595914,0.6666666666666666,0.6666666666666666,1.0,0.3333333333333333,5578
shift_down,rolling,22,0.552,0.048748858207322956,0.27266666666666667,0.03030334081788064,1500,0.14894755618979666,0.19925080271138065,0.6666666666666666,0.6666666666666666,1.0,0.3333333333333333,5606
shift_down,rolling,23,0.566,0.04971228666712984,0.2773333333333333,0.03127853624863129,1500,0.1517523572318093,0.1983632805550614,0.6666666666666666,0.6666666666666666,1.0,0.3333333333333333,5621
shift_down,rolling,24,0.5646666666666667,0.048604658866906014,0.2846666666666667,0.03140984660494541,1500,0.151033386327504,0.20102455396573043,0.6666666666666666,0.6666666666666666,1.0,0.3333333333333333,5661
shift_down,rolling,25,0.5486666666666666,0.04938438755690975,0.288,0.03243047330862702,1500,0.14556296036478428,0.20080673447913014,0.6666666666666666,0.6666666666666666,1.0,0.3333333333333333,5702
shift_down,rolling,26,0.6033333333333334,0.05187374545325026,0.29533333333333334,0.03170005936467571,1500,0.15942536790469516,0.1979677645409951,0.6666666666666666,0.6666666666666666,1.0,0.3333333333333333,5708
shift_down,rolling,27,0.598,0.05206459916564942,0.302,0.0333296769424463,1500,0.1571900539036689,0.1984002782124848,0.6666666666666666,0.6666666666666666,1.0,0.3333333333333333,5751
shift_down,rolling,28,0.5793333333333334,0.04990255095604372,0.302,0.0328130618703654,1500,0.15482954545454544,0.18572443181818182,0.6666666666666666,0.6666666666666666,1.0,0.3333333333333333,5632
shift_down,rolling,29,0.594,0.05051821571925731,0.308,0.032904314659900055,1500,0.16009280742459397,0.1866857040870962,0.6666666666666666,0.6666666666666666,1.0,0.3333333333333333,5603
shift_down,rolling,30,0.5326666666666666,0.04833450856507145,0.274,0.03088708234401624,1500,0.1430350471446362,0.1903575876178616,0.6666666666666666,0.6666666666666666,1.0,0.3333333333333333,5621
shift_down,rolling,31,0.568,0.05059118001146238,0.27266666666666667,0.03019036928506754,1500,0.15161119915478077,0.18541996830427893,0.6666666666666666,0.6666666666666666,1.0,0.3333333333333333,5679
shift_down,rolling,32,0.5693333333333334,0.048057827366113186,0.282,0.030422482867450588,1500,0.15069213246889784,0.19817767653758542,0.6666666666666666,0.6666666666666666,1.0,0.3333333333333333,5707
shift_down,rolling,33,0.5886666666666667,0.05091339903550977,0.304,0.032266532611912944,1500,0.15727741247556423,0.20117291629642794,0.6666666666666666,0.6666666666666666,1.0,0.3333333333333333,5627
shift_down,rolling,34,0.598,0.051636237757668894,0.286,0.03126970433868072,1500,0.15773861455243413,0.19298551736171699,0.6666666666666666,0.6666666666666666,1.0,0.3333333333333333,5731
shift_up,emq_anchored,0,0.242,0.02168191016844153,0.12066666666666667,0.016490190815188894,1500,0.3911637931034483,0.11530172413793104,0.8666666666666667,1.142374460701841,0.6091267372963316,0.6666666666666666,928
shift_up,emq_anchored,1,0.9153333333333333,0.05970250074280623,0.4493333333333333,0.038490767653354366,1500,0.2696126143663617,0.15203426124197003,1.0,1.1365717999508818,0.7577771521269608,0.6666666666666666,5137
shift_up,emq_anchored,2,0.87,0.059579358058008666,0.43666666666666665,0.03830910396297176,1500,0.23565170749150724,0.11371357053459681,1.0,1.139106658855358,0.9200000000000003,0.6666666666666666,5593
shift_up,emq_anchored,3,0.73,0.054955069848227574,0.3546666666666667,0.03315295559427068,1500,0.19713518352730527,0.11638316920322292,1.0,1.1148644381551647,0.9666666666666671,0.6666666666666666,5585
shift_up,emq_anchored,4,0.68,0.05567704070717066,0.33066666666666666,0.03423484033926008,1500,0.1880232981434292,0.11539861667273389,1.0,1.115974550127919,0.9889992648718362,0.6666666666666666,5494
shift_up,emq_anchored,5,0.7246666666666667,0.05581323337808977,0.35533333333333333,0.03462236139064996,1500,0.19482819695359546,0.10379029401346086,1.0,1.141773000416378,1.0,0.6666666666666666,5646
shift_up,emq_anchored,6,0.66,0.054969835300581846,0.338,0.03447466269564726,1500,0.18176845943482225,0.10337283500455789,1.0,1.093397543185608,1.0,0.6666666666666666,5485
shift_up,emq_anchored,7,0.6506666666666666,0.05611336629736137,0.3433333333333333,0.035800849428551225,1500,0.17687074829931973,0.07357679914070892,1.0746651519994148,1.1246827451702615,1.0,0.6666666666666666,5586
shift_up,emq_anchored,8,0.7473333333333333,0.057322654249504945,0.368,0.03533685631821372,1500,0.20113114174620006,0.05567338282078473,1.1400000000000003,1.1267003079373015,1.0,0.6666666666666666,5658
shift_up,emq_anchored,9,0.7266666666666667,0.05603695171053094,0.366,0.03522067504890559,1500,0.1992399565689468,0.05157437567861021,1.2333333333333334,1.1365717999508818,1.0,0.6666666666666666,5526
shift_up,emq_anchored,10,0.716,0.05814793256549277,0.35333333333333333,0.03465013272945935,1500,0.19161256360765047,0.04439375329005089,1.2315625916933937,1.141773000416378,1.0,0.6666666666666666,5699
shift_up,emq_anchored,11,0.716,0.05574781946772291,0.3506666666666667,0.03511095484418527,1500,0.18824752990119606,0.04662853180793899,1.2333333333333334,1.142342263524141,1.0,0.6666666666666666,5769
shift_up,emq_anchored,12,0.732,0.05697923259816769,0.36866666666666664,0.035775642916328475,1500,0.19186147186147187,0.04155844155844156,1.2333333333333334,1.139106658855358,1.0,0.6666666666666666,5775
shift_up,emq_anchored,13,0.726,0.057040998007400166,0.372,0.03679496851450073,1500,0.19454705364995603,0.043799472295514515,1.2333333333333334,1.1292683147108535,1.0,0.6666666666666666,5685
shift_up,emq_anchored,14,1.7306666666666666,0.07732026722526396,0.8873333333333333,0.051026562756158446,1500,0.47525627430187345,0.03852951572993991,1.3016904323328635,3.9238025026408967,0.39999999999999997,1.3333333333333333,5658
shift_up,emq_anchored,15,1.8393333333333333,0.07708890087249173,0.9413333333333334,0.05229777682091891,1500,0.5115452930728241,0.03428063943161634,1.4333333333333336,3.909563194395047,0.4386058245553479,1.6666666666666667,5630
shift_up,emq_anchored,16,1.7546666666666666,0.0755152044348527,0.8586666666666667,0.04915187203180534,1500,0.47950245269796776,0.02890679747722495,1.6001042831418064,3.8978798800852426,0.47893888951139907,1.6666666666666667,5708
shift_up,emq_anchored,17,1.7686666666666666,0.07536811307010988,0.892,0.04950630432424976,1500,0.48033560566334554,0.021849327040727146,1.666666666666667,3.8937873308172026,0.5173819315864197,1.6666666666666667,5721
shift_up,emq_anchored,18,1.664,0.07518573218987583,0.8833333333333333,0.05110391656556643,1500,0.4612770524056519,0.01502414594884636,1.8133333333333335,3.908326877436058,0.5459756083132296,1.6666666666666667,5591
shift_up,emq_anchored,19,1.492,0.07238685636329673,0.782,0.04826933047343844,1500,0.4119950169069229,0.009788218544224951,1.953360512370863,3.8978798800852426,0.5751779430824353,1.6666666666666667,5619
shift_up,emq_anchored,20,1.508,0.07552862729297088,0.778,0.04937792915972864,1500,0.42293842275837235,0.009542671948145481,2.100613537917511,3.8662303423396485,0.6023809523809524,1.6666666666666667,5554
shift_up,emq_anchored,21,1.3726666666666667,0.07294848821777741,0.6773333333333333,0.046797723626206086,1500,0.3764790247400502,0.006812477590534241,2.263037365405319,3.9243004150317766,0.6253495098749742,1.6666666666666667,5578
shift_up,emq_anchored,22,1.3833333333333333,0.07100085325019917,0.6886666666666666,0.045572859662254765,1500,0.3808419550481627,0.01088119871566179,2.249502836319875,3.8779659267153224,0.6411729286930902,1.6666666666666667,5606
shift_up,emq_anchored,23,1.4173333333333333,0.07167343801036498,0.6953333333333334,0.045725562159404515,1500,0.38925458103540295,0.005692937199786515,2.3000000000000003,3.872041443505997,0.6583333333333334,1.6666666666666667,5621
shift_up,emq_anchored,24,1.386,0.07262957962873612,0.682,0.04729677527098463,1500,0.3762586115527292,0.005829358770535241,2.416666666666667,3.8577784632664813,0.6710440502163535,1.6666666666666667,5661
shift_up,emq_anchored,25,1.3473333333333333,0.07099430772338808,0.6493333333333333,0.046278613654718345,1500,0.362504384426517,0.004209049456331112,2.516666666666667,3.8937873308172026,0.6877294215979686,1.6666666666666667,5702
shift_up,emq_anchored,26,1.34,0.07022680800835268,0.644,0.04413084469710761,1500,0.360021023125438,0.0026278906797477224,2.5333333333333337,3.8937873308172026,0.7025818329829832,1.6666666666666667,5708
shift_up,emq_anchored,27,1.33,0.0710858261603421,0.6646666666666666,0.04621910038835265,1500,0.35524256651017216,0.0026082420448617634,2.57,3.879037404827728,0.7137495139569379,1.6666666666666667,5751
shift_up,emq_anchored,28,1.2653333333333334,0.06857490104927186,0.6146666666666667,0.043020896214643306,1500,0.3426846590909091,0.003018465909090909,2.6211683634600886,3.883250172700452,0.7222630988606236,1.6666666666666667,5632
shift_up,emq_anchored,29,1.23,0.06908688679848894,0.63,0.04451158831506188,1500,0.3374977690522934,0.0030340888809566305,2.6953719362113584,3.908326877436058,0.7361904761904762,1.6666666666666667,5603
shift_up,emq_anchored,30,1.1206666666666667,0.066201342791398,0.5513333333333333,0.041024016221361675,1500,0.3049279487635652,0.001779042874933286,2.670178288645121,3.8779659267153224,0.7450509520342066,1.6666666666666667,5621
shift_up,emq_anchored,31,1.1653333333333333,0.06742669070483533,0.5946666666666667,0.04377441643006676,1500,0.31519633738334213,0.0022891354111639374,2.6675228276460152,3.8662303423396485,0.7396978922409201,1.6666666666666667,5679
shift_up,emq_anchored,32,1.2333333333333334,0.06990656279671988,0.6273333333333333,0.04514103083512885,1500,0.32889434028386194,0.0026283511477133343,2.6414963760578014,3.8577784632664813,0.7472083188510947,1.6666666666666667,5707
shift_up,emq_anchored,33,1.1786666666666668,0.06759270936777739,0.6,0.04378305422449211,1500,0.3197085480717967,0.0031988626266216454,2.7333333333333334,3.9099507717325643,0.7518699423634864,1.6666666666666667,5627
shift_up,emq_anchored,34,1.1533333333333333,0.067575215666995,0.5746666666666667,0.04320635634088894,1500,0.3074507066829524,0.00279183388588379,2.7333333333333334,3.9238025026408967,0.7550000000000001,1.6666666666666667,5731
shift_up,emq_decaying,0,0.242,0.02168191016844153,0.118,0.016331668316290557,1500,0.3911637931034483,0.11530172413793104,0.8666666666666667,1.142374460701841,0.6091267372963316,0.6666666666666666,928
shift_up,emq_decaying,1,0.9153333333333333,0.05970250074280623,0.456,0.03793066245038226,1500,0.2696126143663617,0.15203426124197003,1.0,1.1365717999508818,0.7577771521269608,0.6666666666666666,5137
shift_up,emq_decaying,2,0.87,0.059579358058008666,0.446,0.03785243189898255,1500,0.23565170749150724,0.11371357053459681,1.0,1.139106658855358,0.9200000000000003,0.6666666666666666,5593
shift_up,emq_decaying,3,0.73,0.054955069848227574,0.35333333333333333,0.03474860810629732,1500,0.19713518352730527,0.11638316920322292,1.0,1.1148644381551647,0.9666666666666671,0.6666666666666666,5585
shift_up,emq_decaying,4,0.68,0.05567704070717066,0.34,0.03454807995786074,1500,0.1880232981434292,0.11539861667273389,1.0,1.115974550127919,0.9889992648718362,0.6666666666666666,5494
shift_up,emq_decaying,5,0.7246666666666667,0.05581323337808977,0.37133333333333335,0.03570489345147653,1500,0.19482819695359546,0.10379029401346086,1.0,1.141773000416378,1.0,0.6666666666666666,5646
shift_up,emq_decaying,6,0.66,0.054969835300581846,0.31333333333333335,0.03318942187518284,1500,0.18176845943482225,0.10337283500455789,1.0,1.093397543185608,1.0,0.6666666666666666,5485
shift_up,emq_decaying,7,0.6506666666666666,0.05611336629736137,0.31466666666666665,0.03437150903280941,1500,0.17687074829931973,0.07357679914070892,1.0746651519994148,1.1246827451702615,1.0,0.6666666666666666,5586
shift_up,emq_decaying,8,0.7466666666666667,0.0572703817897712,0.366,0.03483044189035037,1500,0.20077765995051255,0.060268646164722516,1.1396515497472894,1.1267003079373015,1.0,0.6666666666666666,5658
shift_up,emq_decaying,9,0.7353333333333333,0.05646209503727979,0.378,0.037763137347380196,1500,0.20159247195077815,0.05157437567861021,1.2113355216615782,1.1365717999508818,1.0,0.6666666666666666,5526
shift_up,emq_decaying,10,0.7146666666666667,0.05801351994330538,0.3626666666666667,0.036755138024439686,1500,0.19126162484646428,0.02456571328303211,1.2011269916242948,1.141773000416378,1.0,0.6666666666666666,5699
shift_up,emq_decaying,11,0.7273333333333334,0.05603003025508895,0.37866666666666665,0.03610342189594423,1500,0.19084763390535622,0.04662853180793899,1.1914115830684489,1.142342263524141,1.0,0.6666666666666666,5769
shift_up,emq_decaying,12,0.726,0.05649928184744737,0.364,0.035297961973142535,1500,0.18978354978354978,0.04155844155844156,1.1821654758363325,1.139106658855358,1.0,0.6666666666666666,5775
shift_up,emq_decaying,13,0.7233333333333334,0.056647221977467126,0.3526666666666667,0.03483959713522755,1500,0.1938434476693052,0.04643799472295514,1.1733660003993107,1.1292683147108535,1.0,0.6666666666666666,5685
shift_up,emq_decaying,14,1.7306666666666666,0.07720970506287746,0.8413333333333334,0.05072900326414903,1500,0.4750795334040297,0.03817603393425239,1.2519705625869428,3.9238025026408967,0.39999999999999997,1.3333333333333333,5658
shift_up,emq_decaying,15,1.8166666666666667,0.07667003579529506,0.912,0.05059658308942079,1500,0.5046181172291296,0.03712255772646537,1.5096449775262253,3.909563194395047,0.44313899762177245,1.6666666666666667,5630
shift_up,emq_decaying,16,1.7206666666666666,0.0744929060440871,0.8746666666666667,0.05140149946344614,1500,0.4695164681149264,0.031709880868955855,1.6666666666666667,3.8978798800852426,0.4959249166086155,1.6666666666666667,5708
shift_up,emq_decaying,17,1.7406666666666666,0.07508867615430362,0.876,0.04985762311700663,1500,0.47299423177766126,0.014333158538717007,1.7866726105142168,3.8937873308172026,0.5436441100585361,1.6666666666666667,5721
shift_up,emq_decaying,18,1.5806666666666667,0.07390897834063605,0.836,0.0507528874842801,1500,0.4365945269182615,0.01502414594884636,1.9052561001302535,3.908326877436058,0.5796569627046545,1.6666666666666667,5591
shift_up,emq_decaying,19,1.3986666666666667,0.0709167502355302,0.698,0.047095501317436596,1500,0.38476597259298806,0.009788218544224951,2.0099331735829917,3.8978798800852426,0.6144363593017813,1.6666666666666667,5619
shift_up,emq_decaying,20,1.4033333333333333,0.07355844068079148,0.6986666666666667,0.04741373044680743,1500,0.39106949945984876,0.009542671948145481,2.313239839376402,3.8662303423396485,0.6505470311629128,1.6666666666666667,5554
shift_up,emq_decaying,21,1.2473333333333334,0.06930403739187223,0.6393333333333333,0.044936184568086915,1500,0.3406238795267121,0.007350304768734313,2.491851943607629,3.9243004150317766,0.6809439096902004,1.6666666666666667,5578
shift_up,emq_decaying,22,1.248,0.06826709617387679,0.6246666666666667,0.044126805268191946,1500,0.3415982875490546,0.01088119871566179,2.5190304481152257,3.8779659267153224,0.695267755079704,1.6666666666666667,5606
shift_up,emq_decaying,23,1.2706666666666666,0.0694132850593616,0.638,0.044908699683597106,1500,0.3467354563244974,0.005692937199786515,2.6666666666666665,3.872041443505997,0.7275286253942441,1.6666666666666667,5621
shift_up,emq_decaying,24,1.22,0.06977282951473537,0.6093333333333333,0.044308060752994524,1500,0.3303303303303303,0.005829358770535241,2.748591260469632,3.8577784632664813,0.7530403749566315,1.6666666666666667,5661
shift_up,emq_decaying,25,1.172,0.06763701322907557,0.5733333333333334,0.04301406492457677,1500,0.3132234303753069,0.004209049456331112,2.856441312698663,3.8937873308172026,0.7784629529354063,1.6666666666666667,5702
shift_up,emq_decaying,26,1.146,0.06612215123853603,0.5593333333333333,0.0429501875243398,1500,0.3055360896986685,0.002803083391730904,2.9448280305956924,3.8937873308172026,0.7995282893665601,1.6666666666666667,5708
shift_up,emq_decaying,27,1.1426666666666667,0.06750863752190342,0.5973333333333334,0.04391532223735507,1500,0.30446878803686317,0.002434359241870979,2.986601332534712,3.879037404827728,0.816514619093687,1.6666666666666667,5751
shift_up,emq_decaying,28,1.068,0.06410220138613311,0.5366666666666666,0.042294072903566744,1500,0.2888849431818182,0.0031960227272727275,3.044598064348827,3.883250172700452,0.8351277315063242,1.6666666666666667,5632
shift_up,emq_decaying,29,1.06,0.06475897860688357,0.5326666666666666,0.04254411295613149,1500,0.28859539532393363,0.001784758165268606,3.1135029685367153,3.908326877436058,0.8494484611526066,1.6666666666666667,5603
shift_up,emq_decaying,30,0.9306666666666666,0.06112418743788291,0.48333333333333334,0.04051139040078943,1500,0.2520903753780466,0.002134851449919943,3.0951439860595067,3.8779659267153224,0.8701802103915652,1.6666666666666667,5621
shift_up,emq_decaying,31,0.9893333333333333,0.06379181298930323,0.508,0.0421305699715602,1500,0.26465927099841524,0.002817397429124846,3.1342277698132692,3.8662303423396485,0.8682801329901394,1.6666666666666667,5679
shift_up,emq_decaying,32,1.018,0.0642811929988859,0.49266666666666664,0.040518474969404604,1500,0.2698440511652357,0.0026283511477133343,3.11677584791677,3.8577784632664813,0.8764035854879106,1.6666666666666667,5707
shift_up,emq_decaying,33,0.952,0.062201378146808296,0.4786666666666667,0.03982518988645571,1500,0.2566198684912031,0.0031988626266216454,3.182480116147869,3.9099507717325643,0.8900228018326225,1.6666666666666667,5627
shift_up,emq_decaying,34,0.936,0.062164450856043836,0.4726666666666667,0.03994431774198312,1500,0.24725178851858315,0.003140813121619264,3.2107450588237914,3.9238025026408967,0.8939840225490935,1.6666666666666667,5731
shift_up,expanding,0,0.242,0.02168191016844153,0.12866666666666668,0.016950419238366515,1500,0.3911637931034483,0.11530172413793104,0.8666666666666667,1.142374460701841,0.6091267372963316,0.6666666666666666,928
shift_up,expanding,1,0.9153333333333333,0.05970250074280623,0.468,0.038719013103605114,1500,0.2696126143663617,0.15203426124197003,1.0,1.1365717999508818,0.7577771521269608,0.6666666666666666,5137
shift_up,expanding,2,0.87,0.059579358058008666,0.418,0.037677984542575677,1500,0.23565170749150724,0.11371357053459681,1.0,1.139106658855358,0.9200000000000003,0.6666666666666666,5593
shift_up,expanding,3,0.73,0.054955069848227574,0.36666666666666664,0.03424342305947281,1500,0.19713518352730527,0.11638316920322292,1.0,1.1148644381551647,0.9666666666666671,0.6666666666666666,5585
shift_up,expanding,4,0.68,0.05567704070717066,0.34,0.034399400111643164,1500,0.1880232981434292,0.11539861667273389,1.0,1.115974550127919,0.9889992648718362,0.6666666666666666,5494
shift_up,expanding,5,0.7246666666666667,0.05581323337808977,0.36,0.03481901080521119,1500,0.19482819695359546,0.10379029401346086,1.0,1.141773000416378,1.0,0.6666666666666666,5646
shift_up,expanding,6,0.66,0.054969835300581846,0.32066666666666666,0.033138574384958645,1500,0.18176845943482225,0.10337283500455789,1.0,1.093397543185608,1.0,0.6666666666666666,5485
shift_up,expanding,7,0.602,0.05346982086712443,0.28733333333333333,0.03294207620462412,1500,0.16308628714643753,0.11242391693519513,1.0,1.1246827451702615,1.0,0.6666666666666666,5586
shift_up,expanding,8,0.6693333333333333,0.054051322693902164,0.32666666666666666,0.03383182447771506,1500,0.17903852951572993,0.10975609756097561,1.0,1.1267003079373015,1.0,0.6666666666666666,5658
shift_up,expanding,9,0.6413333333333333,0.052431548690461176,0.31733333333333336,0.03324641029665043,1500,0.17517191458559536,0.10477741585233442,1.133333333333334,1.1365717999508818,1.0,0.6666666666666666,5526
shift_up,expanding,10,0.6093333333333333,0.053973508153154263,0.2966666666666667,0.032624798608554786,1500,0.16178276890682575,0.10879101596771364,1.0,1.141773000416378,1.0,0.6666666666666666,5699
shift_up,expanding,11,0.6073333333333333,0.051654851666224924,0.2846666666666667,0.03178832645471898,1500,0.1592997053215462,0.11475125671693534,1.0,1.142342263524141,1.0,0.6666666666666666,5769
shift_up,expanding,12,0.6233333333333333,0.05316201648766778,0.3233333333333333,0.03332940354864986,1500,0.1625974025974026,0.11341991341991342,1.0,1.139106658855358,1.0,0.6666666666666666,5775
shift_up,expanding,13,0.6086666666666667,0.05337216878709098,0.31533333333333335,0.03428117146843929,1500,0.16200527704485487,0.11310466138962182,1.0,1.1292683147108535,1.0,0.6666666666666666,5685
shift_up,expanding,14,1.6226666666666667,0.07671287600150452,0.8066666666666666,0.050588973588702416,1500,0.44485683987274655,0.10851891127606929,1.2000000000000004,3.9238025026408967,0.3984610439681735,1.3333333333333333,5658
shift_up,expanding,15,1.738,0.07648542066959925,0.874,0.052074311596206554,1500,0.4818827708703375,0.10550621669626999,1.3333333333333333,3.909563194395047,0.42275412999905326,1.6666666666666667,5630
shift_up,expanding,16,1.6666666666666667,0.07487464918253899,0.8293333333333334,0.04884278798959065,1500,0.4548002803083392,0.10669236159775754,1.6666666666666667,3.8978798800852426,0.44762896105554617,1.6666666666666667,5708
shift_up,expanding,17,1.6806666666666668,0.07520144794585056,0.8173333333333334,0.048555809167684,1500,0.45673833245936024,0.09736060129348016,1.6666666666666667,3.8937873308172026,0.49327306046875885,1.6666666666666667,5721
shift_up,expanding,18,1.5593333333333332,0.07442131352059042,0.7946666666666666,0.049751645471723054,1500,0.43158647826864605,0.10499016276158112,1.6666666666666667,3.908326877436058,0.509006581374541,1.6666666666666667,5591
shift_up,expanding,19,1.4133333333333333,0.0720180627817574,0.7293333333333333,0.047057672661759045,1500,0.38992703327994305,0.10535682505783947,1.6666666666666667,3.8978798800852426,0.5406793792883966,1.6666666666666667,5619
shift_up,expanding,20,1.438,0.07519229912452309,0.738,0.04883797218326677,1500,0.40097227223622617,0.09110550954267195,2.0,3.8662303423396485,0.5714285714285714,1.6666666666666667,5554
shift_up,expanding,21,1.3126666666666666,0.07171645182127888,0.6633333333333333,0.04552364648994311,1500,0.3614198637504482,0.0873072785944783,2.0,3.9243004150317766,0.592197616145449,1.6666666666666667,5578
shift_up,expanding,22,1.3273333333333333,0.07104530836239895,0.6546666666666666,0.044997698395583076,1500,0.36532286835533356,0.08936853371387798,2.0,3.8779659267153224,0.6,1.6666666666666667,5606
shift_up,expanding,23,1.3386666666666667,0.07108951937563078,0.642,0.0445711199146097,1500,0.3679060665362035,0.09108699519658424,2.0,3.872041443505997,0.6164903539683325,1.6666666666666667,5621
shift_up,expanding,24,1.298,0.07230290049362453,0.6246666666666667,0.04377695330851,1500,0.353117823706059,0.08726373432255785,2.0,3.8577784632664813,0.6352704791065342,1.6666666666666667,5661
shift_up,expanding,25,1.2426666666666666,0.0692353461773642,0.6206666666666667,0.04612348237008153,1500,0.3330410382321992,0.08523325149070501,2.0,3.8937873308172026,0.6500761491344719,1.6666666666666667,5702
shift_up,expanding,26,1.2486666666666666,0.06931646113108565,0.62,0.04357574507982313,1500,0.3340925017519271,0.07585844428871759,2.116666666666668,3.8937873308172026,0.6666666666666666,1.6666666666666667,5708
shift_up,expanding,27,1.2213333333333334,0.07017712774471649,0.5986666666666667,0.04406306756163511,1500,0.32620413841071116,0.07789949573987133,2.5,3.879037404827728,0.6706430546547186,1.6666666666666667,5751
shift_up,expanding,28,1.176,0.06733209343349889,0.58,0.04262436807028521,1500,0.3192471590909091,0.07315340909090909,2.5,3.883250172700452,0.6896425561374108,1.6666666666666667,5632
shift_up,expanding,29,1.1386666666666667,0.06770686339987338,0.5633333333333334,0.043331645200692305,1500,0.31286810637158663,0.0774585043726575,2.5,3.908326877436058,0.7032078691428947,1.6666666666666667,5603
shift_up,expanding,30,1.0093333333333334,0.06440539975364203,0.516,0.04138823829169793,1500,0.2743284113147127,0.07667674790962462,2.6000000000000014,3.8779659267153224,0.7142857142857143,1.6666666666666667,5621
shift_up,expanding,31,1.058,0.06646913437457438,0.5046666666666667,0.04114710592886517,1500,0.28508540235957036,0.07166754710336327,2.6000000000000014,3.8662303423396485,0.7201204330168763,1.6666666666666667,5679
shift_up,expanding,32,1.0866666666666667,0.06686353888524404,0.5233333333333333,0.04166732875613613,1500,0.2908708603469424,0.06781145961100403,2.633333333333335,3.8577784632664813,0.7315547598942573,1.6666666666666667,5707
shift_up,expanding,33,1.0273333333333334,0.06524889023645099,0.5093333333333333,0.04085336775139041,1500,0.27794561933534745,0.07535098631597655,2.6666666666666665,3.9099507717325643,0.7430803632397152,1.6666666666666667,5627
shift_up,expanding,34,1.0113333333333334,0.06491981010566315,0.486,0.04101690789418324,1500,0.2688885011341825,0.0671785028790787,2.6666666666666665,3.9238025026408967,0.7516173090919888,1.6666666666666667,5731
shift_up,rolling,0,0.242,0.02168191016844153,0.13133333333333333,0.017098945056691017,1500,0.3911637931034483,0.11530172413793104,0.8666666666666667,1.142374460701841,0.6091267372963316,0.6666666666666666,928
shift_up,rolling,1,0.9153333333333333,0.05970250074280623,0.44733333333333336,0.037494463799676234,1500,0.2696126143663617,0.15203426124197003,1.0,1.1365717999508818,0.7577771521269608,0.6666666666666666,5137
shift_up,rolling,2,0.87,0.059579358058008666,0.42,0.037232922562842184,1500,0.23565170749150724,0.11371357053459681,1.0,1.139106658855358,0.9200000000000003,0.6666666666666666,5593
shift_up,rolling,3,0.73,0.054955069848227574,0.3446666666666667,0.033345393315795085,1500,0.19713518352730527,0.11638316920322292,1.0,1.1148644381551647,0.9666666666666671,0.6666666666666666,5585
shift_up,rolling,4,0.68,0.05567704070717066,0.3413333333333333,0.03553870277646226,1500,0.1880232981434292,0.11539861667273389,1.0,1.115974550127919,0.9889992648718362,0.6666666666666666,5494
shift_up,rolling,5,0.7246666666666667,0.05581323337808977,0.3393333333333333,0.03322919035072347,1500,0.19482819695359546,0.10379029401346086,1.0,1.141773000416378,1.0,0.6666666666666666,5646
shift_up,rolling,6,0.66,0.054969835300581846,0.3446666666666667,0.034255245726574596,1500,0.18176845943482225,0.10337283500455789,1.0,1.093397543185608,1.0,0.6666666666666666,5485
shift_up,rolling,7,0.61,0.05371618544770935,0.30133333333333334,0.0329067376809778,1500,0.16523451485857502,0.11117078410311493,1.0,1.1246827451702615,1.0,0.6666666666666666,5586
shift_up,rolling,8,0.6826666666666666,0.05406649296077707,0.318,0.032997904006859244,1500,0.18292682926829268,0.10498409331919406,1.0,1.1267003079373015,1.0,0.6666666666666666,5658
shift_up,rolling,9,0.6493333333333333,0.0524724603220975,0.316,0.03307294641497019,1500,0.17716250452406804,0.11093014838943177,1.0666666666666675,1.1365717999508818,1.0,0.6666666666666666,5526
shift_up,rolling,10,0.656,0.05478141022061586,0.33666666666666667,0.03480387806121919,1500,0.17476750307071415,0.10300052640814178,1.0,1.141773000416378,1.0,0.6666666666666666,5699
shift_up,rolling,11,0.6446666666666667,0.05279799732951303,0.336,0.03425147156323763,1500,0.1690067602704108,0.11301785404749523,1.0,1.142342263524141,1.0,0.6666666666666666,5769
shift_up,rolling,12,0.6626666666666666,0.05426143131718357,0.3453333333333333,0.03539128808457284,1500,0.17333333333333334,0.10476190476190476,1.0,1.139106658855358,1.0,0.6666666666666666,5775
shift_up,rolling,13,0.652,0.053421070443749205,0.304,0.032107289297943216,1500,0.1741424802110818,0.11873350923482849,1.0,1.1292683147108535,1.0,0.6666666666666666,5685
shift_up,rolling,14,1.6413333333333333,0.07611599185470488,0.8213333333333334,0.05059208056452711,1500,0.4487451396253093,0.11046306115235065,1.133333333333334,3.9238025026408967,0.39327845717675636,1.3333333333333333,5658
shift_up,rolling,15,1.6693333333333333,0.07535974775938817,0.8173333333333334,0.04939307046336687,1500,0.4596802841918295,0.09538188277087034,1.6666666666666667,3.909563194395047,0.4518716162417474,1.6666666666666667,5630
shift_up,rolling,16,1.4633333333333334,0.0706438183091967,0.7186666666666667,0.04634737783728401,1500,0.3929572529782761,0.0861948142957253,1.7333333333333343,3.8978798800852426,0.5504180688314113,1.6666666666666667,5708
shift_up,rolling,17,1.3333333333333333,0.07028436200542637,0.6493333333333333,0.045081759141681416,1500,0.35762978500262194,0.08197867505680825,2.0,3.8937873308172026,0.6351849803398406,1.6666666666666667,5721
shift_up,rolling,18,1.1273333333333333,0.06724504499233419,0.5813333333333334,0.04450059644223962,1500,0.3081738508316938,0.06760865676980862,2.5,3.908326877436058,0.7180297431194472,1.6666666666666667,5591
shift_up,rolling,19,0.9133333333333333,0.061818253392099176,0.464,0.038930066385211175,1500,0.24684107492436377,0.051076704039864744,3.0,3.8978798800852426,0.832670834160868,1.6666666666666667,5619
shift_up,rolling,20,0.87,0.060856112409615366,0.44533333333333336,0.039005945891225,1500,0.23694634497659345,0.04591285559956788,3.3333333333333335,3.8662303423396485,0.9258636571296974,1.6666666666666667,5554
shift_up,rolling,21,0.7213333333333334,0.055232113312797496,0.354,0.03450913825856709,1500,0.19505198996055934,0.04804589458587307,3.4666666666666672,3.9243004150317766,0.9686716414921495,1.6666666666666667,5578
shift_up,rolling,22,0.728,0.05559449501210019,0.3473333333333333,0.03408604726512382,1500,0.19639671780235463,0.04620049946485908,3.4000000000000012,3.8779659267153224,0.9666666666666668,1.6666666666666667,5606
shift_up,rolling,23,0.7886666666666666,0.058074303013903976,0.38866666666666666,0.03571063511631575,1500,0.2134851449919943,0.04767834904821206,3.4000000000000012,3.872041443505997,0.9598628687988571,1.6666666666666667,5621
shift_up,rolling,24,0.7926666666666666,0.05828737999080312,0.38533333333333336,0.035635681596696965,1500,0.21162338809397632,0.04151210033562975,3.433333333333334,3.8577784632664813,0.9579966284508605,1.6666666666666667,5661
shift_up,rolling,25,0.788,0.05828832773615968,0.374,0.035681406809509555,1500,0.20904945633111188,0.04980708523325149,3.4000000000000012,3.8937873308172026,0.9596551114832961,1.6666666666666667,5702
shift_up,rolling,26,0.8046666666666666,0.05842276122759583,0.4086666666666667,0.03693547095652395,1500,0.21338472319551507,0.04134548002803083,3.5333333333333337,3.8937873308172026,0.9766879439258391,1.6666666666666667,5708
shift_up,rolling,27,0.7966666666666666,0.05805923827745961,0.418,0.03883907043451263,1500,0.20970266040688576,0.04677447400452095,3.5333333333333363,3.879037404827728,0.9672538454476733,1.6666666666666667,5751
shift_up,rolling,28,0.7433333333333333,0.05591868160010441,0.35733333333333334,0.03444579096820246,1500,0.19992897727272727,0.049360795454545456,3.600000000000001,3.883250172700452,0.9713684669882112,1.6666666666666667,5632
shift_up,rolling,29,0.7673333333333333,0.05795343962826425,0.38533333333333336,0.03662867057371759,1500,0.20738889880421202,0.0480099946457255,3.6666666666666665,3.908326877436058,0.9799064836759258,1.6666666666666667,5603
shift_up,rolling,30,0.6593333333333333,0.05323806469573836,0.32,0.03323229231320768,1500,0.1773705746308486,0.048034157623198716,3.6000000000000014,3.8779659267153224,0.9844540683829502,1.6666666666666667,5621
shift_up,rolling,31,0.7266666666666667,0.055669880133453545,0.36533333333333334,0.03583934103611833,1500,0.19334389857369255,0.051065328402887834,3.4666666666666672,3.8662303423396485,0.9646706809366852,1.6666666666666667,5679
shift_up,rolling,32,0.7806666666666666,0.05805711948539317,0.3893333333333333,0.03707725347026234,1500,0.20641317680042054,0.0497634483967058,3.4666666666666686,3.8577784632664813,0.9714285714285715,1.6666666666666667,5707
shift_up,rolling,33,0.766,0.05796916061713421,0.37266666666666665,0.035955518976465185,1500,0.20614892482672828,0.04425093300159943,3.4666666666666672,3.9099507717325643,0.9709786435057107,1.6666666666666667,5627
shift_up,rolling,34,0.7506666666666667,0.05752363646386829,0.382,0.037157453308886035,1500,0.1983946955156168,0.04274995637759553,3.400000000000002,3.9238025026408967,0.9550886255863799,1.6666666666666667,5731
stationary,emq_anchored,0,0.242,0.02168191016844153,0.11733333333333333,0.016291621900699844,1500,0.3911637931034483,0.11530172413793104,0.8666666666666667,1.142374460701841,0.6091267372963316,0.6666666666666666,928
stationary,emq_anchored,1,0.9153333333333333,0.05970250074280623,0.45866666666666667,0.03748530367858937,1500,0.2696126143663617,0.15203426124197003,1.0,1.1365717999508818,0.7577771521269608,0.6666666666666666,5137
stationary,emq_anchored,2,0.87,0.059579358058008666,0.43533333333333335,0.0373549509571495,1500,0.23565170749150724,0.11371357053459681,1.0,1.139106658855358,0.9200000000000003,0.6666666666666666,5593
stationary,emq_anchored,3,0.73,0.054955069848227574,0.35733333333333334,0.034791259685022675,1500,0.19713518352730527,0.11638316920322292,1.0,1.1148644381551647,0.9666666666666671,0.6666666666666666,5585
stationary,emq_anchored,4,0.68,0.05567704070717066,0.35333333333333333,0.03533369734772066,1500,0.1880232981434292,0.11539861667273389,1.0,1.115974550127919,0.9889992648718362,0.6666666666666666,5494
stationary,emq_anchored,5,0.7246666666666667,0.05581323337808977,0.344,0.03379551211861677,1500,0.19482819695359546,0.10379029401346086,1.0,1.141773000416378,1.0,0.6666666666666666,5646
stationary,emq_anchored,6,0.66,0.054969835300581846,0.32466666666666666,0.03435684223392781,1500,0.18176845943482225,0.10337283500455789,1.0,1.093397543185608,1.0,0.6666666666666666,5485
stationary,emq_anchored,7,0.6506666666666666,0.05611336629736137,0.314,0.033962183901137276,1500,0.17687074829931973,0.07357679914070892,1.0746651519994148,1.1246827451702615,1.0,0.6666666666666666,5586
stationary,emq_anchored,8,0.7473333333333333,0.057322654249504945,0.35,0.03426628318361833,1500,0.20113114174620006,0.05567338282078473,1.1400000000000003,1.1267003079373015,1.0,0.6666666666666666,5658
stationary,emq_anchored,9,0.7266666666666667,0.05603695171053094,0.3546666666666667,0.03481207509913379,1500,0.1992399565689468,0.05157437567861021,1.2333333333333334,1.1365717999508818,1.0,0.6666666666666666,5526
stationary,emq_anchored,10,0.716,0.05814793256549277,0.358,0.03605219800894817,1500,0.19161256360765047,0.04439375329005089,1.2315625916933937,1.141773000416378,1.0,0.6666666666666666,5699
stationary,emq_anchored,11,0.716,0.05574781946772291,0.3893333333333333,0.03689247335956641,1500,0.18824752990119606,0.04662853180793899,1.2333333333333334,1.142342263524141,1.0,0.6666666666666666,5769
stationary,emq_anchored,12,0.732,0.05697923259816769,0.37333333333333335,0.0364335510746723,1500,0.19186147186147187,0.04155844155844156,1.2333333333333334,1.139106658855358,1.0,0.6666666666666666,5775
stationary,emq_anchored,13,0.726,0.057040998007400166,0.354,0.035146864154034146,1500,0.19454705364995603,0.043799472295514515,1.2333333333333334,1.1292683147108535,1.0,0.6666666666666666,5685
stationary,emq_anchored,14,0.7293333333333333,0.0585154205567415,0.37066666666666664,0.03622134713683474,1500,0.19582891481088724,0.04294803817603393,1.2333333333333334,1.142048297852424,1.0,0.6666666666666666,5658
stationary,emq_anchored,15,0.6693333333333333,0.05446069152584803,0.324,0.03454649741580534,1500,0.1802841918294849,0.04920071047957371,1.2333333333333334,1.1267003079373015,1.0,0.6666666666666666,5630
stationary,emq_anchored,16,0.7126666666666667,0.05738104282793273,0.358,0.03518883881109849,1500,0.18955851436580237,0.04134548002803083,1.2333333333333334,1.115974550127919,1.0,0.6666666666666666,5708
stationary,emq_anchored,17,0.7226666666666667,0.057194198662585106,0.35733333333333334,0.03518192744995946,1500,0.1915748994930956,0.04929208180388044,1.2333333333333334,1.1287426884490293,1.0,0.6666666666666666,5721
stationary,emq_anchored,18,0.7226666666666667,0.05653319044544145,0.3606666666666667,0.0353130442601957,1500,0.19674476837774996,0.038454659273832945,1.2333333333333334,1.1291405223447522,1.0,0.6666666666666666,5591
stationary,emq_anchored,19,0.6806666666666666,0.055394614852449765,0.34,0.035087849722262664,1500,0.18419647624132407,0.0402206798362698,1.2333333333333334,1.1195753999038953,1.0,0.6666666666666666,5619
stationary,emq_anchored,20,0.708,0.05573384257427694,0.356,0.03516800348994146,1500,0.1928339935181851,0.03853078862081383,1.2333333333333334,1.11477014162949,1.0,0.6666666666666666,5554
stationary,emq_anchored,21,0.696,0.05581459046347771,0.35333333333333333,0.03619360126684352,1500,0.18770168519182504,0.0342416636787379,1.2333333333333334,1.1449940039502677,1.0,0.6666666666666666,5578
stationary,emq_anchored,22,0.6586666666666666,0.054761779122191406,0.33666666666666667,0.033807828332228,1500,0.17855868712094186,0.041027470567249376,1.2333333333333334,1.1244574885775078,1.0,0.6666666666666666,5606
stationary,emq_anchored,23,0.6826666666666666,0.05463233717754248,0.308,0.032328107799256746,1500,0.18395303326810175,0.03913894324853229,1.2333333333333334,1.115974550127919,1.0,0.6666666666666666,5621
stationary,emq_anchored,24,0.7273333333333334,0.05642504520954692,0.37066666666666664,0.03574654742248093,1500,0.19554848966613672,0.04239533651298357,1.2333333333333334,1.1199917094762075,1.0,0.6666666666666666,5661
stationary,emq_anchored,25,0.6893333333333334,0.0564212601569849,0.3486666666666667,0.03504027731552399,1500,0.1843212907751666,0.04401964223079621,1.2333333333333334,1.135688570999119,1.0,0.6666666666666666,5702
stationary,emq_anchored,26,0.7366666666666667,0.0578233420059348,0.378,0.03666122933626913,1500,0.1958654519971969,0.035739313244569026,1.2333333333333334,1.1246827451702615,1.0,0.6666666666666666,5708
stationary,emq_anchored,27,0.7713333333333333,0.058200082253071814,0.38533333333333336,0.036814774782819026,1500,0.2025734654842636,0.0363415058250739,1.2333333333333334,1.1284926141115874,1.0,0.6666666666666666,5751
stationary,emq_anchored,28,0.674,0.0559095555148245,0.3406666666666667,0.03480230715090195,1500,0.181640625,0.03799715909090909,1.2333333333333334,1.1292683147108535,1.0,0.6666666666666666,5632
stationary,emq_anchored,29,0.6906666666666667,0.05502993379911715,0.354,0.034657347331882186,1500,0.1866857040870962,0.03837230055327503,1.2333333333333334,1.134805342047356,1.0,0.6666666666666666,5603
stationary,emq_anchored,30,0.6466666666666666,0.052393996558751016,0.32666666666666666,0.03383182447771506,1500,0.17416829745596868,0.03771570894858566,1.2333333333333334,1.1287426884490293,1.0,0.6666666666666666,5621
stationary,emq_anchored,31,0.7333333333333333,0.058533286833066404,0.372,0.03693400612872807,1500,0.1961612960028174,0.03345659447085755,1.2333333333333334,1.115974550127919,1.0,0.6666666666666666,5679
stationary,emq_anchored,32,0.722,0.05773597392894384,0.364,0.036953244711193434,1500,0.19222008060276852,0.038023479936919576,1.2333333333333334,1.1058141215909516,1.0,0.6666666666666666,5707
stationary,emq_anchored,33,0.732,0.05724846067517941,0.38066666666666665,0.03691585286219427,1500,0.1961969077661276,0.03554291807357384,1.255974096574103,1.1291405223447522,1.0,0.6666666666666666,5627
stationary,emq_anchored,34,0.6933333333333334,0.05638648635226969,0.3486666666666667,0.03479562999083536,1500,0.18338858837899144,0.03472343395567964,1.2707769004546026,1.1287426884490293,1.0,0.6666666666666666,5731
stationary,emq_decaying,0,0.242,0.02168191016844153,0.12333333333333334,0.016646109091652223,1500,0.3911637931034483,0.11530172413793104,0.8666666666666667,1.142374460701841,0.6091267372963316,0.6666666666666666,928
stationary,emq_decaying,1,0.9153333333333333,0.05970250074280623,0.4633333333333333,0.03853144967861297,1500,0.2696126143663617,0.15203426124197003,1.0,1.1365717999508818,0.7577771521269608,0.6666666666666666,5137
stationary,emq_decaying,2,0.87,0.059579358058008666,0.44066666666666665,0.038680501333695085,1500,0.23565170749150724,0.11371357053459681,1.0,1.139106658855358,0.9200000000000003,0.6666666666666666,5593
stationary,emq_decaying,3,0.73,0.054955069848227574,0.3546666666666667,0.03381626681271772,1500,0.19713518352730527,0.11638316920322292,1.0,1.1148644381551647,0.9666666666666671,0.6666666666666666,5585
stationary,emq_decaying,4,0.68,0.05567704070717066,0.33266666666666667,0.03524330527306294,1500,0.1880232981434292,0.11539861667273389,1.0,1.115974550127919,0.9889992648718362,0.6666666666666666,5494
stationary,emq_decaying,5,0.7246666666666667,0.05581323337808977,0.36133333333333334,0.03603805719318104,1500,0.19482819695359546,0.10379029401346086,1.0,1.141773000416378,1.0,0.6666666666666666,5646
stationary,emq_decaying,6,0.66,0.054969835300581846,0.32466666666666666,0.03440653487151746,1500,0.18176845943482225,0.10337283500455789,1.0,1.093397543185608,1.0,0.6666666666666666,5485
stationary,emq_decaying,7,0.6506666666666666,0.05611336629736137,0.32466666666666666,0.03445615584250349,1500,0.17687074829931973,0.07357679914070892,1.0746651519994148,1.1246827451702615,1.0,0.6666666666666666,5586
stationary,emq_decaying,8,0.7466666666666667,0.0572703817897712,0.37733333333333335,0.0360445041972502,1500,0.20077765995051255,0.060268646164722516,1.1396515497472894,1.1267003079373015,1.0,0.6666666666666666,5658
stationary,emq_decaying,9,0.7353333333333333,0.05646209503727979,0.358,0.03499408868025724,1500,0.20159247195077815,0.05157437567861021,1.2113355216615782,1.1365717999508818,1.0,0.6666666666666666,5526
stationary,emq_decaying,10,0.7146666666666667,0.05801351994330538,0.35,0.035587049186808495,1500,0.19126162484646428,0.02456571328303211,1.2011269916242948,1.141773000416378,1.0,0.6666666666666666,5699
stationary,emq_decaying,11,0.7273333333333334,0.05603003025508895,0.36866666666666664,0.03587102860572199,1500,0.19084763390535622,0.04662853180793899,1.1914115830684489,1.142342263524141,1.0,0.6666666666666666,5769
stationary,emq_decaying,12,0.726,0.05649928184744737,0.36,0.035499323705453674,1500,0.18978354978354978,0.04155844155844156,1.1821654758363325,1.139106658855358,1.0,0.6666666666666666,5775
stationary,emq_decaying,13,0.7233333333333334,0.056647221977467126,0.364,0.035103817244648096,1500,0.1938434476693052,0.04643799472295514,1.1733660003993107,1.1292683147108535,1.0,0.6666666666666666,5685
stationary,emq_decaying,14,0.722,0.058148784644348785,0.366,0.03603589213167331,1500,0.19388476493460588,0.04294803817603393,1.224408818579927,1.142048297852424,1.0,0.6666666666666666,5658
stationary,emq_decaying,15,0.6686666666666666,0.05421446422795968,0.3406666666666667,0.034307874420405476,1500,0.18010657193605684,0.05150976909413854,1.1735915329400992,1.1267003079373015,1.0,0.6666666666666666,5630
stationary,emq_decaying,16,0.704,0.056683292679014737,0.356,0.03631524852371404,1500,0.1867554309740715,0.04414856341976174,1.1494367804724985,1.115974550127919,1.0,0.6666666666666666,5708
stationary,emq_decaying,17,0.8013333333333333,0.059881804253432085,0.41333333333333333,0.03863661565255286,1500,0.21324943191749693,0.027267960146827478,1.1848837375543455,1.1287426884490293,1.0,0.6666666666666666,5721
stationary,emq_decaying,18,0.722,0.0561761242831041,0.374,0.036626540424459036,1500,0.19656590949740654,0.038454659273832945,1.142589892584414,1.1291405223447522,1.0,0.6666666666666666,5591
stationary,emq_decaying,19,0.684,0.054963867426939025,0.3393333333333333,0.03439143590572009,1500,0.1847303790710091,0.0402206798362698,1.1288104432619448,1.1195753999038953,1.0,0.6666666666666666,5619
stationary,emq_decaying,20,0.71,0.05568394467405282,0.35933333333333334,0.0357324450286037,1500,0.193194094346417,0.03853078862081383,1.144257340933239,1.11477014162949,1.0,0.6666666666666666,5554
stationary,emq_decaying,21,0.6933333333333334,0.0550991872252321,0.342,0.035353532935740235,1500,0.18680530656149158,0.036392972391538186,1.1749999999999998,1.1449940039502677,1.0,0.6666666666666666,5578
stationary,emq_decaying,22,0.6486666666666666,0.05408067962918229,0.32866666666666666,0.03543591438561763,1500,0.17552622190510167,0.04370317516946129,1.1554435416584012,1.1244574885775078,1.0,0.6666666666666666,5606
stationary,emq_decaying,23,0.686,0.05488438941752463,0.3273333333333333,0.03307458224423691,1500,0.1848425547055684,0.03842732609855898,1.1537915020477698,1.115974550127919,1.0,0.6666666666666666,5621
stationary,emq_decaying,24,0.718,0.05609455668317449,0.35533333333333333,0.035258039434687805,1500,0.19307542836954603,0.04239533651298357,1.1360097057753058,1.1199917094762075,1.0,0.6666666666666666,5661
stationary,emq_decaying,25,0.688,0.05588507272939093,0.348,0.03473903543261565,1500,0.18361978253244476,0.04401964223079621,1.1435586873013366,1.135688570999119,1.0,0.6666666666666666,5702
stationary,emq_decaying,26,0.7253333333333334,0.05692783528245115,0.358,0.03435352683566094,1500,0.19271198318149965,0.038192011212333565,1.1366241068772491,1.1246827451702615,1.0,0.6666666666666666,5708
stationary,emq_decaying,27,0.7646666666666667,0.057511428005455965,0.37733333333333335,0.0354229423723151,1500,0.20083463745435576,0.03721091984002782,1.1300245002994829,1.1284926141115874,1.0,0.6666666666666666,5751
stationary,emq_decaying,28,0.672,0.05493911870241539,0.338,0.034819844959796106,1500,0.18110795454545456,0.03977272727272727,1.1237436867076458,1.1292683147108535,1.0,0.6666666666666666,5632
stationary,emq_decaying,29,0.744,0.05688067694047019,0.36733333333333335,0.03503910708826575,1500,0.20096376940924504,0.022309477065857578,1.1304468193742472,1.134805342047356,1.0,0.6666666666666666,5603
stationary,emq_decaying,30,0.6426666666666667,0.05193112127496337,0.312,0.03207023184655159,1500,0.1729229674435154,0.039316847536025615,1.1120775853543738,1.1287426884490293,1.0,0.6666666666666666,5621
stationary,emq_decaying,31,0.7226666666666667,0.05790669362453561,0.37733333333333335,0.03711870222836767,1500,0.19334389857369255,0.03504138052474027,1.1066636947428916,1.115974550127919,1.0,0.6666666666666666,5679
stationary,emq_decaying,32,0.7066666666666667,0.05704919440158112,0.3566666666666667,0.03594373270181631,1500,0.18836516558612232,0.03697213947783424,1.1428896954223342,1.1058141215909516,1.0,0.6666666666666666,5707
stationary,emq_decaying,33,0.7246666666666667,0.05642213831180039,0.3626666666666667,0.03595623173207417,1500,0.19441976186244891,0.035187488892838105,1.2256598326663395,1.1291405223447522,1.0,0.6666666666666666,5627
stationary,emq_decaying,34,0.6866666666666666,0.05604914602774562,0.332,0.03469769840469329,1500,0.18112022334671088,0.03611935089862153,1.1907671023818969,1.1287426884490293,1.0,0.6666666666666666,5731
stationary,expanding,0,0.242,0.02168191016844153,0.12333333333333334,0.016646109091652223,1500,0.3911637931034483,0.11530172413793104,0.8666666666666667,1.142374460701841,0.6091267372963316,0.6666666666666666,928
stationary,expanding,1,0.9153333333333333,0.05970250074280623,0.4713333333333333,0.03894567233595413,1500,0.2696126143663617,0.15203426124197003,1.0,1.1365717999508818,0.7577771521269608,0.6666666666666666,5137
stationary,expanding,2,0.87,0.059579358058008666,0.428,0.03773032193041948,1500,0.23565170749150724,0.11371357053459681,1.0,1.139106658855358,0.9200000000000003,0.6666666666666666,5593
stationary,expanding,3,0.73,0.054955069848227574,0.37666666666666665,0.03627493839533301,1500,0.19713518352730527,0.11638316920322292,1.0,1.1148644381551647,0.9666666666666671,0.6666666666666666,5585
stationary,expanding,4,0.68,0.05567704070717066,0.3373333333333333,0.03406774722379375,1500,0.1880232981434292,0.11539861667273389,1.0,1.115974550127919,0.9889992648718362,0.6666666666666666,5494
stationary,expanding,5,0.7246666666666667,0.05581323337808977,0.37,0.03597857341756955,1500,0.19482819695359546,0.10379029401346086,1.0,1.141773000416378,1.0,0.6666666666666666,5646
stationary,expanding,6,0.66,0.054969835300581846,0.328,0.03415076228364671,1500,0.18176845943482225,0.10337283500455789,1.0,1.093397543185608,1.0,0.6666666666666666,5485
stationary,expanding,7,0.602,0.05346982086712443,0.2946666666666667,0.03274956401846142,1500,0.16308628714643753,0.11242391693519513,1.0,1.1246827451702615,1.0,0.6666666666666666,5586
stationary,expanding,8,0.6693333333333333,0.054051322693902164,0.342,0.03407388175732269,1500,0.17903852951572993,0.10975609756097561,1.0,1.1267003079373015,1.0,0.6666666666666666,5658
stationary,expanding,9,0.6413333333333333,0.052431548690461176,0.31533333333333335,0.032699704529741094,1500,0.17517191458559536,0.10477741585233442,1.133333333333334,1.1365717999508818,1.0,0.6666666666666666,5526
stationary,expanding,10,0.6093333333333333,0.053973508153154263,0.31733333333333336,0.034507240357086584,1500,0.16178276890682575,0.10879101596771364,1.0,1.141773000416378,1.0,0.6666666666666666,5699
stationary,expanding,11,0.6073333333333333,0.051654851666224924,0.296,0.032032704835100984,1500,0.1592997053215462,0.11475125671693534,1.0,1.142342263524141,1.0,0.6666666666666666,5769
stationary,expanding,12,0.6233333333333333,0.05316201648766778,0.31133333333333335,0.03279778497793561,1500,0.1625974025974026,0.11341991341991342,1.0,1.139106658855358,1.0,0.6666666666666666,5775
stationary,expanding,13,0.6086666666666667,0.05337216878709098,0.30933333333333335,0.03389579835418763,1500,0.16200527704485487,0.11310466138962182,1.0,1.1292683147108535,1.0,0.6666666666666666,5685
stationary,expanding,14,0.618,0.054494008387569924,0.29933333333333334,0.03224596375914678,1500,0.16542948038176034,0.10957935666313184,1.0,1.142048297852424,1.0,0.6666666666666666,5658
stationary,expanding,15,0.5573333333333333,0.049945499988095575,0.26466666666666666,0.03031596741398978,1500,0.14955595026642984,0.1261101243339254,1.0,1.1267003079373015,1.0,0.6666666666666666,5630
stationary,expanding,16,0.6033333333333334,0.0533993075377558,0.2906666666666667,0.031944399877555575,1500,0.15995094604064472,0.11527680448493342,1.0,1.115974550127919,1.0,0.6666666666666666,5708
stationary,expanding,17,0.5953333333333334,0.053116747017840985,0.2926666666666667,0.03240241654795075,1500,0.1578395385422129,0.12777486453417236,1.0,1.1287426884490293,1.0,0.6666666666666666,5721
stationary,expanding,18,0.61,0.05259118180669429,0.2986666666666667,0.032446625237747065,1500,0.16544446431765336,0.1166159899839027,1.0,1.1291405223447522,1.0,0.6666666666666666,5591
stationary,expanding,19,0.5606666666666666,0.050850809735536816,0.2826666666666667,0.03265531526145013,1500,0.15091653319095924,0.11728065492080442,1.0,1.1195753999038953,1.0,0.6666666666666666,5619
stationary,expanding,20,0.5933333333333334,0.05264124172728797,0.284,0.03209770957588391,1500,0.16150522146200935,0.11685271876125315,1.0,1.11477014162949,1.0,0.6666666666666666,5554
stationary,expanding,21,0.5773333333333334,0.05162689519316786,0.31,0.034306147992484916,1500,0.15543205449982073,0.11150950161348154,1.0,1.1449940039502677,1.0,0.6666666666666666,5578
stationary,expanding,22,0.5353333333333333,0.05057536143446254,0.2806666666666667,0.0324635234855572,1500,0.14430966821262933,0.11826614341776667,1.0,1.1244574885775078,1.0,0.6666666666666666,5606
stationary,expanding,23,0.556,0.05035816354675422,0.26066666666666666,0.029665159508279977,1500,0.14961750578188934,0.12026329834549013,1.0,1.115974550127919,1.0,0.6666666666666666,5621
stationary,expanding,24,0.5953333333333334,0.05327733084199155,0.292,0.03249678539994034,1500,0.1595124536301007,0.12594947889065536,1.0,1.1199917094762075,1.0,0.6666666666666666,5661
stationary,expanding,25,0.5726666666666667,0.052039741091304915,0.29133333333333333,0.032274774128142364,1500,0.1522272886706419,0.11960715538407576,1.0,1.135688570999119,1.0,0.6666666666666666,5702
stationary,expanding,26,0.596,0.05321008380259189,0.2693333333333333,0.03085396782644394,1500,0.15749824807288018,0.1193062368605466,1.0,1.1246827451702615,1.0,0.6666666666666666,5708
stationary,expanding,27,0.6253333333333333,0.053214279198974125,0.31666666666666665,0.032823196246632255,1500,0.16397148322030952,0.11441488436793601,1.0,1.1284926141115874,1.0,0.6666666666666666,5751
stationary,expanding,28,0.558,0.051126823638403915,0.27666666666666667,0.03186176706848523,1500,0.14968039772727273,0.11399147727272728,1.0,1.1292683147108535,1.0,0.6666666666666666,5632
stationary,expanding,29,0.5553333333333333,0.05005378655475876,0.2753333333333333,0.031187128222204142,1500,0.1499196858825629,0.11957879707299661,1.0,1.134805342047356,1.0,0.6666666666666666,5603
stationary,expanding,30,0.532,0.04903749457172001,0.2693333333333333,0.03118444375169907,1500,0.1432129514321295,0.11581569115815692,1.0,1.1287426884490293,1.0,0.6666666666666666,5621
stationary,expanding,31,0.5973333333333334,0.05361971492184892,0.318,0.035250931616813135,1500,0.159887304102835,0.1162176439513999,1.0,1.115974550127919,1.0,0.6666666666666666,5679
stationary,expanding,32,0.5993333333333334,0.053130126103047626,0.30733333333333335,0.034218117815070115,1500,0.15892763273173297,0.11915191869633783,1.0,1.1058141215909516,1.0,0.6666666666666666,5707
stationary,expanding,33,0.616,0.05362013976807645,0.31466666666666665,0.03331130330767232,1500,0.16509685445175049,0.11338190865470055,1.0,1.1291405223447522,1.0,0.6666666666666666,5627
stationary,expanding,34,0.5726666666666667,0.05226905286970134,0.29533333333333334,0.03270806325212241,1500,0.15075902983772466,0.11080090734601292,1.0,1.1287426884490293,1.0,0.6666666666666666,5731
stationary,rolling,0,0.242,0.02168191016844153,0.11666666666666667,0.01625140671742023,1500,0.3911637931034483,0.11530172413793104,0.8666666666666667,1.142374460701841,0.6091267372963316,0.6666666666666666,928
stationary,rolling,1,0.9153333333333333,0.05970250074280623,0.448,0.037451256411561634,1500,0.2696126143663617,0.15203426124197003,1.0,1.1365717999508818,0.7577771521269608,0.6666666666666666,5137
stationary,rolling,2,0.87,0.059579358058008666,0.43133333333333335,0.03810662827389564,1500,0.23565170749150724,0.11371357053459681,1.0,1.139106658855358,0.9200000000000003,0.6666666666666666,5593
stationary,rolling,3,0.73,0.054955069848227574,0.366,0.03497728953207918,1500,0.19713518352730527,0.11638316920322292,1.0,1.1148644381551647,0.9666666666666671,0.6666666666666666,5585
stationary,rolling,4,0.68,0.05567704070717066,0.32066666666666666,0.03354849297496035,1500,0.1880232981434292,0.11539861667273389,1.0,1.115974550127919,0.9889992648718362,0.6666666666666666,5494
stationary,rolling,5,0.7246666666666667,0.05581323337808977,0.3486666666666667,0.03440057554512125,1500,0.19482819695359546,0.10379029401346086,1.0,1.141773000416378,1.0,0.6666666666666666,5646
stationary,rolling,6,0.66,0.054969835300581846,0.328,0.03444962650046866,1500,0.18176845943482225,0.10337283500455789,1.0,1.093397543185608,1.0,0.6666666666666666,5485
stationary,rolling,7,0.61,0.05371618544770935,0.292,0.032758605422384506,1500,0.16523451485857502,0.11117078410311493,1.0,1.1246827451702615,1.0,0.6666666666666666,5586
stationary,rolling,8,0.6826666666666666,0.05406649296077707,0.31133333333333335,0.03253628023559538,1500,0.18292682926829268,0.10498409331919406,1.0,1.1267003079373015,1.0,0.6666666666666666,5658
stationary,rolling,9,0.6493333333333333,0.0524724603220975,0.342,0.03486691777687069,1500,0.17716250452406804,0.11093014838943177,1.0666666666666675,1.1365717999508818,1.0,0.6666666666666666,5526
stationary,rolling,10,0.656,0.05478141022061586,0.3233333333333333,0.03393896792543999,1500,0.17476750307071415,0.10300052640814178,1.0,1.141773000416378,1.0,0.6666666666666666,5699
stationary,rolling,11,0.6446666666666667,0.05279799732951303,0.306,0.03224455082429892,1500,0.1690067602704108,0.11301785404749523,1.0,1.142342263524141,1.0,0.6666666666666666,5769
stationary,rolling,12,0.6626666666666666,0.05426143131718357,0.3426666666666667,0.03453000829000187,1500,0.17333333333333334,0.10476190476190476,1.0,1.139106658855358,1.0,0.6666666666666666,5775
stationary,rolling,13,0.652,0.053421070443749205,0.326,0.034174817595784425,1500,0.1741424802110818,0.11873350923482849,1.0,1.1292683147108535,1.0,0.6666666666666666,5685
stationary,rolling,14,0.6393333333333333,0.05395467030183518,0.31533333333333335,0.03321808260739591,1500,0.17179215270413573,0.11947684694238246,1.0,1.142048297852424,1.0,0.6666666666666666,5658
stationary,rolling,15,0.6286666666666667,0.05261257539734623,0.316,0.0339397901495057,1500,0.16927175843694495,0.11438721136767319,1.0,1.1267003079373015,1.0,0.6666666666666666,5630
stationary,rolling,16,0.6513333333333333,0.054251008197775744,0.33,0.034425465438673954,1500,0.17274001401541697,0.1193062368605466,1.0,1.115974550127919,1.0,0.6666666666666666,5708
stationary,rolling,17,0.666,0.05429852054297094,0.32666666666666666,0.03403322614450008,1500,0.17654256248907535,0.11851074986890404,1.0,1.1287426884490293,1.0,0.6666666666666666,5721
stationary,rolling,18,0.6433333333333333,0.05341850115511093,0.31466666666666665,0.03315707808782189,1500,0.17438740833482383,0.1126810946163477,1.0,1.1291405223447522,1.0,0.6666666666666666,5591
stationary,rolling,19,0.6373333333333333,0.05310616357552273,0.30533333333333335,0.03265552453963968,1500,0.17156077593877914,0.11211959423384944,1.0,1.1195753999038953,1.0,0.6666666666666666,5619
stationary,rolling,20,0.6666666666666666,0.054167267166237425,0.3393333333333333,0.03488468431040564,1500,0.1814908174288801,0.11451206337774576,1.0,1.11477014162949,1.0,0.6666666666666666,5554
stationary,rolling,21,0.6346666666666667,0.052378733315000446,0.31333333333333335,0.03308630618931318,1500,0.1712083183936895,0.11061312298314808,1.0,1.1449940039502677,1.0,0.6666666666666666,5578
stationary,rolling,22,0.62,0.05359757577516797,0.30866666666666664,0.03337816886641557,1500,0.1666072065643953,0.11398501605422762,1.0,1.1244574885775078,1.0,0.6666666666666666,5606
stationary,rolling,23,0.6173333333333333,0.052191690942944215,0.312,0.03306695342290318,1500,0.16580679594378225,0.11937377690802348,1.0,1.115974550127919,1.0,0.6666666666666666,5621
stationary,rolling,24,0.6993333333333334,0.05556952496984254,0.35333333333333333,0.03489580012062848,1500,0.18671612789259848,0.10934463875640346,1.0,1.1199917094762075,1.0,0.6666666666666666,5661
stationary,rolling,25,0.67,0.05486172255124468,0.33266666666666667,0.03455795272407112,1500,0.17800771659066994,0.11399508944230095,1.0,1.135688570999119,1.0,0.6666666666666666,5702
stationary,rolling,26,0.6646666666666666,0.05335680111213861,0.3333333333333333,0.033917566312656036,1500,0.1762438682550806,0.11720392431674842,1.0,1.1246827451702615,1.0,0.6666666666666666,5708
stationary,rolling,27,0.7013333333333334,0.055458699655327175,0.35933333333333334,0.03539616353048165,1500,0.18362023995826812,0.11076334550512955,1.0,1.1284926141115874,1.0,0.6666666666666666,5751
stationary,rolling,28,0.6293333333333333,0.05306110404713663,0.31866666666666665,0.03331643185296911,1500,0.16921164772727273,0.11061789772727272,1.0,1.1292683147108535,1.0,0.6666666666666666,5632
stationary,rolling,29,0.6606666666666666,0.05335603261220278,0.33866666666666667,0.03458162598205827,1500,0.1775834374442263,0.1092271997144387,1.0,1.134805342047356,1.0,0.6666666666666666,5603
stationary,rolling,30,0.602,0.0510170973813369,0.30266666666666664,0.03266682357089292,1500,0.16224871019391568,0.11154598825831702,1.0,1.1287426884490293,1.0,0.6666666666666666,5621
stationary,rolling,31,0.6793333333333333,0.05522038831148929,0.3546666666666667,0.03544435087882076,1500,0.18242648353583377,0.11322415918295474,1.0,1.115974550127919,1.0,0.6666666666666666,5679
stationary,rolling,32,0.6713333333333333,0.05519265914218873,0.35333333333333333,0.03547846204381109,1500,0.17820220781496407,0.11634834413877694,1.0,1.1058141215909516,1.0,0.6666666666666666,5707
stationary,rolling,33,0.6973333333333334,0.055833157791552096,0.362,0.035997183533243195,1500,0.1869557490669984,0.10414074995557135,1.0,1.1291405223447522,1.0,0.6666666666666666,5627
stationary,rolling,34,0.666,0.05514153824259749,0.33266666666666667,0.03534012781140142,1500,0.17571104519281103,0.11132437619961612,1.0,1.1287426884490293,1.0,0.6666666666666666,5731
