user_id,timestamp,rmssd_bbi,rmssd_count,rmssd_baseline,rmssd_ratio,hrv_class
01e7fa7a-c196-4b31-831c-bde0fec612b0,2026-06-01 09:00:00,,0,,,
01e7fa7a-c196-4b31-831c-bde0fec612b0,2026-06-01 12:00:00,,0,,,
01e7fa7a-c196-4b31-831c-bde0fec612b0,2026-06-01 15:00:00,,0,,,
01e7fa7a-c196-4b31-831c-bde0fec612b0,2026-06-01 18:00:00,,0,,,
01e7fa7a-c196-4b31-831c-bde0fec612b0,2026-06-01 21:00:00,,0,,,
01e7fa7a-c196-4b31-831c-bde0fec612b0,2026-06-02 09:00:00,,0,,,
01e7fa7a-c196-4b31-831c-bde0fec612b0,2026-06-02 12:00:00,,0,,,
01e7fa7a-c196-4b31-831c-bde0fec612b0,2026-06-02 15:00:00,,0,,,
01e7fa7a-c196-4b31-831c-bde0fec612b0,2026-06-02 18:00:00,,0,,,
01e7fa7a-c196-4b31-831c-bde0fec612b0,2026-06-02 21:00:00,,0,,,
01e7fa7a-c196-4b31-831c-bde0fec612b0,2026-06-03 09:00:00,,0,,,
01e7fa7a-c196-4b31-831c-bde0fec612b0,2026-06-03 12:00:00,,0,,,
01e7fa7a-c196-4b31-831c-bde0fec612b0,2026-06-03 15:00:00,,0,,,
01e7fa7a-c196-4b31-831c-bde0fec612b0,2026-06-03 18:00:00,,0,,,
01e7fa7a-c196-4b31-831c-bde0fec612b0,2026-06-03 21:00:00,,0,,,
01e7fa7a-c196-4b31-831c-bde0fec612b0,2026-06-04 09:00:00,,0,,,
01e7fa7a-c196-4b31-831c-bde0fec612b0,2026-06-04 12:00:00,,0,,,
01e7fa7a-c196-4b31-831c-bde0fec612b0,2026-06-04 15:00:00,,0,,,
01e7fa7a-c196-4b31-831c-bde0fec612b0,2026-06-04 18:00:00,,0,,,
01e7fa7a-c196-4b31-831c-bde0fec612b0,2026-06-04 21:00:00,,0,,,
01e7fa7a-c196-4b31-831c-bde0fec612b0,2026-06-05 09:00:00,,0,,,
01e7fa7a-c196-4b31-831c-bde0fec612b0,2026-06-05 12:00:00,,0,,,
01e7fa7a-c196-4b31-831c-bde0fec612b0,2026-06-05 15:00:00,,0,,,
01e7fa7a-c196-4b31-831c-bde0fec612b0,2026-06-05 18:00:00,,0,,,
01e7fa7a-c196-4b31-831c-bde0fec612b0,2026-06-05 21:00:00,,0,,,
01e7fa7a-c196-4b31-831c-bde0fec612b0,2026-06-06 09:00:00,,0,,,
01e7fa7a-c196-4b31-831c-bde0fec612b0,2026-06-06 12:00:00,,0,,,
01e7fa7a-c196-4b31-831c-bde0fec612b0,2026-06-06 15:00:00,,0,,,
01e7fa7a-c196-4b31-831c-bde0fec612b0,2026-06-06 18:00:00,,0,,,
01e7fa7a-c196-4b31-831c-bde0fec612b0,2026-06-06 21:00:00,,0,,,
01e7fa7a-c196-4b31-831c-bde0fec612b0,2026-06-07 09:00:00,,0,,,
01e7fa7a-c196-4b31-831c-bde0fec612b0,2026-06-07 12:00:00,,0,,,
01e7fa7a-c196-4b31-831c-bde0fec612b0,2026-06-07 15:00:00,,0,,,
01e7fa7a-c196-4b31-831c-bde0fec612b0,2026-06-07 18:00:00,,0,,,
01e7fa7a-c196-4b31-831c-bde0fec612b0,2026-06-07 21:00:00,,0,,,
054043ec-b079-4189-87db-c7d11982cef7,2026-06-01 09:00:00,,0,,,
054043ec-b079-4189-87db-c7d11982cef7,2026-06-01 12:00:00,,0,,,
054043ec-b079-4189-87db-c7d11982cef7,2026-06-01 15:00:00,,0,,,
054043ec-b079-4189-87db-c7d11982cef7,2026-06-01 18:00:00,,0,,,
054043ec-b079-4189-87db-c7d11982cef7,2026-06-01 21:00:00,,0,,,
054043ec-b079-4189-87db-c7d11982cef7,2026-06-02 09:00:00,,0,,,
054043ec-b079-4189-87db-c7d11982cef7,2026-06-02 12:00:00,,0,,,
054043ec-b079-4189-87db-c7d11982cef7,2026-06-02 15:00:00,,0,,,
054043ec-b079-4189-87db-c7d11982cef7,2026-06-02 18:00:00,,0,,,
054043ec-b079-4189-87db-c7d11982cef7,2026-06-02 21:00:00,,0,,,
054043ec-b079-4189-87db-c7d11982cef7,2026-06-03 09:00:00,,0,,,
054043ec-b079-4189-87db-c7d11982cef7,2026-06-03 12:00:00,,0,,,
054043ec-b079-4189-87db-c7d11982cef7,2026-06-03 15:00:00,,0,,,
054043ec-b079-4189-87db-c7d11982cef7,2026-06-03 18:00:00,,0,,,
054043ec-b079-4189-87db-c7d11982cef7,2026-06-03 21:00:00,,0,,,
054043ec-b079-4189-87db-c7d11982cef7,2026-06-04 09:00:00,,0,,,
054043ec-b079-4189-87db-c7d11982cef7,2026-06-04 12:00:00,,0,,,
054043ec-b079-4189-87db-c7d11982cef7,2026-06-04 15:00:00,,0,,,
054043ec-b079-4189-87db-c7d11982cef7,2026-06-04 18:00:00,,0,,,
054043ec-b079-4189-87db-c7d11982cef7,2026-06-04 21:00:00,,0,,,
054043ec-b079-4189-87db-c7d11982cef7,2026-06-05 09:00:00,,0,,,
054043ec-b079-4189-87db-c7d11982cef7,2026-06-05 12:00:00,,0,,,
054043ec-b079-4189-87db-c7d11982cef7,2026-06-05 15:00:00,,0,,,
054043ec-b079-4189-87db-c7d11982cef7,2026-06-05 18:00:00,,0,,,
054043ec-b079-4189-87db-c7d11982cef7,2026-06-05 21:00:00,,0,,,
054043ec-b079-4189-87db-c7d11982cef7,2026-06-06 09:00:00,,0,,,
054043ec-b079-4189-87db-c7d11982cef7,2026-06-06 12:00:00,,0,,,
054043ec-b079-4189-87db-c7d11982cef7,2026-06-06 15:00:00,,0,,,
054043ec-b079-4189-87db-c7d11982cef7,2026-06-06 18:00:00,,0,,,
054043ec-b079-4189-87db-c7d11982cef7,2026-06-06 21:00:00,,0,,,
054043ec-b079-4189-87db-c7d11982cef7,2026-06-07 09:00:00,,0,,,
054043ec-b079-4189-87db-c7d11982cef7,2026-06-07 12:00:00,,0,,,
054043ec-b079-4189-87db-c7d11982cef7,2026-06-07 15:00:00,,0,,,
054043ec-b079-4189-87db-c7d11982cef7,2026-06-07 18:00:00,,0,,,
054043ec-b079-4189-87db-c7d11982cef7,2026-06-07 21:00:00,,0,,,
063b3c65-f0c3-4f22-ae34-47fe53ba8dbc,2026-06-01 09:00:00,,0,,,
063b3c65-f0c3-4f22-ae34-47fe53ba8dbc,2026-06-01 12:00:00,,0,,,
063b3c65-f0c3-4f22-ae34-47fe53ba8dbc,2026-06-01 15:00:00,,0,,,
063b3c65-f0c3-4f22-ae34-47fe53ba8dbc,2026-06-01 18:00:00,,0,,,
063b3c65-f0c3-4f22-ae34-47fe53ba8dbc,2026-06-01 21:00:00,,0,,,
063b3c65-f0c3-4f22-ae34-47fe53ba8dbc,2026-06-02 09:00:00,,0,,,
063b3c65-f0c3-4f22-ae34-47fe53ba8dbc,2026-06-02 12:00:00,,0,,,
063b3c65-f0c3-4f22-ae34-47fe53ba8dbc,2026-06-02 15:00:00,,0,,,
063b3c65-f0c3-4f22-ae34-47fe53ba8dbc,2026-06-02 18:00:00,,0,,,
063b3c65-f0c3-4f22-ae34-47fe53ba8dbc,2026-06-02 21:00:00,,0,,,
063b3c65-f0c3-4f22-ae34-47fe53ba8dbc,2026-06-03 09:00:00,,0,,,
063b3c65-f0c3-4f22-ae34-47fe53ba8dbc,2026-06-03 12:00:00,,0,,,
063b3c65-f0c3-4f22-ae34-47fe53ba8dbc,2026-06-03 15:00:00,,0,,,
063b3c65-f0c3-4f22-ae34-47fe53ba8dbc,2026-06-03 18:00:00,,0,,,
063b3c65-f0c3-4f22-ae34-47fe53ba8dbc,2026-06-03 21:00:00,,0,,,
063b3c65-f0c3-4f22-ae34-47fe53ba8dbc,2026-06-04 09:00:00,,0,,,
063b3c65-f0c3-4f22-ae34-47fe53ba8dbc,2026-06-04 12:00:00,,0,,,
063b3c65-f0c3-4f22-ae34-47fe53ba8dbc,2026-06-04 15:00:00,,0,,,
063b3c65-f0c3-4f22-ae34-47fe53ba8dbc,2026-06-04 18:00:00,,0,,,
063b3c65-f0c3-4f22-ae34-47fe53ba8dbc,2026-06-04 21:00:00,,0,,,
063b3c65-f0c3-4f22-ae34-47fe53ba8dbc,2026-06-05 09:00:00,,0,,,
063b3c65-f0c3-4f22-ae34-47fe53ba8dbc,2026-06-05 12:00:00,,0,,,
063b3c65-f0c3-4f22-ae34-47fe53ba8dbc,2026-06-05 15:00:00,,0,,,
063b3c65-f0c3-4f22-ae34-47fe53ba8dbc,2026-06-05 18:00:00,,0,,,
063b3c65-f0c3-4f22-ae34-47fe53ba8dbc,2026-06-05 21:00:00,,0,,,
063b3c65-f0c3-4f22-ae34-47fe53ba8dbc,2026-06-06 09:00:00,,0,,,
063b3c65-f0c3-4f22-ae34-47fe53ba8dbc,2026-06-06 12:00:00,,0,,,
063b3c65-f0c3-4f22-ae34-47fe53ba8dbc,2026-06-06 15:00:00,,0,,,
063b3c65-f0c3-4f22-ae34-47fe53ba8dbc,2026-06-06 18:00:00,,0,,,
063b3c65-f0c3-4f22-ae34-47fe53ba8dbc,2026-06-06 21:00:00,,0,,,
063b3c65-f0c3-4f22-ae34-47fe53ba8dbc,2026-06-07 09:00:00,,0,,,
063b3c65-f0c3-4f22-ae34-47fe53ba8dbc,2026-06-07 12:00:00,,0,,,
063b3c65-f0c3-4f22-ae34-47fe53ba8dbc,2026-06-07 15:00:00,,0,,,
063b3c65-f0c3-4f22-ae34-47fe53ba8dbc,2026-06-07 18:00:00,,0,,,
063b3c65-f0c3-4f22-ae34-47fe53ba8dbc,2026-06-07 21:00:00,,0,,,
0a1e7484-9c88-4314-9955-9c026b289b0f,2026-06-01 09:00:00,,0,,,
0a1e7484-9c88-4314-9955-9c026b289b0f,2026-06-01 12:00:00,,0,,,
0a1e7484-9c88-4314-9955-9c026b289b0f,2026-06-01 15:00:00,,0,,,
0a1e7484-9c88-4314-9955-9c026b289b0f,2026-06-01 18:00:00,,0,,,
0a1e7484-9c88-4314-9955-9c026b289b0f,2026-06-01 21:00:00,,0,,,
0a1e7484-9c88-4314-9955-9c026b289b0f,2026-06-02 09:00:00,,0,,,
0a1e7484-9c88-4314-9955-9c026b289b0f,2026-06-02 12:00:00,,0,,,
0a1e7484-9c88-4314-9955-9c026b289b0f,2026-06-02 15:00:00,,0,,,
0a1e7484-9c88-4314-9955-9c026b289b0f,2026-06-02 18:00:00,,0,,,
0a1e7484-9c88-4314-9955-9c026b289b0f,2026-06-02 21:00:00,,0,,,
0a1e7484-9c88-4314-9955-9c026b289b0f,2026-06-03 09:00:00,,0,,,
0a1e7484-9c88-4314-9955-9c026b289b0f,2026-06-03 12:00:00,,0,,,
0a1e7484-9c88-4314-9955-9c026b289b0f,2026-06-03 15:00:00,,0,,,
0a1e7484-9c88-4314-9955-9c026b289b0f,2026-06-03 18:00:00,,0,,,
0a1e7484-9c88-4314-9955-9c026b289b0f,2026-06-03 21:00:00,,0,,,
0a1e7484-9c88-4314-9955-9c026b289b0f,2026-06-04 09:00:00,,0,,,
0a1e7484-9c88-4314-9955-9c026b289b0f,2026-06-04 12:00:00,,0,,,
0a1e7484-9c88-4314-9955-9c026b289b0f,2026-06-04 15:00:00,,0,,,
0a1e7484-9c88-4314-9955-9c026b289b0f,2026-06-04 18:00:00,,0,,,
0a1e7484-9c88-4314-9955-9c026b289b0f,2026-06-04 21:00:00,,0,,,
0a1e7484-9c88-4314-9955-9c026b289b0f,2026-06-05 09:00:00,,0,,,
0a1e7484-9c88-4314-9955-9c026b289b0f,2026-06-05 12:00:00,,0,,,
0a1e7484-9c88-4314-9955-9c026b289b0f,2026-06-05 15:00:00,,0,,,
0a1e7484-9c88-4314-9955-9c026b289b0f,2026-06-05 18:00:00,,0,,,
0a1e7484-9c88-4314-9955-9c026b289b0f,2026-06-05 21:00:00,,0,,,
0a1e7484-9c88-4314-9955-9c026b289b0f,2026-06-06 09:00:00,,0,,,
0a1e7484-9c88-4314-9955-9c026b289b0f,2026-06-06 12:00:00,,0,,,
0a1e7484-9c88-4314-9955-9c026b289b0f,2026-06-06 15:00:00,,0,,,
0a1e7484-9c88-4314-9955-9c026b289b0f,2026-06-06 18:00:00,,0,,,
0a1e7484-9c88-4314-9955-9c026b289b0f,2026-06-06 21:00:00,,0,,,
0a1e7484-9c88-4314-9955-9c026b289b0f,2026-06-07 09:00:00,,0,,,
0a1e7484-9c88-4314-9955-9c026b289b0f,2026-06-07 12:00:00,,0,,,
0a1e7484-9c88-4314-9955-9c026b289b0f,2026-06-07 15:00:00,,0,,,
0a1e7484-9c88-4314-9955-9c026b289b0f,2026-06-07 18:00:00,,0,,,
0a1e7484-9c88-4314-9955-9c026b289b0f,2026-06-07 21:00:00,,0,,,
0b99efe7-26fd-40e3-8dd5-30662a37beaf,2026-06-01 09:00:00,,0,,,
0b99efe7-26fd-40e3-8dd5-30662a37beaf,2026-06-01 12:00:00,,0,,,
0b99efe7-26fd-40e3-8dd5-30662a37beaf,2026-06-01 15:00:00,,0,,,
0b99efe7-26fd-40e3-8dd5-30662a37beaf,2026-06-01 18:00:00,,0,,,
0b99efe7-26fd-40e3-8dd5-30662a37beaf,2026-06-01 21:00:00,,0,,,
0b99efe7-26fd-40e3-8dd5-30662a37beaf,2026-06-02 09:00:00,,0,,,
0b99efe7-26fd-40e3-8dd5-30662a37beaf,2026-06-02 12:00:00,,0,,,
0b99efe7-26fd-40e3-8dd5-30662a37beaf,2026-06-02 15:00:00,,0,,,
0b99efe7-26fd-40e3-8dd5-30662a37beaf,2026-06-02 18:00:00,,0,,,
0b99efe7-26fd-40e3-8dd5-30662a37beaf,2026-06-02 21:00:00,,0,,,
0b99efe7-26fd-40e3-8dd5-30662a37beaf,2026-06-03 09:00:00,,0,,,
0b99efe7-26fd-40e3-8dd5-30662a37beaf,2026-06-03 12:00:00,,0,,,
0b99efe7-26fd-40e3-8dd5-30662a37beaf,2026-06-03 15:00:00,,0,,,
0b99efe7-26fd-40e3-8dd5-30662a37beaf,2026-06-03 18:00:00,,0,,,
0b99efe7-26fd-40e3-8dd5-30662a37beaf,2026-06-03 21:00:00,,0,,,
0b99efe7-26fd-40e3-8dd5-30662a37beaf,2026-06-04 09:00:00,,0,,,
0b99efe7-26fd-40e3-8dd5-30662a37beaf,2026-06-04 12:00:00,,0,,,
0b99efe7-26fd-40e3-8dd5-30662a37beaf,2026-06-04 15:00:00,,0,,,
0b99efe7-26fd-40e3-8dd5-30662a37beaf,2026-06-04 18:00:00,,0,,,
0b99efe7-26fd-40e3-8dd5-30662a37beaf,2026-06-04 21:00:00,,0,,,
0b99efe7-26fd-40e3-8dd5-30662a37beaf,2026-06-05 09:00:00,,0,,,
0b99efe7-26fd-40e3-8dd5-30662a37beaf,2026-06-05 12:00:00,,0,,,
0b99efe7-26fd-40e3-8dd5-30662a37beaf,2026-06-05 15:00:00,,0,,,
0b99efe7-26fd-40e3-8dd5-30662a37beaf,2026-06-05 18:00:00,,0,,,
0b99efe7-26fd-40e3-8dd5-30662a37beaf,2026-06-05 21:00:00,,0,,,
0b99efe7-26fd-40e3-8dd5-30662a37beaf,2026-06-06 09:00:00,,0,,,
0b99efe7-26fd-40e3-8dd5-30662a37beaf,2026-06-06 12:00:00,,0,,,
0b99efe7-26fd-40e3-8dd5-30662a37beaf,2026-06-06 15:00:00,,0,,,
0b99efe7-26fd-40e3-8dd5-30662a37beaf,2026-06-06 18:00:00,,0,,,
0b99efe7-26fd-40e3-8dd5-30662a37beaf,2026-06-06 21:00:00,,0,,,
0b99efe7-26fd-40e3-8dd5-30662a37beaf,2026-06-07 09:00:00,,0,,,
0b99efe7-26fd-40e3-8dd5-30662a37beaf,2026-06-07 12:00:00,,0,,,
0b99efe7-26fd-40e3-8dd5-30662a37beaf,2026-06-07 15:00:00,,0,,,
0b99efe7-26fd-40e3-8dd5-30662a37beaf,2026-06-07 18:00:00,,0,,,
0b99efe7-26fd-40e3-8dd5-30662a37beaf,2026-06-07 21:00:00,,0,,,
0d14fbb9-881d-42c1-be29-2f579fde5289,2026-06-01 09:00:00,,0,,,
0d14fbb9-881d-42c1-be29-2f579fde5289,2026-06-01 12:00:00,,0,,,
0d14fbb9-881d-42c1-be29-2f579fde5289,2026-06-01 15:00:00,,0,,,
0d14fbb9-881d-42c1-be29-2f579fde5289,2026-06-01 18:00:00,,0,,,
0d14fbb9-881d-42c1-be29-2f579fde5289,2026-06-01 21:00:00,,0,,,
0d14fbb9-881d-42c1-be29-2f579fde5289,2026-06-02 09:00:00,,0,,,
0d14fbb9-881d-42c1-be29-2f579fde5289,2026-06-02 12:00:00,,0,,,
0d14fbb9-881d-42c1-be29-2f579fde5289,2026-06-02 15:00:00,,0,,,
0d14fbb9-881d-42c1-be29-2f579fde5289,2026-06-02 18:00:00,,0,,,
0d14fbb9-881d-42c1-be29-2f579fde5289,2026-06-02 21:00:00,,0,,,
0d14fbb9-881d-42c1-be29-2f579fde5289,2026-06-03 09:00:00,,0,,,
0d14fbb9-881d-42c1-be29-2f579fde5289,2026-06-03 12:00:00,,0,,,
0d14fbb9-881d-42c1-be29-2f579fde5289,2026-06-03 15:00:00,,0,,,
0d14fbb9-881d-42c1-be29-2f579fde5289,2026-06-03 18:00:00,,0,,,
0d14fbb9-881d-42c1-be29-2f579fde5289,2026-06-03 21:00:00,,0,,,
0d14fbb9-881d-42c1-be29-2f579fde5289,2026-06-04 09:00:00,,0,,,
0d14fbb9-881d-42c1-be29-2f579fde5289,2026-06-04 12:00:00,,0,,,
0d14fbb9-881d-42c1-be29-2f579fde5289,2026-06-04 15:00:00,,0,,,
0d14fbb9-881d-42c1-be29-2f579fde5289,2026-06-04 18:00:00,,0,,,
0d14fbb9-881d-42c1-be29-2f579fde5289,2026-06-04 21:00:00,,0,,,
0d14fbb9-881d-42c1-be29-2f579fde5289,2026-06-05 09:00:00,,0,,,
0d14fbb9-881d-42c1-be29-2f579fde5289,2026-06-05 12:00:00,,0,,,
0d14fbb9-881d-42c1-be29-2f579fde5289,2026-06-05 15:00:00,,0,,,
0d14fbb9-881d-42c1-be29-2f579fde5289,2026-06-05 18:00:00,,0,,,
0d14fbb9-881d-42c1-be29-2f579fde5289,2026-06-05 21:00:00,,0,,,
0d14fbb9-881d-42c1-be29-2f579fde5289,2026-06-06 09:00:00,,0,,,
0d14fbb9-881d-42c1-be29-2f579fde5289,2026-06-06 12:00:00,,0,,,
0d14fbb9-881d-42c1-be29-2f579fde5289,2026-06-06 15:00:00,,0,,,
0d14fbb9-881d-42c1-be29-2f579fde5289,2026-06-06 18:00:00,,0,,,
0d14fbb9-881d-42c1-be29-2f579fde5289,2026-06-06 21:00:00,,0,,,
0d14fbb9-881d-42c1-be29-2f579fde5289,2026-06-07 09:00:00,,0,,,
0d14fbb9-881d-42c1-be29-2f579fde5289,2026-06-07 12:00:00,,0,,,
0d14fbb9-881d-42c1-be29-2f579fde5289,2026-06-07 15:00:00,,0,,,
0d14fbb9-881d-42c1-be29-2f579fde5289,2026-06-07 18:00:00,,0,,,
0d14fbb9-881d-42c1-be29-2f579fde5289,2026-06-07 21:00:00,,0,,,
0df8622a-372d-4611-bf45-d84405e39e99,2026-06-01 09:00:00,,0,,,
0df8622a-372d-4611-bf45-d84405e39e99,2026-06-01 12:00:00,,0,,,
0df8622a-372d-4611-bf45-d84405e39e99,2026-06-01 15:00:00,,0,,,
0df8622a-372d-4611-bf45-d84405e39e99,2026-06-01 18:00:00,,0,,,
0df8622a-372d-4611-bf45-d84405e39e99,2026-06-01 21:00:00,,0,,,
0df8622a-372d-4611-bf45-d84405e39e99,2026-06-02 09:00:00,,0,,,
0df8622a-372d-4611-bf45-d84405e39e99,2026-06-02 12:00:00,,0,,,
0df8622a-372d-4611-bf45-d84405e39e99,2026-06-02 15:00:00,,0,,,
0df8622a-372d-4611-bf45-d84405e39e99,2026-06-02 18:00:00,,0,,,
0df8622a-372d-4611-bf45-d84405e39e99,2026-06-02 21:00:00,,0,,,
0df8622a-372d-4611-bf45-d84405e39e99,2026-06-03 09:00:00,,0,,,
0df8622a-372d-4611-bf45-d84405e39e99,2026-06-03 12:00:00,,0,,,
0df8622a-372d-4611-bf45-d84405e39e99,2026-06-03 15:00:00,,0,,,
0df8622a-372d-4611-bf45-d84405e39e99,2026-06-03 18:00:00,,0,,,
0df8622a-372d-4611-bf45-d84405e39e99,2026-06-03 21:00:00,,0,,,
0df8622a-372d-4611-bf45-d84405e39e99,2026-06-04 09:00:00,,0,,,
0df8622a-372d-4611-bf45-d84405e39e99,2026-06-04 12:00:00,,0,,,
0df8622a-372d-4611-bf45-d84405e39e99,2026-06-04 15:00:00,,0,,,
0df8622a-372d-4611-bf45-d84405e39e99,2026-06-04 18:00:00,,0,,,
0df8622a-372d-4611-bf45-d84405e39e99,2026-06-04 21:00:00,,0,,,
0df8622a-372d-4611-bf45-d84405e39e99,2026-06-05 09:00:00,,0,,,
0df8622a-372d-4611-bf45-d84405e39e99,2026-06-05 12:00:00,,0,,,
0df8622a-372d-4611-bf45-d84405e39e99,2026-06-05 15:00:00,,0,,,
0df8622a-372d-4611-bf45-d84405e39e99,2026-06-05 18:00:00,,0,,,
0df8622a-372d-4611-bf45-d84405e39e99,2026-06-05 21:00:00,,0,,,
0df8622a-372d-4611-bf45-d84405e39e99,2026-06-06 09:00:00,,0,,,
0df8622a-372d-4611-bf45-d84405e39e99,2026-06-06 12:00:00,,0,,,
0df8622a-372d-4611-bf45-d84405e39e99,2026-06-06 15:00:00,,0,,,
0df8622a-372d-4611-bf45-d84405e39e99,2026-06-06 18:00:00,,0,,,
0df8622a-372d-4611-bf45-d84405e39e99,2026-06-06 21:00:00,,0,,,
0df8622a-372d-4611-bf45-d84405e39e99,2026-06-07 09:00:00,,0,,,
0df8622a-372d-4611-bf45-d84405e39e99,2026-06-07 12:00:00,,0,,,
0df8622a-372d-4611-bf45-d84405e39e99,2026-06-07 15:00:00,,0,,,
0df8622a-372d-4611-bf45-d84405e39e99,2026-06-07 18:00:00,,0,,,
0df8622a-372d-4611-bf45-d84405e39e99,2026-06-07 21:00:00,,0,,,
0f46228d-4bcc-4744-8785-b75002721f00,2026-06-01 09:00:00,,0,,,
0f46228d-4bcc-4744-8785-b75002721f00,2026-06-01 12:00:00,,0,,,
0f46228d-4bcc-4744-8785-b75002721f00,2026-06-01 15:00:00,,0,,,
0f46228d-4bcc-4744-8785-b75002721f00,2026-06-01 18:00:00,,0,,,
0f46228d-4bcc-4744-8785-b75002721f00,2026-06-01 21:00:00,,0,,,
0f46228d-4bcc-4744-8785-b75002721f00,2026-06-02 09:00:00,,0,,,
0f46228d-4bcc-4744-8785-b75002721f00,2026-06-02 12:00:00,,0,,,
0f46228d-4bcc-4744-8785-b75002721f00,2026-06-02 15:00:00,,0,,,
0f46228d-4bcc-4744-8785-b75002721f00,2026-06-02 18:00:00,,0,,,
0f46228d-4bcc-4744-8785-b75002721f00,2026-06-02 21:00:00,,0,,,
0f46228d-4bcc-4744-8785-b75002721f00,2026-06-03 09:00:00,,0,,,
0f46228d-4bcc-4744-8785-b75002721f00,2026-06-03 12:00:00,,0,,,
0f46228d-4bcc-4744-8785-b75002721f00,2026-06-03 15:00:00,,0,,,
0f46228d-4bcc-4744-8785-b75002721f00,2026-06-03 18:00:00,,0,,,
0f46228d-4bcc-4744-8785-b75002721f00,2026-06-03 21:00:00,,0,,,
0f46228d-4bcc-4744-8785-b75002721f00,2026-06-04 09:00:00,,0,,,
0f46228d-4bcc-4744-8785-b75002721f00,2026-06-04 12:00:00,,0,,,
0f46228d-4bcc-4744-8785-b75002721f00,2026-06-04 15:00:00,,0,,,
0f46228d-4bcc-4744-8785-b75002721f00,2026-06-04 18:00:00,,0,,,
0f46228d-4bcc-4744-8785-b75002721f00,2026-06-04 21:00:00,,0,,,
0f46228d-4bcc-4744-8785-b75002721f00,2026-06-05 09:00:00,,0,,,
0f46228d-4bcc-4744-8785-b75002721f00,2026-06-05 12:00:00,,0,,,
0f46228d-4bcc-4744-8785-b75002721f00,2026-06-05 15:00:00,,0,,,
0f46228d-4bcc-4744-8785-b75002721f00,2026-06-05 18:00:00,,0,,,
0f46228d-4bcc-4744-8785-b75002721f00,2026-06-05 21:00:00,,0,,,
0f46228d-4bcc-4744-8785-b75002721f00,2026-06-06 09:00:00,,0,,,
0f46228d-4bcc-4744-8785-b75002721f00,2026-06-06 12:00:00,,0,,,
0f46228d-4bcc-4744-8785-b75002721f00,2026-06-06 15:00:00,,0,,,
0f46228d-4bcc-4744-8785-b75002721f00,2026-06-06 18:00:00,,0,,,
0f46228d-4bcc-4744-8785-b75002721f00,2026-06-06 21:00:00,,0,,,
0f46228d-4bcc-4744-8785-b75002721f00,2026-06-07 09:00:00,,0,,,
0f46228d-4bcc-4744-8785-b75002721f00,2026-06-07 12:00:00,,0,,,
0f46228d-4bcc-4744-8785-b75002721f00,2026-06-07 15:00:00,,0,,,
0f46228d-4bcc-4744-8785-b75002721f00,2026-06-07 18:00:00,,0,,,
0f46228d-4bcc-4744-8785-b75002721f00,2026-06-07 21:00:00,,0,,,
108c2cb3-2cdd-4c18-86d0-e1a8d17b1ebd,2026-06-01 09:00:00,,0,,,
108c2cb3-2cdd-4c18-86d0-e1a8d17b1ebd,2026-06-01 12:00:00,,0,,,
108c2cb3-2cdd-4c18-86d0-e1a8d17b1ebd,2026-06-01 15:00:00,,0,,,
108c2cb3-2cdd-4c18-86d0-e1a8d17b1ebd,2026-06-01 18:00:00,,0,,,
108c2cb3-2cdd-4c18-86d0-e1a8d17b1ebd,2026-06-01 21:00:00,,0,,,
108c2cb3-2cdd-4c18-86d0-e1a8d17b1ebd,2026-06-02 09:00:00,,0,,,
108c2cb3-2cdd-4c18-86d0-e1a8d17b1ebd,2026-06-02 12:00:00,,0,,,
108c2cb3-2cdd-4c18-86d0-e1a8d17b1ebd,2026-06-02 15:00:00,,0,,,
108c2cb3-2cdd-4c18-86d0-e1a8d17b1ebd,2026-06-02 18:00:00,,0,,,
108c2cb3-2cdd-4c18-86d0-e1a8d17b1ebd,2026-06-02 21:00:00,,0,,,
108c2cb3-2cdd-4c18-86d0-e1a8d17b1ebd,2026-06-03 09:00:00,,0,,,
108c2cb3-2cdd-4c18-86d0-e1a8d17b1ebd,2026-06-03 12:00:00,,0,,,
108c2cb3-2cdd-4c18-86d0-e1a8d17b1ebd,2026-06-03 15:00:00,,0,,,
108c2cb3-2cdd-4c18-86d0-e1a8d17b1ebd,2026-06-03 18:00:00,,0,,,
108c2cb3-2cdd-4c18-86d0-e1a8d17b1ebd,2026-06-03 21:00:00,,0,,,
108c2cb3-2cdd-4c18-86d0-e1a8d17b1ebd,2026-06-04 09:00:00,,0,,,
108c2cb3-2cdd-4c18-86d0-e1a8d17b1ebd,2026-06-04 12:00:00,,0,,,
108c2cb3-2cdd-4c18-86d0-e1a8d17b1ebd,2026-06-04 15:00:00,,0,,,
108c2cb3-2cdd-4c18-86d0-e1a8d17b1ebd,2026-06-04 18:00:00,,0,,,
108c2cb3-2cdd-4c18-86d0-e1a8d17b1ebd,2026-06-04 21:00:00,,0,,,
108c2cb3-2cdd-4c18-86d0-e1a8d17b1ebd,2026-06-05 09:00:00,,0,,,
108c2cb3-2cdd-4c18-86d0-e1a8d17b1ebd,2026-06-05 12:00:00,,0,,,
108c2cb3-2cdd-4c18-86d0-e1a8d17b1ebd,2026-06-05 15:00:00,,0,,,
108c2cb3-2cdd-4c18-86d0-e1a8d17b1ebd,2026-06-05 18:00:00,,0,,,
108c2cb3-2cdd-4c18-86d0-e1a8d17b1ebd,2026-06-05 21:00:00,,0,,,
108c2cb3-2cdd-4c18-86d0-e1a8d17b1ebd,2026-06-06 09:00:00,,0,,,
108c2cb3-2cdd-4c18-86d0-e1a8d17b1ebd,2026-06-06 12:00:00,,0,,,
108c2cb3-2cdd-4c18-86d0-e1a8d17b1ebd,2026-06-06 15:00:00,,0,,,
108c2cb3-2cdd-4c18-86d0-e1a8d17b1ebd,2026-06-06 18:00:00,,0,,,
108c2cb3-2cdd-4c18-86d0-e1a8d17b1ebd,2026-06-06 21:00:00,,0,,,
108c2cb3-2cdd-4c18-86d0-e1a8d17b1ebd,2026-06-07 09:00:00,,0,,,
108c2cb3-2cdd-4c18-86d0-e1a8d17b1ebd,2026-06-07 12:00:00,,0,,,
108c2cb3-2cdd-4c18-86d0-e1a8d17b1ebd,2026-06-07 15:00:00,,0,,,
108c2cb3-2cdd-4c18-86d0-e1a8d17b1ebd,2026-06-07 18:00:00,,0,,,
108c2cb3-2cdd-4c18-86d0-e1a8d17b1ebd,2026-06-07 21:00:00,,0,,,
138ca475-2d1b-4502-9e69-65f756118d15,2026-06-01 09:00:00,,0,,,
138ca475-2d1b-4502-9e69-65f756118d15,2026-06-01 12:00:00,,0,,,
138ca475-2d1b-4502-9e69-65f756118d15,2026-06-01 15:00:00,,0,,,
138ca475-2d1b-4502-9e69-65f756118d15,2026-06-01 18:00:00,,0,,,
138ca475-2d1b-4502-9e69-65f756118d15,2026-06-01 21:00:00,,0,,,
138ca475-2d1b-4502-9e69-65f756118d15,2026-06-02 09:00:00,,0,,,
138ca475-2d1b-4502-9e69-65f756118d15,2026-06-02 12:00:00,,0,,,
138ca475-2d1b-4502-9e69-65f756118d15,2026-06-02 15:00:00,,0,,,
138ca475-2d1b-4502-9e69-65f756118d15,2026-06-02 18:00:00,,0,,,
138ca475-2d1b-4502-9e69-65f756118d15,2026-06-02 21:00:00,,0,,,
138ca475-2d1b-4502-9e69-65f756118d15,2026-06-03 09:00:00,,0,,,
138ca475-2d1b-4502-9e69-65f756118d15,2026-06-03 12:00:00,,0,,,
138ca475-2d1b-4502-9e69-65f756118d15,2026-06-03 15:00:00,,0,,,
138ca475-2d1b-4502-9e69-65f756118d15,2026-06-03 18:00:00,,0,,,
138ca475-2d1b-4502-9e69-65f756118d15,2026-06-03 21:00:00,,0,,,
138ca475-2d1b-4502-9e69-65f756118d15,2026-06-04 09:00:00,,0,,,
138ca475-2d1b-4502-9e69-65f756118d15,2026-06-04 12:00:00,,0,,,
138ca475-2d1b-4502-9e69-65f756118d15,2026-06-04 15:00:00,,0,,,
138ca475-2d1b-4502-9e69-65f756118d15,2026-06-04 18:00:00,,0,,,
138ca475-2d1b-4502-9e69-65f756118d15,2026-06-04 21:00:00,,0,,,
138ca475-2d1b-4502-9e69-65f756118d15,2026-06-05 09:00:00,,0,,,
138ca475-2d1b-4502-9e69-65f756118d15,2026-06-05 12:00:00,,0,,,
138ca475-2d1b-4502-9e69-65f756118d15,2026-06-05 15:00:00,,0,,,
138ca475-2d1b-4502-9e69-65f756118d15,2026-06-05 18:00:00,,0,,,
138ca475-2d1b-4502-9e69-65f756118d15,2026-06-05 21:00:00,,0,,,
138ca475-2d1b-4502-9e69-65f756118d15,2026-06-06 09:00:00,,0,,,
138ca475-2d1b-4502-9e69-65f756118d15,2026-06-06 12:00:00,,0,,,
138ca475-2d1b-4502-9e69-65f756118d15,2026-06-06 15:00:00,,0,,,
138ca475-2d1b-4502-9e69-65f756118d15,2026-06-06 18:00:00,,0,,,
138ca475-2d1b-4502-9e69-65f756118d15,2026-06-06 21:00:00,,0,,,
138ca475-2d1b-4502-9e69-65f756118d15,2026-06-07 09:00:00,,0,,,
138ca475-2d1b-4502-9e69-65f756118d15,2026-06-07 12:00:00,,0,,,
138ca475-2d1b-4502-9e69-65f756118d15,2026-06-07 15:00:00,,0,,,
138ca475-2d1b-4502-9e69-65f756118d15,2026-06-07 18:00:00,,0,,,
138ca475-2d1b-4502-9e69-65f756118d15,2026-06-07 21:00:00,,0,,,
192f9d48-b41e-4c4b-b5c5-e17c62377576,2026-06-01 09:00:00,,0,,,
192f9d48-b41e-4c4b-b5c5-e17c62377576,2026-06-01 12:00:00,,0,,,
192f9d48-b41e-4c4b-b5c5-e17c62377576,2026-06-01 15:00:00,,0,,,
192f9d48-b41e-4c4b-b5c5-e17c62377576,2026-06-01 18:00:00,,0,,,
192f9d48-b41e-4c4b-b5c5-e17c62377576,2026-06-01 21:00:00,,0,,,
192f9d48-b41e-4c4b-b5c5-e17c62377576,2026-06-02 09:00:00,,0,,,
192f9d48-b41e-4c4b-b5c5-e17c62377576,2026-06-02 12:00:00,,0,,,
192f9d48-b41e-4c4b-b5c5-e17c62377576,2026-06-02 15:00:00,,0,,,
192f9d48-b41e-4c4b-b5c5-e17c62377576,2026-06-02 18:00:00,,0,,,
192f9d48-b41e-4c4b-b5c5-e17c62377576,2026-06-02 21:00:00,,0,,,
192f9d48-b41e-4c4b-b5c5-e17c62377576,2026-06-03 09:00:00,,0,,,
192f9d48-b41e-4c4b-b5c5-e17c62377576,2026-06-03 12:00:00,,0,,,
192f9d48-b41e-4c4b-b5c5-e17c62377576,2026-06-03 15:00:00,,0,,,
192f9d48-b41e-4c4b-b5c5-e17c62377576,2026-06-03 18:00:00,,0,,,
192f9d48-b41e-4c4b-b5c5-e17c62377576,2026-06-03 21:00:00,,0,,,
192f9d48-b41e-4c4b-b5c5-e17c62377576,2026-06-04 09:00:00,,0,,,
192f9d48-b41e-4c4b-b5c5-e17c62377576,2026-06-04 12:00:00,,0,,,
192f9d48-b41e-4c4b-b5c5-e17c62377576,2026-06-04 15:00:00,,0,,,
192f9d48-b41e-4c4b-b5c5-e17c62377576,2026-06-04 18:00:00,,0,,,
192f9d48-b41e-4c4b-b5c5-e17c62377576,2026-06-04 21:00:00,,0,,,
192f9d48-b41e-4c4b-b5c5-e17c62377576,2026-06-05 09:00:00,,0,,,
192f9d48-b41e-4c4b-b5c5-e17c62377576,2026-06-05 12:00:00,,0,,,
192f9d48-b41e-4c4b-b5c5-e17c62377576,2026-06-05 15:00:00,,0,,,
192f9d48-b41e-4c4b-b5c5-e17c62377576,2026-06-05 18:00:00,,0,,,
192f9d48-b41e-4c4b-b5c5-e17c62377576,2026-06-05 21:00:00,,0,,,
192f9d48-b41e-4c4b-b5c5-e17c62377576,2026-06-06 09:00:00,,0,,,
192f9d48-b41e-4c4b-b5c5-e17c62377576,2026-06-06 12:00:00,,0,,,
192f9d48-b41e-4c4b-b5c5-e17c62377576,2026-06-06 15:00:00,,0,,,
192f9d48-b41e-4c4b-b5c5-e17c62377576,2026-06-06 18:00:00,,0,,,
192f9d48-b41e-4c4b-b5c5-e17c62377576,2026-06-06 21:00:00,,0,,,
192f9d48-b41e-4c4b-b5c5-e17c62377576,2026-06-07 09:00:00,,0,,,
192f9d48-b41e-4c4b-b5c5-e17c62377576,2026-06-07 12:00:00,,0,,,
192f9d48-b41e-4c4b-b5c5-e17c62377576,2026-06-07 15:00:00,,0,,,
192f9d48-b41e-4c4b-b5c5-e17c62377576,2026-06-07 18:00:00,,0,,,
192f9d48-b41e-4c4b-b5c5-e17c62377576,2026-06-07 21:00:00,,0,,,
1959be84-144e-437c-8039-c1425ffb7a5f,2026-06-01 09:00:00,,0,,,
1959be84-144e-437c-8039-c1425ffb7a5f,2026-06-01 12:00:00,,0,,,
1959be84-144e-437c-8039-c1425ffb7a5f,2026-06-01 15:00:00,,0,,,
1959be84-144e-437c-8039-c1425ffb7a5f,2026-06-01 18:00:00,,0,,,
1959be84-144e-437c-8039-c1425ffb7a5f,2026-06-01 21:00:00,,0,,,
1959be84-144e-437c-8039-c1425ffb7a5f,2026-06-02 09:00:00,,0,,,
1959be84-144e-437c-8039-c1425ffb7a5f,2026-06-02 12:00:00,,0,,,
1959be84-144e-437c-8039-c1425ffb7a5f,2026-06-02 15:00:00,,0,,,
1959be84-144e-437c-8039-c1425ffb7a5f,2026-06-02 18:00:00,,0,,,
1959be84-144e-437c-8039-c1425ffb7a5f,2026-06-02 21:00:00,,0,,,
1959be84-144e-437c-8039-c1425ffb7a5f,2026-06-03 09:00:00,,0,,,
1959be84-144e-437c-8039-c1425ffb7a5f,2026-06-03 12:00:00,,0,,,
1959be84-144e-437c-8039-c1425ffb7a5f,2026-06-03 15:00:00,,0,,,
1959be84-144e-437c-8039-c1425ffb7a5f,2026-06-03 18:00:00,,0,,,
1959be84-144e-437c-8039-c1425ffb7a5f,2026-06-03 21:00:00,,0,,,
1959be84-144e-437c-8039-c1425ffb7a5f,2026-06-04 09:00:00,,0,,,
1959be84-144e-437c-8039-c1425ffb7a5f,2026-06-04 12:00:00,,0,,,
1959be84-144e-437c-8039-c1425ffb7a5f,2026-06-04 15:00:00,,0,,,
1959be84-144e-437c-8039-c1425ffb7a5f,2026-06-04 18:00:00,,0,,,
1959be84-144e-437c-8039-c1425ffb7a5f,2026-06-04 21:00:00,,0,,,
1959be84-144e-437c-8039-c1425ffb7a5f,2026-06-05 09:00:00,,0,,,
1959be84-144e-437c-8039-c1425ffb7a5f,2026-06-05 12:00:00,,0,,,
1959be84-144e-437c-8039-c1425ffb7a5f,2026-06-05 15:00:00,,0,,,
1959be84-144e-437c-8039-c1425ffb7a5f,2026-06-05 18:00:00,,0,,,
1959be84-144e-437c-8039-c1425ffb7a5f,2026-06-05 21:00:00,,0,,,
1959be84-144e-437c-8039-c1425ffb7a5f,2026-06-06 09:00:00,,0,,,
1959be84-144e-437c-8039-c1425ffb7a5f,2026-06-06 12:00:00,,0,,,
1959be84-144e-437c-8039-c1425ffb7a5f,2026-06-06 15:00:00,,0,,,
1959be84-144e-437c-8039-c1425ffb7a5f,2026-06-06 18:00:00,,0,,,
1959be84-144e-437c-8039-c1425ffb7a5f,2026-06-06 21:00:00,,0,,,
1959be84-144e-437c-8039-c1425ffb7a5f,2026-06-07 09:00:00,,0,,,
1959be84-144e-437c-8039-c1425ffb7a5f,2026-06-07 12:00:00,,0,,,
1959be84-144e-437c-8039-c1425ffb7a5f,2026-06-07 15:00:00,,0,,,
1959be84-144e-437c-8039-c1425ffb7a5f,2026-06-07 18:00:00,,0,,,
1959be84-144e-437c-8039-c1425ffb7a5f,2026-06-07 21:00:00,,0,,,
19bfc6b2-94b6-48c4-aa2a-f484e0c9311f,2026-06-01 09:00:00,,0,,,
19bfc6b2-94b6-48c4-aa2a-f484e0c9311f,2026-06-01 12:00:00,,0,,,
19bfc6b2-94b6-48c4-aa2a-f484e0c9311f,2026-06-01 15:00:00,,0,,,
19bfc6b2-94b6-48c4-aa2a-f484e0c9311f,2026-06-01 18:00:00,,0,,,
19bfc6b2-94b6-48c4-aa2a-f484e0c9311f,2026-06-01 21:00:00,,0,,,
19bfc6b2-94b6-48c4-aa2a-f484e0c9311f,2026-06-02 09:00:00,,0,,,
19bfc6b2-94b6-48c4-aa2a-f484e0c9311f,2026-06-02 12:00:00,,0,,,
19bfc6b2-94b6-48c4-aa2a-f484e0c9311f,2026-06-02 15:00:00,,0,,,
19bfc6b2-94b6-48c4-aa2a-f484e0c9311f,2026-06-02 18:00:00,,0,,,
19bfc6b2-94b6-48c4-aa2a-f484e0c9311f,2026-06-02 21:00:00,,0,,,
19bfc6b2-94b6-48c4-aa2a-f484e0c9311f,2026-06-03 09:00:00,,0,,,
19bfc6b2-94b6-48c4-aa2a-f484e0c9311f,2026-06-03 12:00:00,,0,,,
19bfc6b2-94b6-48c4-aa2a-f484e0c9311f,2026-06-03 15:00:00,,0,,,
19bfc6b2-94b6-48c4-aa2a-f484e0c9311f,2026-06-03 18:00:00,,0,,,
19bfc6b2-94b6-48c4-aa2a-f484e0c9311f,2026-06-03 21:00:00,,0,,,
19bfc6b2-94b6-48c4-aa2a-f484e0c9311f,2026-06-04 09:00:00,,0,,,
19bfc6b2-94b6-48c4-aa2a-f484e0c9311f,2026-06-04 12:00:00,,0,,,
19bfc6b2-94b6-48c4-aa2a-f484e0c9311f,2026-06-04 15:00:00,,0,,,
19bfc6b2-94b6-48c4-aa2a-f484e0c9311f,2026-06-04 18:00:00,,0,,,
19bfc6b2-94b6-48c4-aa2a-f484e0c9311f,2026-06-04 21:00:00,,0,,,
19bfc6b2-94b6-48c4-aa2a-f484e0c9311f,2026-06-05 09:00:00,,0,,,
19bfc6b2-94b6-48c4-aa2a-f484e0c9311f,2026-06-05 12:00:00,,0,,,
19bfc6b2-94b6-48c4-aa2a-f484e0c9311f,2026-06-05 15:00:00,,0,,,
19bfc6b2-94b6-48c4-aa2a-f484e0c9311f,2026-06-05 18:00:00,,0,,,
19bfc6b2-94b6-48c4-aa2a-f484e0c9311f,2026-06-05 21:00:00,,0,,,
19bfc6b2-94b6-48c4-aa2a-f484e0c9311f,2026-06-06 09:00:00,,0,,,
19bfc6b2-94b6-48c4-aa2a-f484e0c9311f,2026-06-06 12:00:00,,0,,,
19bfc6b2-94b6-48c4-aa2a-f484e0c9311f,2026-06-06 15:00:00,,0,,,
19bfc6b2-94b6-48c4-aa2a-f484e0c9311f,2026-06-06 18:00:00,,0,,,
19bfc6b2-94b6-48c4-aa2a-f484e0c9311f,2026-06-06 21:00:00,,0,,,
19bfc6b2-94b6-48c4-aa2a-f484e0c9311f,2026-06-07 09:00:00,,0,,,
19bfc6b2-94b6-48c4-aa2a-f484e0c9311f,2026-06-07 12:00:00,,0,,,
19bfc6b2-94b6-48c4-aa2a-f484e0c9311f,2026-06-07 15:00:00,,0,,,
19bfc6b2-94b6-48c4-aa2a-f484e0c9311f,2026-06-07 18:00:00,,0,,,
19bfc6b2-94b6-48c4-aa2a-f484e0c9311f,2026-06-07 21:00:00,,0,,,
1f8e6496-6601-4c79-b819-b1c1f61a49e8,2026-06-01 09:00:00,,0,,,
1f8e6496-6601-4c79-b819-b1c1f61a49e8,2026-06-01 12:00:00,,0,,,
1f8e6496-6601-4c79-b819-b1c1f61a49e8,2026-06-01 15:00:00,,0,,,
1f8e6496-6601-4c79-b819-b1c1f61a49e8,2026-06-01 18:00:00,,0,,,
1f8e6496-6601-4c79-b819-b1c1f61a49e8,2026-06-01 21:00:00,,0,,,
1f8e6496-6601-4c79-b819-b1c1f61a49e8,2026-06-02 09:00:00,,0,,,
1f8e6496-6601-4c79-b819-b1c1f61a49e8,2026-06-02 12:00:00,,0,,,
1f8e6496-6601-4c79-b819-b1c1f61a49e8,2026-06-02 15:00:00,,0,,,
1f8e6496-6601-4c79-b819-b1c1f61a49e8,2026-06-02 18:00:00,,0,,,
1f8e6496-6601-4c79-b819-b1c1f61a49e8,2026-06-02 21:00:00,,0,,,
1f8e6496-6601-4c79-b819-b1c1f61a49e8,2026-06-03 09:00:00,,0,,,
1f8e6496-6601-4c79-b819-b1c1f61a49e8,2026-06-03 12:00:00,,0,,,
1f8e6496-6601-4c79-b819-b1c1f61a49e8,2026-06-03 15:00:00,,0,,,
1f8e6496-6601-4c79-b819-b1c1f61a49e8,2026-06-03 18:00:00,,0,,,
1f8e6496-6601-4c79-b819-b1c1f61a49e8,2026-06-03 21:00:00,,0,,,
1f8e6496-6601-4c79-b819-b1c1f61a49e8,2026-06-04 09:00:00,,0,,,
1f8e6496-6601-4c79-b819-b1c1f61a49e8,2026-06-04 12:00:00,,0,,,
1f8e6496-6601-4c79-b819-b1c1f61a49e8,2026-06-04 15:00:00,,0,,,
1f8e6496-6601-4c79-b819-b1c1f61a49e8,2026-06-04 18:00:00,,0,,,
1f8e6496-6601-4c79-b819-b1c1f61a49e8,2026-06-04 21:00:00,,0,,,
1f8e6496-6601-4c79-b819-b1c1f61a49e8,2026-06-05 09:00:00,,0,,,
1f8e6496-6601-4c79-b819-b1c1f61a49e8,2026-06-05 12:00:00,,0,,,
1f8e6496-6601-4c79-b819-b1c1f61a49e8,2026-06-05 15:00:00,,0,,,
1f8e6496-6601-4c79-b819-b1c1f61a49e8,2026-06-05 18:00:00,,0,,,
1f8e6496-6601-4c79-b819-b1c1f61a49e8,2026-06-05 21:00:00,,0,,,
1f8e6496-6601-4c79-b819-b1c1f61a49e8,2026-06-06 09:00:00,,0,,,
1f8e6496-6601-4c79-b819-b1c1f61a49e8,2026-06-06 12:00:00,,0,,,
1f8e6496-6601-4c79-b819-b1c1f61a49e8,2026-06-06 15:00:00,,0,,,
1f8e6496-6601-4c79-b819-b1c1f61a49e8,2026-06-06 18:00:00,,0,,,
1f8e6496-6601-4c79-b819-b1c1f61a49e8,2026-06-06 21:00:00,,0,,,
1f8e6496-6601-4c79-b819-b1c1f61a49e8,2026-06-07 09:00:00,,0,,,
1f8e6496-6601-4c79-b819-b1c1f61a49e8,2026-06-07 12:00:00,,0,,,
1f8e6496-6601-4c79-b819-b1c1f61a49e8,2026-06-07 15:00:00,,0,,,
1f8e6496-6601-4c79-b819-b1c1f61a49e8,2026-06-07 18:00:00,,0,,,
1f8e6496-6601-4c79-b819-b1c1f61a49e8,2026-06-07 21:00:00,,0,,,
222cabe9-67e3-4d65-9f0a-b7cf6834ad34,2026-06-01 09:00:00,,0,,,
222cabe9-67e3-4d65-9f0a-b7cf6834ad34,2026-06-01 12:00:00,,0,,,
222cabe9-67e3-4d65-9f0a-b7cf6834ad34,2026-06-01 15:00:00,,0,,,
222cabe9-67e3-4d65-9f0a-b7cf6834ad34,2026-06-01 18:00:00,,0,,,
222cabe9-67e3-4d65-9f0a-b7cf6834ad34,2026-06-01 21:00:00,,0,,,
222cabe9-67e3-4d65-9f0a-b7cf6834ad34,2026-06-02 09:00:00,,0,,,
222cabe9-67e3-4d65-9f0a-b7cf6834ad34,2026-06-02 12:00:00,,0,,,
222cabe9-67e3-4d65-9f0a-b7cf6834ad34,2026-06-02 15:00:00,,0,,,
222cabe9-67e3-4d65-9f0a-b7cf6834ad34,2026-06-02 18:00:00,,0,,,
222cabe9-67e3-4d65-9f0a-b7cf6834ad34,2026-06-02 21:00:00,,0,,,
222cabe9-67e3-4d65-9f0a-b7cf6834ad34,2026-06-03 09:00:00,,0,,,
222cabe9-67e3-4d65-9f0a-b7cf6834ad34,2026-06-03 12:00:00,,0,,,
222cabe9-67e3-4d65-9f0a-b7cf6834ad34,2026-06-03 15:00:00,,0,,,
222cabe9-67e3-4d65-9f0a-b7cf6834ad34,2026-06-03 18:00:00,,0,,,
222cabe9-67e3-4d65-9f0a-b7cf6834ad34,2026-06-03 21:00:00,,0,,,
222cabe9-67e3-4d65-9f0a-b7cf6834ad34,2026-06-04 09:00:00,,0,,,
222cabe9-67e3-4d65-9f0a-b7cf6834ad34,2026-06-04 12:00:00,,0,,,
222cabe9-67e3-4d65-9f0a-b7cf6834ad34,2026-06-04 15:00:00,,0,,,
222cabe9-67e3-4d65-9f0a-b7cf6834ad34,2026-06-04 18:00:00,,0,,,
222cabe9-67e3-4d65-9f0a-b7cf6834ad34,2026-06-04 21:00:00,,0,,,
222cabe9-67e3-4d65-9f0a-b7cf6834ad34,2026-06-05 09:00:00,,0,,,
222cabe9-67e3-4d65-9f0a-b7cf6834ad34,2026-06-05 12:00:00,,0,,,
222cabe9-67e3-4d65-9f0a-b7cf6834ad34,2026-06-05 15:00:00,,0,,,
222cabe9-67e3-4d65-9f0a-b7cf6834ad34,2026-06-05 18:00:00,,0,,,
222cabe9-67e3-4d65-9f0a-b7cf6834ad34,2026-06-05 21:00:00,,0,,,
222cabe9-67e3-4d65-9f0a-b7cf6834ad34,2026-06-06 09:00:00,,0,,,
222cabe9-67e3-4d65-9f0a-b7cf6834ad34,2026-06-06 12:00:00,,0,,,
222cabe9-67e3-4d65-9f0a-b7cf6834ad34,2026-06-06 15:00:00,,0,,,
222cabe9-67e3-4d65-9f0a-b7cf6834ad34,2026-06-06 18:00:00,,0,,,
222cabe9-67e3-4d65-9f0a-b7cf6834ad34,2026-06-06 21:00:00,,0,,,
222cabe9-67e3-4d65-9f0a-b7cf6834ad34,2026-06-07 09:00:00,,0,,,
222cabe9-67e3-4d65-9f0a-b7cf6834ad34,2026-06-07 12:00:00,,0,,,
222cabe9-67e3-4d65-9f0a-b7cf6834ad34,2026-06-07 15:00:00,,0,,,
222cabe9-67e3-4d65-9f0a-b7cf6834ad34,2026-06-07 18:00:00,,0,,,
222cabe9-67e3-4d65-9f0a-b7cf6834ad34,2026-06-07 21:00:00,,0,,,
24604773-4bb7-4851-89a3-b699fb1e5d89,2026-06-01 09:00:00,,0,,,
24604773-4bb7-4851-89a3-b699fb1e5d89,2026-06-01 12:00:00,,0,,,
24604773-4bb7-4851-89a3-b699fb1e5d89,2026-06-01 15:00:00,,0,,,
24604773-4bb7-4851-89a3-b699fb1e5d89,2026-06-01 18:00:00,,0,,,
24604773-4bb7-4851-89a3-b699fb1e5d89,2026-06-01 21:00:00,,0,,,
24604773-4bb7-4851-89a3-b699fb1e5d89,2026-06-02 09:00:00,,0,,,
24604773-4bb7-4851-89a3-b699fb1e5d89,2026-06-02 12:00:00,,0,,,
24604773-4bb7-4851-89a3-b699fb1e5d89,2026-06-02 15:00:00,,0,,,
24604773-4bb7-4851-89a3-b699fb1e5d89,2026-06-02 18:00:00,,0,,,
24604773-4bb7-4851-89a3-b699fb1e5d89,2026-06-02 21:00:00,,0,,,
24604773-4bb7-4851-89a3-b699fb1e5d89,2026-06-03 09:00:00,,0,,,
24604773-4bb7-4851-89a3-b699fb1e5d89,2026-06-03 12:00:00,,0,,,
24604773-4bb7-4851-89a3-b699fb1e5d89,2026-06-03 15:00:00,,0,,,
24604773-4bb7-4851-89a3-b699fb1e5d89,2026-06-03 18:00:00,,0,,,
24604773-4bb7-4851-89a3-b699fb1e5d89,2026-06-03 21:00:00,,0,,,
24604773-4bb7-4851-89a3-b699fb1e5d89,2026-06-04 09:00:00,,0,,,
24604773-4bb7-4851-89a3-b699fb1e5d89,2026-06-04 12:00:00,,0,,,
24604773-4bb7-4851-89a3-b699fb1e5d89,2026-06-04 15:00:00,,0,,,
24604773-4bb7-4851-89a3-b699fb1e5d89,2026-06-04 18:00:00,,0,,,
24604773-4bb7-4851-89a3-b699fb1e5d89,2026-06-04 21:00:00,,0,,,
24604773-4bb7-4851-89a3-b699fb1e5d89,2026-06-05 09:00:00,,0,,,
24604773-4bb7-4851-89a3-b699fb1e5d89,2026-06-05 12:00:00,,0,,,
24604773-4bb7-4851-89a3-b699fb1e5d89,2026-06-05 15:00:00,,0,,,
24604773-4bb7-4851-89a3-b699fb1e5d89,2026-06-05 18:00:00,,0,,,
24604773-4bb7-4851-89a3-b699fb1e5d89,2026-06-05 21:00:00,,0,,,
24604773-4bb7-4851-89a3-b699fb1e5d89,2026-06-06 09:00:00,,0,,,
24604773-4bb7-4851-89a3-b699fb1e5d89,2026-06-06 12:00:00,,0,,,
24604773-4bb7-4851-89a3-b699fb1e5d89,2026-06-06 15:00:00,,0,,,
24604773-4bb7-4851-89a3-b699fb1e5d89,2026-06-06 18:00:00,,0,,,
24604773-4bb7-4851-89a3-b699fb1e5d89,2026-06-06 21:00:00,,0,,,
24604773-4bb7-4851-89a3-b699fb1e5d89,2026-06-07 09:00:00,,0,,,
24604773-4bb7-4851-89a3-b699fb1e5d89,2026-06-07 12:00:00,,0,,,
24604773-4bb7-4851-89a3-b699fb1e5d89,2026-06-07 15:00:00,,0,,,
24604773-4bb7-4851-89a3-b699fb1e5d89,2026-06-07 18:00:00,,0,,,
24604773-4bb7-4851-89a3-b699fb1e5d89,2026-06-07 21:00:00,,0,,,
24dab776-ad0b-4768-a456-aae16983f1c6,2026-06-01 09:00:00,,0,,,
24dab776-ad0b-4768-a456-aae16983f1c6,2026-06-01 12:00:00,,0,,,
24dab776-ad0b-4768-a456-aae16983f1c6,2026-06-01 15:00:00,,0,,,
24dab776-ad0b-4768-a456-aae16983f1c6,2026-06-01 18:00:00,,0,,,
24dab776-ad0b-4768-a456-aae16983f1c6,2026-06-01 21:00:00,,0,,,
24dab776-ad0b-4768-a456-aae16983f1c6,2026-06-02 09:00:00,,0,,,
24dab776-ad0b-4768-a456-aae16983f1c6,2026-06-02 12:00:00,,0,,,
24dab776-ad0b-4768-a456-aae16983f1c6,2026-06-02 15:00:00,,0,,,
24dab776-ad0b-4768-a456-aae16983f1c6,2026-06-02 18:00:00,,0,,,
24dab776-ad0b-4768-a456-aae16983f1c6,2026-06-02 21:00:00,,0,,,
24dab776-ad0b-4768-a456-aae16983f1c6,2026-06-03 09:00:00,,0,,,
24dab776-ad0b-4768-a456-aae16983f1c6,2026-06-03 12:00:00,,0,,,
24dab776-ad0b-4768-a456-aae16983f1c6,2026-06-03 15:00:00,,0,,,
24dab776-ad0b-4768-a456-aae16983f1c6,2026-06-03 18:00:00,,0,,,
24dab776-ad0b-4768-a456-aae16983f1c6,2026-06-03 21:00:00,,0,,,
24dab776-ad0b-4768-a456-aae16983f1c6,2026-06-04 09:00:00,,0,,,
24dab776-ad0b-4768-a456-aae16983f1c6,2026-06-04 12:00:00,,0,,,
24dab776-ad0b-4768-a456-aae16983f1c6,2026-06-04 15:00:00,,0,,,
24dab776-ad0b-4768-a456-aae16983f1c6,2026-06-04 18:00:00,,0,,,
24dab776-ad0b-4768-a456-aae16983f1c6,2026-06-04 21:00:00,,0,,,
24dab776-ad0b-4768-a456-aae16983f1c6,2026-06-05 09:00:00,,0,,,
24dab776-ad0b-4768-a456-aae16983f1c6,2026-06-05 12:00:00,,0,,,
24dab776-ad0b-4768-a456-aae16983f1c6,2026-06-05 15:00:00,,0,,,
24dab776-ad0b-4768-a456-aae16983f1c6,2026-06-05 18:00:00,,0,,,
24dab776-ad0b-4768-a456-aae16983f1c6,2026-06-05 21:00:00,,0,,,
24dab776-ad0b-4768-a456-aae16983f1c6,2026-06-06 09:00:00,,0,,,
24dab776-ad0b-4768-a456-aae16983f1c6,2026-06-06 12:00:00,,0,,,
24dab776-ad0b-4768-a456-aae16983f1c6,2026-06-06 15:00:00,,0,,,
24dab776-ad0b-4768-a456-aae16983f1c6,2026-06-06 18:00:00,,0,,,
24dab776-ad0b-4768-a456-aae16983f1c6,2026-06-06 21:00:00,,0,,,
24dab776-ad0b-4768-a456-aae16983f1c6,2026-06-07 09:00:00,,0,,,
24dab776-ad0b-4768-a456-aae16983f1c6,2026-06-07 12:00:00,,0,,,
24dab776-ad0b-4768-a456-aae16983f1c6,2026-06-07 15:00:00,,0,,,
24dab776-ad0b-4768-a456-aae16983f1c6,2026-06-07 18:00:00,,0,,,
24dab776-ad0b-4768-a456-aae16983f1c6,2026-06-07 21:00:00,,0,,,
2bb85cf7-e8da-4523-a7cc-88d718d68fc4,2026-06-01 09:00:00,,0,,,
2bb85cf7-e8da-4523-a7cc-88d718d68fc4,2026-06-01 12:00:00,,0,,,
2bb85cf7-e8da-4523-a7cc-88d718d68fc4,2026-06-01 15:00:00,,0,,,
2bb85cf7-e8da-4523-a7cc-88d718d68fc4,2026-06-01 18:00:00,,0,,,
2bb85cf7-e8da-4523-a7cc-88d718d68fc4,2026-06-01 21:00:00,,0,,,
2bb85cf7-e8da-4523-a7cc-88d718d68fc4,2026-06-02 09:00:00,,0,,,
2bb85cf7-e8da-4523-a7cc-88d718d68fc4,2026-06-02 12:00:00,,0,,,
2bb85cf7-e8da-4523-a7cc-88d718d68fc4,2026-06-02 15:00:00,,0,,,
2bb85cf7-e8da-4523-a7cc-88d718d68fc4,2026-06-02 18:00:00,,0,,,
2bb85cf7-e8da-4523-a7cc-88d718d68fc4,2026-06-02 21:00:00,,0,,,
2bb85cf7-e8da-4523-a7cc-88d718d68fc4,2026-06-03 09:00:00,,0,,,
2bb85cf7-e8da-4523-a7cc-88d718d68fc4,2026-06-03 12:00:00,,0,,,
2bb85cf7-e8da-4523-a7cc-88d718d68fc4,2026-06-03 15:00:00,,0,,,
2bb85cf7-e8da-4523-a7cc-88d718d68fc4,2026-06-03 18:00:00,,0,,,
2bb85cf7-e8da-4523-a7cc-88d718d68fc4,2026-06-03 21:00:00,,0,,,
2bb85cf7-e8da-4523-a7cc-88d718d68fc4,2026-06-04 09:00:00,,0,,,
2bb85cf7-e8da-4523-a7cc-88d718d68fc4,2026-06-04 12:00:00,,0,,,
2bb85cf7-e8da-4523-a7cc-88d718d68fc4,2026-06-04 15:00:00,,0,,,
2bb85cf7-e8da-4523-a7cc-88d718d68fc4,2026-06-04 18:00:00,,0,,,
2bb85cf7-e8da-4523-a7cc-88d718d68fc4,2026-06-04 21:00:00,,0,,,
2bb85cf7-e8da-4523-a7cc-88d718d68fc4,2026-06-05 09:00:00,,0,,,
2bb85cf7-e8da-4523-a7cc-88d718d68fc4,2026-06-05 12:00:00,,0,,,
2bb85cf7-e8da-4523-a7cc-88d718d68fc4,2026-06-05 15:00:00,,0,,,
2bb85cf7-e8da-4523-a7cc-88d718d68fc4,2026-06-05 18:00:00,,0,,,
2bb85cf7-e8da-4523-a7cc-88d718d68fc4,2026-06-05 21:00:00,,0,,,
2bb85cf7-e8da-4523-a7cc-88d718d68fc4,2026-06-06 09:00:00,,0,,,
2bb85cf7-e8da-4523-a7cc-88d718d68fc4,2026-06-06 12:00:00,,0,,,
2bb85cf7-e8da-4523-a7cc-88d718d68fc4,2026-06-06 15:00:00,,0,,,
2bb85cf7-e8da-4523-a7cc-88d718d68fc4,2026-06-06 18:00:00,,0,,,
2bb85cf7-e8da-4523-a7cc-88d718d68fc4,2026-06-06 21:00:00,,0,,,
2bb85cf7-e8da-4523-a7cc-88d718d68fc4,2026-06-07 09:00:00,,0,,,
2bb85cf7-e8da-4523-a7cc-88d718d68fc4,2026-06-07 12:00:00,,0,,,
2bb85cf7-e8da-4523-a7cc-88d718d68fc4,2026-06-07 15:00:00,,0,,,
2bb85cf7-e8da-4523-a7cc-88d718d68fc4,2026-06-07 18:00:00,,0,,,
2bb85cf7-e8da-4523-a7cc-88d718d68fc4,2026-06-07 21:00:00,,0,,,
2c1abc5e-4bed-4bac-bd5b-56b4145baf47,2026-06-01 09:00:00,,0,,,
2c1abc5e-4bed-4bac-bd5b-56b4145baf47,2026-06-01 12:00:00,,0,,,
2c1abc5e-4bed-4bac-bd5b-56b4145baf47,2026-06-01 15:00:00,,0,,,
2c1abc5e-4bed-4bac-bd5b-56b4145baf47,2026-06-01 18:00:00,,0,,,
2c1abc5e-4bed-4bac-bd5b-56b4145baf47,2026-06-01 21:00:00,,0,,,
2c1abc5e-4bed-4bac-bd5b-56b4145baf47,2026-06-02 09:00:00,,0,,,
2c1abc5e-4bed-4bac-bd5b-56b4145baf47,2026-06-02 12:00:00,,0,,,
2c1abc5e-4bed-4bac-bd5b-56b4145baf47,2026-06-02 15:00:00,,0,,,
2c1abc5e-4bed-4bac-bd5b-56b4145baf47,2026-06-02 18:00:00,,0,,,
2c1abc5e-4bed-4bac-bd5b-56b4145baf47,2026-06-02 21:00:00,,0,,,
2c1abc5e-4bed-4bac-bd5b-56b4145baf47,2026-06-03 09:00:00,,0,,,
2c1abc5e-4bed-4bac-bd5b-56b4145baf47,2026-06-03 12:00:00,,0,,,
2c1abc5e-4bed-4bac-bd5b-56b4145baf47,2026-06-03 15:00:00,,0,,,
2c1abc5e-4bed-4bac-bd5b-56b4145baf47,2026-06-03 18:00:00,,0,,,
2c1abc5e-4bed-4bac-bd5b-56b4145baf47,2026-06-03 21:00:00,,0,,,
2c1abc5e-4bed-4bac-bd5b-56b4145baf47,2026-06-04 09:00:00,,0,,,
2c1abc5e-4bed-4bac-bd5b-56b4145baf47,2026-06-04 12:00:00,,0,,,
2c1abc5e-4bed-4bac-bd5b-56b4145baf47,2026-06-04 15:00:00,,0,,,
2c1abc5e-4bed-4bac-bd5b-56b4145baf47,2026-06-04 18:00:00,,0,,,
2c1abc5e-4bed-4bac-bd5b-56b4145baf47,2026-06-04 21:00:00,,0,,,
2c1abc5e-4bed-4bac-bd5b-56b4145baf47,2026-06-05 09:00:00,,0,,,
2c1abc5e-4bed-4bac-bd5b-56b4145baf47,2026-06-05 12:00:00,,0,,,
2c1abc5e-4bed-4bac-bd5b-56b4145baf47,2026-06-05 15:00:00,,0,,,
2c1abc5e-4bed-4bac-bd5b-56b4145baf47,2026-06-05 18:00:00,,0,,,
2c1abc5e-4bed-4bac-bd5b-56b4145baf47,2026-06-05 21:00:00,,0,,,
2c1abc5e-4bed-4bac-bd5b-56b4145baf47,2026-06-06 09:00:00,,0,,,
2c1abc5e-4bed-4bac-bd5b-56b4145baf47,2026-06-06 12:00:00,,0,,,
2c1abc5e-4bed-4bac-bd5b-56b4145baf47,2026-06-06 15:00:00,,0,,,
2c1abc5e-4bed-4bac-bd5b-56b4145baf47,2026-06-06 18:00:00,,0,,,
2c1abc5e-4bed-4bac-bd5b-56b4145baf47,2026-06-06 21:00:00,,0,,,
2c1abc5e-4bed-4bac-bd5b-56b4145baf47,2026-06-07 09:00:00,,0,,,
2c1abc5e-4bed-4bac-bd5b-56b4145baf47,2026-06-07 12:00:00,,0,,,
2c1abc5e-4bed-4bac-bd5b-56b4145baf47,2026-06-07 15:00:00,,0,,,
2c1abc5e-4bed-4bac-bd5b-56b4145baf47,2026-06-07 18:00:00,,0,,,
2c1abc5e-4bed-4bac-bd5b-56b4145baf47,2026-06-07 21:00:00,,0,,,
2f61905e-5f00-4712-8e7a-c367b307dd73,2026-06-01 09:00:00,,0,,,
2f61905e-5f00-4712-8e7a-c367b307dd73,2026-06-01 12:00:00,,0,,,
2f61905e-5f00-4712-8e7a-c367b307dd73,2026-06-01 15:00:00,,0,,,
2f61905e-5f00-4712-8e7a-c367b307dd73,2026-06-01 18:00:00,,0,,,
2f61905e-5f00-4712-8e7a-c367b307dd73,2026-06-01 21:00:00,,0,,,
2f61905e-5f00-4712-8e7a-c367b307dd73,2026-06-02 09:00:00,,0,,,
2f61905e-5f00-4712-8e7a-c367b307dd73,2026-06-02 12:00:00,,0,,,
2f61905e-5f00-4712-8e7a-c367b307dd73,2026-06-02 15:00:00,,0,,,
2f61905e-5f00-4712-8e7a-c367b307dd73,2026-06-02 18:00:00,,0,,,
2f61905e-5f00-4712-8e7a-c367b307dd73,2026-06-02 21:00:00,,0,,,
2f61905e-5f00-4712-8e7a-c367b307dd73,2026-06-03 09:00:00,,0,,,
2f61905e-5f00-4712-8e7a-c367b307dd73,2026-06-03 12:00:00,,0,,,
2f61905e-5f00-4712-8e7a-c367b307dd73,2026-06-03 15:00:00,,0,,,
2f61905e-5f00-4712-8e7a-c367b307dd73,2026-06-03 18:00:00,,0,,,
2f61905e-5f00-4712-8e7a-c367b307dd73,2026-06-03 21:00:00,,0,,,
2f61905e-5f00-4712-8e7a-c367b307dd73,2026-06-04 09:00:00,,0,,,
2f61905e-5f00-4712-8e7a-c367b307dd73,2026-06-04 12:00:00,,0,,,
2f61905e-5f00-4712-8e7a-c367b307dd73,2026-06-04 15:00:00,,0,,,
2f61905e-5f00-4712-8e7a-c367b307dd73,2026-06-04 18:00:00,,0,,,
2f61905e-5f00-4712-8e7a-c367b307dd73,2026-06-04 21:00:00,,0,,,
2f61905e-5f00-4712-8e7a-c367b307dd73,2026-06-05 09:00:00,,0,,,
2f61905e-5f00-4712-8e7a-c367b307dd73,2026-06-05 12:00:00,,0,,,
2f61905e-5f00-4712-8e7a-c367b307dd73,2026-06-05 15:00:00,,0,,,
2f61905e-5f00-4712-8e7a-c367b307dd73,2026-06-05 18:00:00,,0,,,
2f61905e-5f00-4712-8e7a-c367b307dd73,2026-06-05 21:00:00,,0,,,
2f61905e-5f00-4712-8e7a-c367b307dd73,2026-06-06 09:00:00,,0,,,
2f61905e-5f00-4712-8e7a-c367b307dd73,2026-06-06 12:00:00,,0,,,
2f61905e-5f00-4712-8e7a-c367b307dd73,2026-06-06 15:00:00,,0,,,
2f61905e-5f00-4712-8e7a-c367b307dd73,2026-06-06 18:00:00,,0,,,
2f61905e-5f00-4712-8e7a-c367b307dd73,2026-06-06 21:00:00,,0,,,
2f61905e-5f00-4712-8e7a-c367b307dd73,2026-06-07 09:00:00,,0,,,
2f61905e-5f00-4712-8e7a-c367b307dd73,2026-06-07 12:00:00,,0,,,
2f61905e-5f00-4712-8e7a-c367b307dd73,2026-06-07 15:00:00,,0,,,
2f61905e-5f00-4712-8e7a-c367b307dd73,2026-06-07 18:00:00,,0,,,
2f61905e-5f00-4712-8e7a-c367b307dd73,2026-06-07 21:00:00,,0,,,
32ad44fe-e7a5-42ce-a5bc-736a06772a26,2026-06-01 09:00:00,,0,,,
32ad44fe-e7a5-42ce-a5bc-736a06772a26,2026-06-01 12:00:00,,0,,,
32ad44fe-e7a5-42ce-a5bc-736a06772a26,2026-06-01 15:00:00,,0,,,
32ad44fe-e7a5-42ce-a5bc-736a06772a26,2026-06-01 18:00:00,,0,,,
32ad44fe-e7a5-42ce-a5bc-736a06772a26,2026-06-01 21:00:00,,0,,,
32ad44fe-e7a5-42ce-a5bc-736a06772a26,2026-06-02 09:00:00,,0,,,
32ad44fe-e7a5-42ce-a5bc-736a06772a26,2026-06-02 12:00:00,,0,,,
32ad44fe-e7a5-42ce-a5bc-736a06772a26,2026-06-02 15:00:00,,0,,,
32ad44fe-e7a5-42ce-a5bc-736a06772a26,2026-06-02 18:00:00,,0,,,
32ad44fe-e7a5-42ce-a5bc-736a06772a26,2026-06-02 21:00:00,,0,,,
32ad44fe-e7a5-42ce-a5bc-736a06772a26,2026-06-03 09:00:00,,0,,,
32ad44fe-e7a5-42ce-a5bc-736a06772a26,2026-06-03 12:00:00,,0,,,
32ad44fe-e7a5-42ce-a5bc-736a06772a26,2026-06-03 15:00:00,,0,,,
32ad44fe-e7a5-42ce-a5bc-736a06772a26,2026-06-03 18:00:00,,0,,,
32ad44fe-e7a5-42ce-a5bc-736a06772a26,2026-06-03 21:00:00,,0,,,
32ad44fe-e7a5-42ce-a5bc-736a06772a26,2026-06-04 09:00:00,,0,,,
32ad44fe-e7a5-42ce-a5bc-736a06772a26,2026-06-04 12:00:00,,0,,,
32ad44fe-e7a5-42ce-a5bc-736a06772a26,2026-06-04 15:00:00,,0,,,
32ad44fe-e7a5-42ce-a5bc-736a06772a26,2026-06-04 18:00:00,,0,,,
32ad44fe-e7a5-42ce-a5bc-736a06772a26,2026-06-04 21:00:00,,0,,,
32ad44fe-e7a5-42ce-a5bc-736a06772a26,2026-06-05 09:00:00,,0,,,
32ad44fe-e7a5-42ce-a5bc-736a06772a26,2026-06-05 12:00:00,,0,,,
32ad44fe-e7a5-42ce-a5bc-736a06772a26,2026-06-05 15:00:00,,0,,,
32ad44fe-e7a5-42ce-a5bc-736a06772a26,2026-06-05 18:00:00,,0,,,
32ad44fe-e7a5-42ce-a5bc-736a06772a26,2026-06-05 21:00:00,,0,,,
32ad44fe-e7a5-42ce-a5bc-736a06772a26,2026-06-06 09:00:00,,0,,,
32ad44fe-e7a5-42ce-a5bc-736a06772a26,2026-06-06 12:00:00,,0,,,
32ad44fe-e7a5-42ce-a5bc-736a06772a26,2026-06-06 15:00:00,,0,,,
32ad44fe-e7a5-42ce-a5bc-736a06772a26,2026-06-06 18:00:00,,0,,,
32ad44fe-e7a5-42ce-a5bc-736a06772a26,2026-06-06 21:00:00,,0,,,
32ad44fe-e7a5-42ce-a5bc-736a06772a26,2026-06-07 09:00:00,,0,,,
32ad44fe-e7a5-42ce-a5bc-736a06772a26,2026-06-07 12:00:00,,0,,,
32ad44fe-e7a5-42ce-a5bc-736a06772a26,2026-06-07 15:00:00,,0,,,
32ad44fe-e7a5-42ce-a5bc-736a06772a26,2026-06-07 18:00:00,,0,,,
32ad44fe-e7a5-42ce-a5bc-736a06772a26,2026-06-07 21:00:00,,0,,,
362b1f42-4085-48c0-bdfb-b4bf86b31f6c,2026-06-01 09:00:00,,0,,,
362b1f42-4085-48c0-bdfb-b4bf86b31f6c,2026-06-01 12:00:00,,0,,,
362b1f42-4085-48c0-bdfb-b4bf86b31f6c,2026-06-01 15:00:00,,0,,,
362b1f42-4085-48c0-bdfb-b4bf86b31f6c,2026-06-01 18:00:00,,0,,,
362b1f42-4085-48c0-bdfb-b4bf86b31f6c,2026-06-01 21:00:00,,0,,,
362b1f42-4085-48c0-bdfb-b4bf86b31f6c,2026-06-02 09:00:00,,0,,,
362b1f42-4085-48c0-bdfb-b4bf86b31f6c,2026-06-02 12:00:00,,0,,,
362b1f42-4085-48c0-bdfb-b4bf86b31f6c,2026-06-02 15:00:00,,0,,,
362b1f42-4085-48c0-bdfb-b4bf86b31f6c,2026-06-02 18:00:00,,0,,,
362b1f42-4085-48c0-bdfb-b4bf86b31f6c,2026-06-02 21:00:00,,0,,,
362b1f42-4085-48c0-bdfb-b4bf86b31f6c,2026-06-03 09:00:00,,0,,,
362b1f42-4085-48c0-bdfb-b4bf86b31f6c,2026-06-03 12:00:00,,0,,,
362b1f42-4085-48c0-bdfb-b4bf86b31f6c,2026-06-03 15:00:00,,0,,,
362b1f42-4085-48c0-bdfb-b4bf86b31f6c,2026-06-03 18:00:00,,0,,,
362b1f42-4085-48c0-bdfb-b4bf86b31f6c,2026-06-03 21:00:00,,0,,,
362b1f42-4085-48c0-bdfb-b4bf86b31f6c,2026-06-04 09:00:00,,0,,,
362b1f42-4085-48c0-bdfb-b4bf86b31f6c,2026-06-04 12:00:00,,0,,,
362b1f42-4085-48c0-bdfb-b4bf86b31f6c,2026-06-04 15:00:00,,0,,,
362b1f42-4085-48c0-bdfb-b4bf86b31f6c,2026-06-04 18:00:00,,0,,,
362b1f42-4085-48c0-bdfb-b4bf86b31f6c,2026-06-04 21:00:00,,0,,,
362b1f42-4085-48c0-bdfb-b4bf86b31f6c,2026-06-05 09:00:00,,0,,,
362b1f42-4085-48c0-bdfb-b4bf86b31f6c,2026-06-05 12:00:00,,0,,,
362b1f42-4085-48c0-bdfb-b4bf86b31f6c,2026-06-05 15:00:00,,0,,,
362b1f42-4085-48c0-bdfb-b4bf86b31f6c,2026-06-05 18:00:00,,0,,,
362b1f42-4085-48c0-bdfb-b4bf86b31f6c,2026-06-05 21:00:00,,0,,,
362b1f42-4085-48c0-bdfb-b4bf86b31f6c,2026-06-06 09:00:00,,0,,,
362b1f42-4085-48c0-bdfb-b4bf86b31f6c,2026-06-06 12:00:00,,0,,,
362b1f42-4085-48c0-bdfb-b4bf86b31f6c,2026-06-06 15:00:00,,0,,,
362b1f42-4085-48c0-bdfb-b4bf86b31f6c,2026-06-06 18:00:00,,0,,,
362b1f42-4085-48c0-bdfb-b4bf86b31f6c,2026-06-06 21:00:00,,0,,,
362b1f42-4085-48c0-bdfb-b4bf86b31f6c,2026-06-07 09:00:00,,0,,,
362b1f42-4085-48c0-bdfb-b4bf86b31f6c,2026-06-07 12:00:00,,0,,,
362b1f42-4085-48c0-bdfb-b4bf86b31f6c,2026-06-07 15:00:00,,0,,,
362b1f42-4085-48c0-bdfb-b4bf86b31f6c,2026-06-07 18:00:00,,0,,,
362b1f42-4085-48c0-bdfb-b4bf86b31f6c,2026-06-07 21:00:00,,0,,,
372458e0-4db5-4ef0-9063-7c406b16b1e1,2026-06-01 09:00:00,,0,,,
372458e0-4db5-4ef0-9063-7c406b16b1e1,2026-06-01 12:00:00,,0,,,
372458e0-4db5-4ef0-9063-7c406b16b1e1,2026-06-01 15:00:00,,0,,,
372458e0-4db5-4ef0-9063-7c406b16b1e1,2026-06-01 18:00:00,,0,,,
372458e0-4db5-4ef0-9063-7c406b16b1e1,2026-06-01 21:00:00,,0,,,
372458e0-4db5-4ef0-9063-7c406b16b1e1,2026-06-02 09:00:00,,0,,,
372458e0-4db5-4ef0-9063-7c406b16b1e1,2026-06-02 12:00:00,,0,,,
372458e0-4db5-4ef0-9063-7c406b16b1e1,2026-06-02 15:00:00,,0,,,
372458e0-4db5-4ef0-9063-7c406b16b1e1,2026-06-02 18:00:00,,0,,,
372458e0-4db5-4ef0-9063-7c406b16b1e1,2026-06-02 21:00:00,,0,,,
372458e0-4db5-4ef0-9063-7c406b16b1e1,2026-06-03 09:00:00,,0,,,
372458e0-4db5-4ef0-9063-7c406b16b1e1,2026-06-03 12:00:00,,0,,,
372458e0-4db5-4ef0-9063-7c406b16b1e1,2026-06-03 15:00:00,,0,,,
372458e0-4db5-4ef0-9063-7c406b16b1e1,2026-06-03 18:00:00,,0,,,
372458e0-4db5-4ef0-9063-7c406b16b1e1,2026-06-03 21:00:00,,0,,,
372458e0-4db5-4ef0-9063-7c406b16b1e1,2026-06-04 09:00:00,,0,,,
372458e0-4db5-4ef0-9063-7c406b16b1e1,2026-06-04 12:00:00,,0,,,
372458e0-4db5-4ef0-9063-7c406b16b1e1,2026-06-04 15:00:00,,0,,,
372458e0-4db5-4ef0-9063-7c406b16b1e1,2026-06-04 18:00:00,,0,,,
372458e0-4db5-4ef0-9063-7c406b16b1e1,2026-06-04 21:00:00,,0,,,
372458e0-4db5-4ef0-9063-7c406b16b1e1,2026-06-05 09:00:00,,0,,,
372458e0-4db5-4ef0-9063-7c406b16b1e1,2026-06-05 12:00:00,,0,,,
372458e0-4db5-4ef0-9063-7c406b16b1e1,2026-06-05 15:00:00,,0,,,
372458e0-4db5-4ef0-9063-7c406b16b1e1,2026-06-05 18:00:00,,0,,,
372458e0-4db5-4ef0-9063-7c406b16b1e1,2026-06-05 21:00:00,,0,,,
372458e0-4db5-4ef0-9063-7c406b16b1e1,2026-06-06 09:00:00,,0,,,
372458e0-4db5-4ef0-9063-7c406b16b1e1,2026-06-06 12:00:00,,0,,,
372458e0-4db5-4ef0-9063-7c406b16b1e1,2026-06-06 15:00:00,,0,,,
372458e0-4db5-4ef0-9063-7c406b16b1e1,2026-06-06 18:00:00,,0,,,
372458e0-4db5-4ef0-9063-7c406b16b1e1,2026-06-06 21:00:00,,0,,,
372458e0-4db5-4ef0-9063-7c406b16b1e1,2026-06-07 09:00:00,,0,,,
372458e0-4db5-4ef0-9063-7c406b16b1e1,2026-06-07 12:00:00,,0,,,
372458e0-4db5-4ef0-9063-7c406b16b1e1,2026-06-07 15:00:00,,0,,,
372458e0-4db5-4ef0-9063-7c406b16b1e1,2026-06-07 18:00:00,,0,,,
372458e0-4db5-4ef0-9063-7c406b16b1e1,2026-06-07 21:00:00,,0,,,
3c456ef5-23fc-4248-8c1c-a35877957720,2026-06-01 09:00:00,,0,,,
3c456ef5-23fc-4248-8c1c-a35877957720,2026-06-01 12:00:00,,0,,,
3c456ef5-23fc-4248-8c1c-a35877957720,2026-06-01 15:00:00,,0,,,
3c456ef5-23fc-4248-8c1c-a35877957720,2026-06-01 18:00:00,,0,,,
3c456ef5-23fc-4248-8c1c-a35877957720,2026-06-01 21:00:00,,0,,,
3c456ef5-23fc-4248-8c1c-a35877957720,2026-06-02 09:00:00,,0,,,
3c456ef5-23fc-4248-8c1c-a35877957720,2026-06-02 12:00:00,,0,,,
3c456ef5-23fc-4248-8c1c-a35877957720,2026-06-02 15:00:00,,0,,,
3c456ef5-23fc-4248-8c1c-a35877957720,2026-06-02 18:00:00,,0,,,
3c456ef5-23fc-4248-8c1c-a35877957720,2026-06-02 21:00:00,,0,,,
3c456ef5-23fc-4248-8c1c-a35877957720,2026-06-03 09:00:00,,0,,,
3c456ef5-23fc-4248-8c1c-a35877957720,2026-06-03 12:00:00,,0,,,
3c456ef5-23fc-4248-8c1c-a35877957720,2026-06-03 15:00:00,,0,,,
3c456ef5-23fc-4248-8c1c-a35877957720,2026-06-03 18:00:00,,0,,,
3c456ef5-23fc-4248-8c1c-a35877957720,2026-06-03 21:00:00,,0,,,
3c456ef5-23fc-4248-8c1c-a35877957720,2026-06-04 09:00:00,,0,,,
3c456ef5-23fc-4248-8c1c-a35877957720,2026-06-04 12:00:00,,0,,,
3c456ef5-23fc-4248-8c1c-a35877957720,2026-06-04 15:00:00,,0,,,
3c456ef5-23fc-4248-8c1c-a35877957720,2026-06-04 18:00:00,,0,,,
3c456ef5-23fc-4248-8c1c-a35877957720,2026-06-04 21:00:00,,0,,,
3c456ef5-23fc-4248-8c1c-a35877957720,2026-06-05 09:00:00,,0,,,
3c456ef5-23fc-4248-8c1c-a35877957720,2026-06-05 12:00:00,,0,,,
3c456ef5-23fc-4248-8c1c-a35877957720,2026-06-05 15:00:00,,0,,,
3c456ef5-23fc-4248-8c1c-a35877957720,2026-06-05 18:00:00,,0,,,
3c456ef5-23fc-4248-8c1c-a35877957720,2026-06-05 21:00:00,,0,,,
3c456ef5-23fc-4248-8c1c-a35877957720,2026-06-06 09:00:00,,0,,,
3c456ef5-23fc-4248-8c1c-a35877957720,2026-06-06 12:00:00,,0,,,
3c456ef5-23fc-4248-8c1c-a35877957720,2026-06-06 15:00:00,,0,,,
3c456ef5-23fc-4248-8c1c-a35877957720,2026-06-06 18:00:00,,0,,,
3c456ef5-23fc-4248-8c1c-a35877957720,2026-06-06 21:00:00,,0,,,
3c456ef5-23fc-4248-8c1c-a35877957720,2026-06-07 09:00:00,,0,,,
3c456ef5-23fc-4248-8c1c-a35877957720,2026-06-07 12:00:00,,0,,,
3c456ef5-23fc-4248-8c1c-a35877957720,2026-06-07 15:00:00,,0,,,
3c456ef5-23fc-4248-8c1c-a35877957720,2026-06-07 18:00:00,,0,,,
3c456ef5-23fc-4248-8c1c-a35877957720,2026-06-07 21:00:00,,0,,,
3cf7db41-01d2-478d-87a4-d158dd602b95,2026-06-01 09:00:00,,0,,,
3cf7db41-01d2-478d-87a4-d158dd602b95,2026-06-01 12:00:00,,0,,,
3cf7db41-01d2-478d-87a4-d158dd602b95,2026-06-01 15:00:00,,0,,,
3cf7db41-01d2-478d-87a4-d158dd602b95,2026-06-01 18:00:00,,0,,,
3cf7db41-01d2-478d-87a4-d158dd602b95,2026-06-01 21:00:00,,0,,,
3cf7db41-01d2-478d-87a4-d158dd602b95,2026-06-02 09:00:00,,0,,,
3cf7db41-01d2-478d-87a4-d158dd602b95,2026-06-02 12:00:00,,0,,,
3cf7db41-01d2-478d-87a4-d158dd602b95,2026-06-02 15:00:00,,0,,,
3cf7db41-01d2-478d-87a4-d158dd602b95,2026-06-02 18:00:00,,0,,,
3cf7db41-01d2-478d-87a4-d158dd602b95,2026-06-02 21:00:00,,0,,,
3cf7db41-01d2-478d-87a4-d158dd602b95,2026-06-03 09:00:00,,0,,,
3cf7db41-01d2-478d-87a4-d158dd602b95,2026-06-03 12:00:00,,0,,,
3cf7db41-01d2-478d-87a4-d158dd602b95,2026-06-03 15:00:00,,0,,,
3cf7db41-01d2-478d-87a4-d158dd602b95,2026-06-03 18:00:00,,0,,,
3cf7db41-01d2-478d-87a4-d158dd602b95,2026-06-03 21:00:00,,0,,,
3cf7db41-01d2-478d-87a4-d158dd602b95,2026-06-04 09:00:00,,0,,,
3cf7db41-01d2-478d-87a4-d158dd602b95,2026-06-04 12:00:00,,0,,,
3cf7db41-01d2-478d-87a4-d158dd602b95,2026-06-04 15:00:00,,0,,,
3cf7db41-01d2-478d-87a4-d158dd602b95,2026-06-04 18:00:00,,0,,,
3cf7db41-01d2-478d-87a4-d158dd602b95,2026-06-04 21:00:00,,0,,,
3cf7db41-01d2-478d-87a4-d158dd602b95,2026-06-05 09:00:00,,0,,,
3cf7db41-01d2-478d-87a4-d158dd602b95,2026-06-05 12:00:00,,0,,,
3cf7db41-01d2-478d-87a4-d158dd602b95,2026-06-05 15:00:00,,0,,,
3cf7db41-01d2-478d-87a4-d158dd602b95,2026-06-05 18:00:00,,0,,,
3cf7db41-01d2-478d-87a4-d158dd602b95,2026-06-05 21:00:00,,0,,,
3cf7db41-01d2-478d-87a4-d158dd602b95,2026-06-06 09:00:00,,0,,,
3cf7db41-01d2-478d-87a4-d158dd602b95,2026-06-06 12:00:00,,0,,,
3cf7db41-01d2-478d-87a4-d158dd602b95,2026-06-06 15:00:00,,0,,,
3cf7db41-01d2-478d-87a4-d158dd602b95,2026-06-06 18:00:00,,0,,,
3cf7db41-01d2-478d-87a4-d158dd602b95,2026-06-06 21:00:00,,0,,,
3cf7db41-01d2-478d-87a4-d158dd602b95,2026-06-07 09:00:00,,0,,,
3cf7db41-01d2-478d-87a4-d158dd602b95,2026-06-07 12:00:00,,0,,,
3cf7db41-01d2-478d-87a4-d158dd602b95,2026-06-07 15:00:00,,0,,,
3cf7db41-01d2-478d-87a4-d158dd602b95,2026-06-07 18:00:00,,0,,,
3cf7db41-01d2-478d-87a4-d158dd602b95,2026-06-07 21:00:00,,0,,,
3e30b44d-27db-4917-9265-c8e6a5f643e6,2026-06-01 09:00:00,,0,,,
3e30b44d-27db-4917-9265-c8e6a5f643e6,2026-06-01 12:00:00,,0,,,
3e30b44d-27db-4917-9265-c8e6a5f643e6,2026-06-01 15:00:00,,0,,,
3e30b44d-27db-4917-9265-c8e6a5f643e6,2026-06-01 18:00:00,,0,,,
3e30b44d-27db-4917-9265-c8e6a5f643e6,2026-06-01 21:00:00,,0,,,
3e30b44d-27db-4917-9265-c8e6a5f643e6,2026-06-02 09:00:00,,0,,,
3e30b44d-27db-4917-9265-c8e6a5f643e6,2026-06-02 12:00:00,,0,,,
3e30b44d-27db-4917-9265-c8e6a5f643e6,2026-06-02 15:00:00,,0,,,
3e30b44d-27db-4917-9265-c8e6a5f643e6,2026-06-02 18:00:00,,0,,,
3e30b44d-27db-4917-9265-c8e6a5f643e6,2026-06-02 21:00:00,,0,,,
3e30b44d-27db-4917-9265-c8e6a5f643e6,2026-06-03 09:00:00,,0,,,
3e30b44d-27db-4917-9265-c8e6a5f643e6,2026-06-03 12:00:00,,0,,,
3e30b44d-27db-4917-9265-c8e6a5f643e6,2026-06-03 15:00:00,,0,,,
3e30b44d-27db-4917-9265-c8e6a5f643e6,2026-06-03 18:00:00,,0,,,
3e30b44d-27db-4917-9265-c8e6a5f643e6,2026-06-03 21:00:00,,0,,,
3e30b44d-27db-4917-9265-c8e6a5f643e6,2026-06-04 09:00:00,,0,,,
3e30b44d-27db-4917-9265-c8e6a5f643e6,2026-06-04 12:00:00,,0,,,
3e30b44d-27db-4917-9265-c8e6a5f643e6,2026-06-04 15:00:00,,0,,,
3e30b44d-27db-4917-9265-c8e6a5f643e6,2026-06-04 18:00:00,,0,,,
3e30b44d-27db-4917-9265-c8e6a5f643e6,2026-06-04 21:00:00,,0,,,
3e30b44d-27db-4917-9265-c8e6a5f643e6,2026-06-05 09:00:00,,0,,,
3e30b44d-27db-4917-9265-c8e6a5f643e6,2026-06-05 12:00:00,,0,,,
3e30b44d-27db-4917-9265-c8e6a5f643e6,2026-06-05 15:00:00,,0,,,
3e30b44d-27db-4917-9265-c8e6a5f643e6,2026-06-05 18:00:00,,0,,,
3e30b44d-27db-4917-9265-c8e6a5f643e6,2026-06-05 21:00:00,,0,,,
3e30b44d-27db-4917-9265-c8e6a5f643e6,2026-06-06 09:00:00,,0,,,
3e30b44d-27db-4917-9265-c8e6a5f643e6,2026-06-06 12:00:00,,0,,,
3e30b44d-27db-4917-9265-c8e6a5f643e6,2026-06-06 15:00:00,,0,,,
3e30b44d-27db-4917-9265-c8e6a5f643e6,2026-06-06 18:00:00,,0,,,
3e30b44d-27db-4917-9265-c8e6a5f643e6,2026-06-06 21:00:00,,0,,,
3e30b44d-27db-4917-9265-c8e6a5f643e6,2026-06-07 09:00:00,,0,,,
3e30b44d-27db-4917-9265-c8e6a5f643e6,2026-06-07 12:00:00,,0,,,
3e30b44d-27db-4917-9265-c8e6a5f643e6,2026-06-07 15:00:00,,0,,,
3e30b44d-27db-4917-9265-c8e6a5f643e6,2026-06-07 18:00:00,,0,,,
3e30b44d-27db-4917-9265-c8e6a5f643e6,2026-06-07 21:00:00,,0,,,
432d7353-c185-4050-b59b-73c9867c5c3a,2026-06-01 09:00:00,,0,,,
432d7353-c185-4050-b59b-73c9867c5c3a,2026-06-01 12:00:00,,0,,,
432d7353-c185-4050-b59b-73c9867c5c3a,2026-06-01 15:00:00,,0,,,
432d7353-c185-4050-b59b-73c9867c5c3a,2026-06-01 18:00:00,,0,,,
432d7353-c185-4050-b59b-73c9867c5c3a,2026-06-01 21:00:00,,0,,,
432d7353-c185-4050-b59b-73c9867c5c3a,2026-06-02 09:00:00,,0,,,
432d7353-c185-4050-b59b-73c9867c5c3a,2026-06-02 12:00:00,,0,,,
432d7353-c185-4050-b59b-73c9867c5c3a,2026-06-02 15:00:00,,0,,,
432d7353-c185-4050-b59b-73c9867c5c3a,2026-06-02 18:00:00,,0,,,
432d7353-c185-4050-b59b-73c9867c5c3a,2026-06-02 21:00:00,,0,,,
432d7353-c185-4050-b59b-73c9867c5c3a,2026-06-03 09:00:00,,0,,,
432d7353-c185-4050-b59b-73c9867c5c3a,2026-06-03 12:00:00,,0,,,
432d7353-c185-4050-b59b-73c9867c5c3a,2026-06-03 15:00:00,,0,,,
432d7353-c185-4050-b59b-73c9867c5c3a,2026-06-03 18:00:00,,0,,,
432d7353-c185-4050-b59b-73c9867c5c3a,2026-06-03 21:00:00,,0,,,
432d7353-c185-4050-b59b-73c9867c5c3a,2026-06-04 09:00:00,,0,,,
432d7353-c185-4050-b59b-73c9867c5c3a,2026-06-04 12:00:00,,0,,,
432d7353-c185-4050-b59b-73c9867c5c3a,2026-06-04 15:00:00,,0,,,
432d7353-c185-4050-b59b-73c9867c5c3a,2026-06-04 18:00:00,,0,,,
432d7353-c185-4050-b59b-73c9867c5c3a,2026-06-04 21:00:00,,0,,,
432d7353-c185-4050-b59b-73c9867c5c3a,2026-06-05 09:00:00,,0,,,
432d7353-c185-4050-b59b-73c9867c5c3a,2026-06-05 12:00:00,,0,,,
432d7353-c185-4050-b59b-73c9867c5c3a,2026-06-05 15:00:00,,0,,,
432d7353-c185-4050-b59b-73c9867c5c3a,2026-06-05 18:00:00,,0,,,
432d7353-c185-4050-b59b-73c9867c5c3a,2026-06-05 21:00:00,,0,,,
432d7353-c185-4050-b59b-73c9867c5c3a,2026-06-06 09:00:00,,0,,,
432d7353-c185-4050-b59b-73c9867c5c3a,2026-06-06 12:00:00,,0,,,
432d7353-c185-4050-b59b-73c9867c5c3a,2026-06-06 15:00:00,,0,,,
432d7353-c185-4050-b59b-73c9867c5c3a,2026-06-06 18:00:00,,0,,,
432d7353-c185-4050-b59b-73c9867c5c3a,2026-06-06 21:00:00,,0,,,
432d7353-c185-4050-b59b-73c9867c5c3a,2026-06-07 09:00:00,,0,,,
432d7353-c185-4050-b59b-73c9867c5c3a,2026-06-07 12:00:00,,0,,,
432d7353-c185-4050-b59b-73c9867c5c3a,2026-06-07 15:00:00,,0,,,
432d7353-c185-4050-b59b-73c9867c5c3a,2026-06-07 18:00:00,,0,,,
432d7353-c185-4050-b59b-73c9867c5c3a,2026-06-07 21:00:00,,0,,,
450c00a5-fe35-4ac1-8973-53c9be71d2f8,2026-06-01 09:00:00,,0,,,
450c00a5-fe35-4ac1-8973-53c9be71d2f8,2026-06-01 12:00:00,,0,,,
450c00a5-fe35-4ac1-8973-53c9be71d2f8,2026-06-01 15:00:00,,0,,,
450c00a5-fe35-4ac1-8973-53c9be71d2f8,2026-06-01 18:00:00,,0,,,
450c00a5-fe35-4ac1-8973-53c9be71d2f8,2026-06-01 21:00:00,,0,,,
450c00a5-fe35-4ac1-8973-53c9be71d2f8,2026-06-02 09:00:00,,0,,,
450c00a5-fe35-4ac1-8973-53c9be71d2f8,2026-06-02 12:00:00,,0,,,
450c00a5-fe35-4ac1-8973-53c9be71d2f8,2026-06-02 15:00:00,,0,,,
450c00a5-fe35-4ac1-8973-53c9be71d2f8,2026-06-02 18:00:00,,0,,,
450c00a5-fe35-4ac1-8973-53c9be71d2f8,2026-06-02 21:00:00,,0,,,
450c00a5-fe35-4ac1-8973-53c9be71d2f8,2026-06-03 09:00:00,,0,,,
450c00a5-fe35-4ac1-8973-53c9be71d2f8,2026-06-03 12:00:00,,0,,,
450c00a5-fe35-4ac1-8973-53c9be71d2f8,2026-06-03 15:00:00,,0,,,
450c00a5-fe35-4ac1-8973-53c9be71d2f8,2026-06-03 18:00:00,,0,,,
450c00a5-fe35-4ac1-8973-53c9be71d2f8,2026-06-03 21:00:00,,0,,,
450c00a5-fe35-4ac1-8973-53c9be71d2f8,2026-06-04 09:00:00,,0,,,
450c00a5-fe35-4ac1-8973-53c9be71d2f8,2026-06-04 12:00:00,,0,,,
450c00a5-fe35-4ac1-8973-53c9be71d2f8,2026-06-04 15:00:00,,0,,,
450c00a5-fe35-4ac1-8973-53c9be71d2f8,2026-06-04 18:00:00,,0,,,
450c00a5-fe35-4ac1-8973-53c9be71d2f8,2026-06-04 21:00:00,,0,,,
450c00a5-fe35-4ac1-8973-53c9be71d2f8,2026-06-05 09:00:00,,0,,,
450c00a5-fe35-4ac1-8973-53c9be71d2f8,2026-06-05 12:00:00,,0,,,
450c00a5-fe35-4ac1-8973-53c9be71d2f8,2026-06-05 15:00:00,,0,,,
450c00a5-fe35-4ac1-8973-53c9be71d2f8,2026-06-05 18:00:00,,0,,,
450c00a5-fe35-4ac1-8973-53c9be71d2f8,2026-06-05 21:00:00,,0,,,
450c00a5-fe35-4ac1-8973-53c9be71d2f8,2026-06-06 09:00:00,,0,,,
450c00a5-fe35-4ac1-8973-53c9be71d2f8,2026-06-06 12:00:00,,0,,,
450c00a5-fe35-4ac1-8973-53c9be71d2f8,2026-06-06 15:00:00,,0,,,
450c00a5-fe35-4ac1-8973-53c9be71d2f8,2026-06-06 18:00:00,,0,,,
450c00a5-fe35-4ac1-8973-53c9be71d2f8,2026-06-06 21:00:00,,0,,,
450c00a5-fe35-4ac1-8973-53c9be71d2f8,2026-06-07 09:00:00,,0,,,
450c00a5-fe35-4ac1-8973-53c9be71d2f8,2026-06-07 12:00:00,,0,,,
450c00a5-fe35-4ac1-8973-53c9be71d2f8,2026-06-07 15:00:00,,0,,,
450c00a5-fe35-4ac1-8973-53c9be71d2f8,2026-06-07 18:00:00,,0,,,
450c00a5-fe35-4ac1-8973-53c9be71d2f8,2026-06-07 21:00:00,,0,,,
45c58559-592c-4ce7-a918-c3b1c94a650d,2026-06-01 09:00:00,,0,,,
45c58559-592c-4ce7-a918-c3b1c94a650d,2026-06-01 12:00:00,,0,,,
45c58559-592c-4ce7-a918-c3b1c94a650d,2026-06-01 15:00:00,,0,,,
45c58559-592c-4ce7-a918-c3b1c94a650d,2026-06-01 18:00:00,,0,,,
45c58559-592c-4ce7-a918-c3b1c94a650d,2026-06-01 21:00:00,,0,,,
45c58559-592c-4ce7-a918-c3b1c94a650d,2026-06-02 09:00:00,,0,,,
45c58559-592c-4ce7-a918-c3b1c94a650d,2026-06-02 12:00:00,,0,,,
45c58559-592c-4ce7-a918-c3b1c94a650d,2026-06-02 15:00:00,,0,,,
45c58559-592c-4ce7-a918-c3b1c94a650d,2026-06-02 18:00:00,,0,,,
45c58559-592c-4ce7-a918-c3b1c94a650d,2026-06-02 21:00:00,,0,,,
45c58559-592c-4ce7-a918-c3b1c94a650d,2026-06-03 09:00:00,,0,,,
45c58559-592c-4ce7-a918-c3b1c94a650d,2026-06-03 12:00:00,,0,,,
45c58559-592c-4ce7-a918-c3b1c94a650d,2026-06-03 15:00:00,,0,,,
45c58559-592c-4ce7-a918-c3b1c94a650d,2026-06-03 18:00:00,,0,,,
45c58559-592c-4ce7-a918-c3b1c94a650d,2026-06-03 21:00:00,,0,,,
45c58559-592c-4ce7-a918-c3b1c94a650d,2026-06-04 09:00:00,,0,,,
45c58559-592c-4ce7-a918-c3b1c94a650d,2026-06-04 12:00:00,,0,,,
45c58559-592c-4ce7-a918-c3b1c94a650d,2026-06-04 15:00:00,,0,,,
45c58559-592c-4ce7-a918-c3b1c94a650d,2026-06-04 18:00:00,,0,,,
45c58559-592c-4ce7-a918-c3b1c94a650d,2026-06-04 21:00:00,,0,,,
45c58559-592c-4ce7-a918-c3b1c94a650d,2026-06-05 09:00:00,,0,,,
45c58559-592c-4ce7-a918-c3b1c94a650d,2026-06-05 12:00:00,,0,,,
45c58559-592c-4ce7-a918-c3b1c94a650d,2026-06-05 15:00:00,,0,,,
45c58559-592c-4ce7-a918-c3b1c94a650d,2026-06-05 18:00:00,,0,,,
45c58559-592c-4ce7-a918-c3b1c94a650d,2026-06-05 21:00:00,,0,,,
45c58559-592c-4ce7-a918-c3b1c94a650d,2026-06-06 09:00:00,,0,,,
45c58559-592c-4ce7-a918-c3b1c94a650d,2026-06-06 12:00:00,,0,,,
45c58559-592c-4ce7-a918-c3b1c94a650d,2026-06-06 15:00:00,,0,,,
45c58559-592c-4ce7-a918-c3b1c94a650d,2026-06-06 18:00:00,,0,,,
45c58559-592c-4ce7-a918-c3b1c94a650d,2026-06-06 21:00:00,,0,,,
45c58559-592c-4ce7-a918-c3b1c94a650d,2026-06-07 09:00:00,,0,,,
45c58559-592c-4ce7-a918-c3b1c94a650d,2026-06-07 12:00:00,,0,,,
45c58559-592c-4ce7-a918-c3b1c94a650d,2026-06-07 15:00:00,,0,,,
45c58559-592c-4ce7-a918-c3b1c94a650d,2026-06-07 18:00:00,,0,,,
45c58559-592c-4ce7-a918-c3b1c94a650d,2026-06-07 21:00:00,,0,,,
47d087c0-0d07-418d-b1dc-c54866fa63e8,2026-06-01 09:00:00,,0,,,
47d087c0-0d07-418d-b1dc-c54866fa63e8,2026-06-01 12:00:00,,0,,,
47d087c0-0d07-418d-b1dc-c54866fa63e8,2026-06-01 15:00:00,,0,,,
47d087c0-0d07-418d-b1dc-c54866fa63e8,2026-06-01 18:00:00,,0,,,
47d087c0-0d07-418d-b1dc-c54866fa63e8,2026-06-01 21:00:00,,0,,,
47d087c0-0d07-418d-b1dc-c54866fa63e8,2026-06-02 09:00:00,,0,,,
47d087c0-0d07-418d-b1dc-c54866fa63e8,2026-06-02 12:00:00,,0,,,
47d087c0-0d07-418d-b1dc-c54866fa63e8,2026-06-02 15:00:00,,0,,,
47d087c0-0d07-418d-b1dc-c54866fa63e8,2026-06-02 18:00:00,,0,,,
47d087c0-0d07-418d-b1dc-c54866fa63e8,2026-06-02 21:00:00,,0,,,
47d087c0-0d07-418d-b1dc-c54866fa63e8,2026-06-03 09:00:00,,0,,,
47d087c0-0d07-418d-b1dc-c54866fa63e8,2026-06-03 12:00:00,,0,,,
47d087c0-0d07-418d-b1dc-c54866fa63e8,2026-06-03 15:00:00,,0,,,
47d087c0-0d07-418d-b1dc-c54866fa63e8,2026-06-03 18:00:00,,0,,,
47d087c0-0d07-418d-b1dc-c54866fa63e8,2026-06-03 21:00:00,,0,,,
47d087c0-0d07-418d-b1dc-c54866fa63e8,2026-06-04 09:00:00,,0,,,
47d087c0-0d07-418d-b1dc-c54866fa63e8,2026-06-04 12:00:00,,0,,,
47d087c0-0d07-418d-b1dc-c54866fa63e8,2026-06-04 15:00:00,,0,,,
47d087c0-0d07-418d-b1dc-c54866fa63e8,2026-06-04 18:00:00,,0,,,
47d087c0-0d07-418d-b1dc-c54866fa63e8,2026-06-04 21:00:00,,0,,,
47d087c0-0d07-418d-b1dc-c54866fa63e8,2026-06-05 09:00:00,,0,,,
47d087c0-0d07-418d-b1dc-c54866fa63e8,2026-06-05 12:00:00,,0,,,
47d087c0-0d07-418d-b1dc-c54866fa63e8,2026-06-05 15:00:00,,0,,,
47d087c0-0d07-418d-b1dc-c54866fa63e8,2026-06-05 18:00:00,,0,,,
47d087c0-0d07-418d-b1dc-c54866fa63e8,2026-06-05 21:00:00,,0,,,
47d087c0-0d07-418d-b1dc-c54866fa63e8,2026-06-06 09:00:00,,0,,,
47d087c0-0d07-418d-b1dc-c54866fa63e8,2026-06-06 12:00:00,,0,,,
47d087c0-0d07-418d-b1dc-c54866fa63e8,2026-06-06 15:00:00,,0,,,
47d087c0-0d07-418d-b1dc-c54866fa63e8,2026-06-06 18:00:00,,0,,,
47d087c0-0d07-418d-b1dc-c54866fa63e8,2026-06-06 21:00:00,,0,,,
47d087c0-0d07-418d-b1dc-c54866fa63e8,2026-06-07 09:00:00,,0,,,
47d087c0-0d07-418d-b1dc-c54866fa63e8,2026-06-07 12:00:00,,0,,,
47d087c0-0d07-418d-b1dc-c54866fa63e8,2026-06-07 15:00:00,,0,,,
47d087c0-0d07-418d-b1dc-c54866fa63e8,2026-06-07 18:00:00,,0,,,
47d087c0-0d07-418d-b1dc-c54866fa63e8,2026-06-07 21:00:00,,0,,,
5090c6d6-8805-4a97-a435-8783de4b43a0,2026-06-01 09:00:00,,0,,,
5090c6d6-8805-4a97-a435-8783de4b43a0,2026-06-01 12:00:00,,0,,,
5090c6d6-8805-4a97-a435-8783de4b43a0,2026-06-01 15:00:00,,0,,,
5090c6d6-8805-4a97-a435-8783de4b43a0,2026-06-01 18:00:00,,0,,,
5090c6d6-8805-4a97-a435-8783de4b43a0,2026-06-01 21:00:00,,0,,,
5090c6d6-8805-4a97-a435-8783de4b43a0,2026-06-02 09:00:00,,0,,,
5090c6d6-8805-4a97-a435-8783de4b43a0,2026-06-02 12:00:00,,0,,,
5090c6d6-8805-4a97-a435-8783de4b43a0,2026-06-02 15:00:00,,0,,,
5090c6d6-8805-4a97-a435-8783de4b43a0,2026-06-02 18:00:00,,0,,,
5090c6d6-8805-4a97-a435-8783de4b43a0,2026-06-02 21:00:00,,0,,,
5090c6d6-8805-4a97-a435-8783de4b43a0,2026-06-03 09:00:00,,0,,,
5090c6d6-8805-4a97-a435-8783de4b43a0,2026-06-03 12:00:00,,0,,,
5090c6d6-8805-4a97-a435-8783de4b43a0,2026-06-03 15:00:00,,0,,,
5090c6d6-8805-4a97-a435-8783de4b43a0,2026-06-03 18:00:00,,0,,,
5090c6d6-8805-4a97-a435-8783de4b43a0,2026-06-03 21:00:00,,0,,,
5090c6d6-8805-4a97-a435-8783de4b43a0,2026-06-04 09:00:00,,0,,,
5090c6d6-8805-4a97-a435-8783de4b43a0,2026-06-04 12:00:00,,0,,,
5090c6d6-8805-4a97-a435-8783de4b43a0,2026-06-04 15:00:00,,0,,,
5090c6d6-8805-4a97-a435-8783de4b43a0,2026-06-04 18:00:00,,0,,,
5090c6d6-8805-4a97-a435-8783de4b43a0,2026-06-04 21:00:00,,0,,,
5090c6d6-8805-4a97-a435-8783de4b43a0,2026-06-05 09:00:00,,0,,,
5090c6d6-8805-4a97-a435-8783de4b43a0,2026-06-05 12:00:00,,0,,,
5090c6d6-8805-4a97-a435-8783de4b43a0,2026-06-05 15:00:00,,0,,,
5090c6d6-8805-4a97-a435-8783de4b43a0,2026-06-05 18:00:00,,0,,,
5090c6d6-8805-4a97-a435-8783de4b43a0,2026-06-05 21:00:00,,0,,,
5090c6d6-8805-4a97-a435-8783de4b43a0,2026-06-06 09:00:00,,0,,,
5090c6d6-8805-4a97-a435-8783de4b43a0,2026-06-06 12:00:00,,0,,,
5090c6d6-8805-4a97-a435-8783de4b43a0,2026-06-06 15:00:00,,0,,,
5090c6d6-8805-4a97-a435-8783de4b43a0,2026-06-06 18:00:00,,0,,,
5090c6d6-8805-4a97-a435-8783de4b43a0,2026-06-06 21:00:00,,0,,,
5090c6d6-8805-4a97-a435-8783de4b43a0,2026-06-07 09:00:00,,0,,,
5090c6d6-8805-4a97-a435-8783de4b43a0,2026-06-07 12:00:00,,0,,,
5090c6d6-8805-4a97-a435-8783de4b43a0,2026-06-07 15:00:00,,0,,,
5090c6d6-8805-4a97-a435-8783de4b43a0,2026-06-07 18:00:00,,0,,,
5090c6d6-8805-4a97-a435-8783de4b43a0,2026-06-07 21:00:00,,0,,,
50a37b81-be87-4be8-b17f-56af64180492,2026-06-01 09:00:00,,0,,,
50a37b81-be87-4be8-b17f-56af64180492,2026-06-01 12:00:00,,0,,,
50a37b81-be87-4be8-b17f-56af64180492,2026-06-01 15:00:00,,0,,,
50a37b81-be87-4be8-b17f-56af64180492,2026-06-01 18:00:00,,0,,,
50a37b81-be87-4be8-b17f-56af64180492,2026-06-01 21:00:00,,0,,,
50a37b81-be87-4be8-b17f-56af64180492,2026-06-02 09:00:00,,0,,,
50a37b81-be87-4be8-b17f-56af64180492,2026-06-02 12:00:00,,0,,,
50a37b81-be87-4be8-b17f-56af64180492,2026-06-02 15:00:00,,0,,,
50a37b81-be87-4be8-b17f-56af64180492,2026-06-02 18:00:00,,0,,,
50a37b81-be87-4be8-b17f-56af64180492,2026-06-02 21:00:00,,0,,,
50a37b81-be87-4be8-b17f-56af64180492,2026-06-03 09:00:00,,0,,,
50a37b81-be87-4be8-b17f-56af64180492,2026-06-03 12:00:00,,0,,,
50a37b81-be87-4be8-b17f-56af64180492,2026-06-03 15:00:00,,0,,,
50a37b81-be87-4be8-b17f-56af64180492,2026-06-03 18:00:00,,0,,,
50a37b81-be87-4be8-b17f-56af64180492,2026-06-03 21:00:00,,0,,,
50a37b81-be87-4be8-b17f-56af64180492,2026-06-04 09:00:00,,0,,,
50a37b81-be87-4be8-b17f-56af64180492,2026-06-04 12:00:00,,0,,,
50a37b81-be87-4be8-b17f-56af64180492,2026-06-04 15:00:00,,0,,,
50a37b81-be87-4be8-b17f-56af64180492,2026-06-04 18:00:00,,0,,,
50a37b81-be87-4be8-b17f-56af64180492,2026-06-04 21:00:00,,0,,,
50a37b81-be87-4be8-b17f-56af64180492,2026-06-05 09:00:00,,0,,,
50a37b81-be87-4be8-b17f-56af64180492,2026-06-05 12:00:00,,0,,,
50a37b81-be87-4be8-b17f-56af64180492,2026-06-05 15:00:00,,0,,,
50a37b81-be87-4be8-b17f-56af64180492,2026-06-05 18:00:00,,0,,,
50a37b81-be87-4be8-b17f-56af64180492,2026-06-05 21:00:00,,0,,,
50a37b81-be87-4be8-b17f-56af64180492,2026-06-06 09:00:00,,0,,,
50a37b81-be87-4be8-b17f-56af64180492,2026-06-06 12:00:00,,0,,,
50a37b81-be87-4be8-b17f-56af64180492,2026-06-06 15:00:00,,0,,,
50a37b81-be87-4be8-b17f-56af64180492,2026-06-06 18:00:00,,0,,,
50a37b81-be87-4be8-b17f-56af64180492,2026-06-06 21:00:00,,0,,,
50a37b81-be87-4be8-b17f-56af64180492,2026-06-07 09:00:00,,0,,,
50a37b81-be87-4be8-b17f-56af64180492,2026-06-07 12:00:00,,0,,,
50a37b81-be87-4be8-b17f-56af64180492,2026-06-07 15:00:00,,0,,,
50a37b81-be87-4be8-b17f-56af64180492,2026-06-07 18:00:00,,0,,,
50a37b81-be87-4be8-b17f-56af64180492,2026-06-07 21:00:00,,0,,,
5194f90d-7aee-4d38-b164-7671bb3f34ef,2026-06-01 09:00:00,,0,,,
5194f90d-7aee-4d38-b164-7671bb3f34ef,2026-06-01 12:00:00,,0,,,
5194f90d-7aee-4d38-b164-7671bb3f34ef,2026-06-01 15:00:00,,0,,,
5194f90d-7aee-4d38-b164-7671bb3f34ef,2026-06-01 18:00:00,,0,,,
5194f90d-7aee-4d38-b164-7671bb3f34ef,2026-06-01 21:00:00,,0,,,
5194f90d-7aee-4d38-b164-7671bb3f34ef,2026-06-02 09:00:00,,0,,,
5194f90d-7aee-4d38-b164-7671bb3f34ef,2026-06-02 12:00:00,,0,,,
5194f90d-7aee-4d38-b164-7671bb3f34ef,2026-06-02 15:00:00,,0,,,
5194f90d-7aee-4d38-b164-7671bb3f34ef,2026-06-02 18:00:00,,0,,,
5194f90d-7aee-4d38-b164-7671bb3f34ef,2026-06-02 21:00:00,,0,,,
5194f90d-7aee-4d38-b164-7671bb3f34ef,2026-06-03 09:00:00,,0,,,
5194f90d-7aee-4d38-b164-7671bb3f34ef,2026-06-03 12:00:00,,0,,,
5194f90d-7aee-4d38-b164-7671bb3f34ef,2026-06-03 15:00:00,,0,,,
5194f90d-7aee-4d38-b164-7671bb3f34ef,2026-06-03 18:00:00,,0,,,
5194f90d-7aee-4d38-b164-7671bb3f34ef,2026-06-03 21:00:00,,0,,,
5194f90d-7aee-4d38-b164-7671bb3f34ef,2026-06-04 09:00:00,,0,,,
5194f90d-7aee-4d38-b164-7671bb3f34ef,2026-06-04 12:00:00,,0,,,
5194f90d-7aee-4d38-b164-7671bb3f34ef,2026-06-04 15:00:00,,0,,,
5194f90d-7aee-4d38-b164-7671bb3f34ef,2026-06-04 18:00:00,,0,,,
5194f90d-7aee-4d38-b164-7671bb3f34ef,2026-06-04 21:00:00,,0,,,
5194f90d-7aee-4d38-b164-7671bb3f34ef,2026-06-05 09:00:00,,0,,,
5194f90d-7aee-4d38-b164-7671bb3f34ef,2026-06-05 12:00:00,,0,,,
5194f90d-7aee-4d38-b164-7671bb3f34ef,2026-06-05 15:00:00,,0,,,
5194f90d-7aee-4d38-b164-7671bb3f34ef,2026-06-05 18:00:00,,0,,,
5194f90d-7aee-4d38-b164-7671bb3f34ef,2026-06-05 21:00:00,,0,,,
5194f90d-7aee-4d38-b164-7671bb3f34ef,2026-06-06 09:00:00,,0,,,
5194f90d-7aee-4d38-b164-7671bb3f34ef,2026-06-06 12:00:00,,0,,,
5194f90d-7aee-4d38-b164-7671bb3f34ef,2026-06-06 15:00:00,,0,,,
5194f90d-7aee-4d38-b164-7671bb3f34ef,2026-06-06 18:00:00,,0,,,
5194f90d-7aee-4d38-b164-7671bb3f34ef,2026-06-06 21:00:00,,0,,,
5194f90d-7aee-4d38-b164-7671bb3f34ef,2026-06-07 09:00:00,,0,,,
5194f90d-7aee-4d38-b164-7671bb3f34ef,2026-06-07 12:00:00,,0,,,
5194f90d-7aee-4d38-b164-7671bb3f34ef,2026-06-07 15:00:00,,0,,,
5194f90d-7aee-4d38-b164-7671bb3f34ef,2026-06-07 18:00:00,,0,,,
5194f90d-7aee-4d38-b164-7671bb3f34ef,2026-06-07 21:00:00,,0,,,
5c4717af-a190-4e93-818f-c986817a0d4e,2026-06-01 09:00:00,,0,,,
5c4717af-a190-4e93-818f-c986817a0d4e,2026-06-01 12:00:00,,0,,,
5c4717af-a190-4e93-818f-c986817a0d4e,2026-06-01 15:00:00,,0,,,
5c4717af-a190-4e93-818f-c986817a0d4e,2026-06-01 18:00:00,,0,,,
5c4717af-a190-4e93-818f-c986817a0d4e,2026-06-01 21:00:00,,0,,,
5c4717af-a190-4e93-818f-c986817a0d4e,2026-06-02 09:00:00,,0,,,
5c4717af-a190-4e93-818f-c986817a0d4e,2026-06-02 12:00:00,,0,,,
5c4717af-a190-4e93-818f-c986817a0d4e,2026-06-02 15:00:00,,0,,,
5c4717af-a190-4e93-818f-c986817a0d4e,2026-06-02 18:00:00,,0,,,
5c4717af-a190-4e93-818f-c986817a0d4e,2026-06-02 21:00:00,,0,,,
5c4717af-a190-4e93-818f-c986817a0d4e,2026-06-03 09:00:00,,0,,,
5c4717af-a190-4e93-818f-c986817a0d4e,2026-06-03 12:00:00,,0,,,
5c4717af-a190-4e93-818f-c986817a0d4e,2026-06-03 15:00:00,,0,,,
5c4717af-a190-4e93-818f-c986817a0d4e,2026-06-03 18:00:00,,0,,,
5c4717af-a190-4e93-818f-c986817a0d4e,2026-06-03 21:00:00,,0,,,
5c4717af-a190-4e93-818f-c986817a0d4e,2026-06-04 09:00:00,,0,,,
5c4717af-a190-4e93-818f-c986817a0d4e,2026-06-04 12:00:00,,0,,,
5c4717af-a190-4e93-818f-c986817a0d4e,2026-06-04 15:00:00,,0,,,
5c4717af-a190-4e93-818f-c986817a0d4e,2026-06-04 18:00:00,,0,,,
5c4717af-a190-4e93-818f-c986817a0d4e,2026-06-04 21:00:00,,0,,,
5c4717af-a190-4e93-818f-c986817a0d4e,2026-06-05 09:00:00,,0,,,
5c4717af-a190-4e93-818f-c986817a0d4e,2026-06-05 12:00:00,,0,,,
5c4717af-a190-4e93-818f-c986817a0d4e,2026-06-05 15:00:00,,0,,,
5c4717af-a190-4e93-818f-c986817a0d4e,2026-06-05 18:00:00,,0,,,
5c4717af-a190-4e93-818f-c986817a0d4e,2026-06-05 21:00:00,,0,,,
5c4717af-a190-4e93-818f-c986817a0d4e,2026-06-06 09:00:00,,0,,,
5c4717af-a190-4e93-818f-c986817a0d4e,2026-06-06 12:00:00,,0,,,
5c4717af-a190-4e93-818f-c986817a0d4e,2026-06-06 15:00:00,,0,,,
5c4717af-a190-4e93-818f-c986817a0d4e,2026-06-06 18:00:00,,0,,,
5c4717af-a190-4e93-818f-c986817a0d4e,2026-06-06 21:00:00,,0,,,
5c4717af-a190-4e93-818f-c986817a0d4e,2026-06-07 09:00:00,,0,,,
5c4717af-a190-4e93-818f-c986817a0d4e,2026-06-07 12:00:00,,0,,,
5c4717af-a190-4e93-818f-c986817a0d4e,2026-06-07 15:00:00,,0,,,
5c4717af-a190-4e93-818f-c986817a0d4e,2026-06-07 18:00:00,,0,,,
5c4717af-a190-4e93-818f-c986817a0d4e,2026-06-07 21:00:00,,0,,,
5cc1dc4d-0a92-4c6a-b15c-6ce4609fc4c8,2026-06-01 09:00:00,,0,,,
5cc1dc4d-0a92-4c6a-b15c-6ce4609fc4c8,2026-06-01 12:00:00,,0,,,
5cc1dc4d-0a92-4c6a-b15c-6ce4609fc4c8,2026-06-01 15:00:00,,0,,,
5cc1dc4d-0a92-4c6a-b15c-6ce4609fc4c8,2026-06-01 18:00:00,,0,,,
5cc1dc4d-0a92-4c6a-b15c-6ce4609fc4c8,2026-06-01 21:00:00,,0,,,
5cc1dc4d-0a92-4c6a-b15c-6ce4609fc4c8,2026-06-02 09:00:00,,0,,,
5cc1dc4d-0a92-4c6a-b15c-6ce4609fc4c8,2026-06-02 12:00:00,,0,,,
5cc1dc4d-0a92-4c6a-b15c-6ce4609fc4c8,2026-06-02 15:00:00,,0,,,
5cc1dc4d-0a92-4c6a-b15c-6ce4609fc4c8,2026-06-02 18:00:00,,0,,,
5cc1dc4d-0a92-4c6a-b15c-6ce4609fc4c8,2026-06-02 21:00:00,,0,,,
5cc1dc4d-0a92-4c6a-b15c-6ce4609fc4c8,2026-06-03 09:00:00,,0,,,
5cc1dc4d-0a92-4c6a-b15c-6ce4609fc4c8,2026-06-03 12:00:00,,0,,,
5cc1dc4d-0a92-4c6a-b15c-6ce4609fc4c8,2026-06-03 15:00:00,,0,,,
5cc1dc4d-0a92-4c6a-b15c-6ce4609fc4c8,2026-06-03 18:00:00,,0,,,
5cc1dc4d-0a92-4c6a-b15c-6ce4609fc4c8,2026-06-03 21:00:00,,0,,,
5cc1dc4d-0a92-4c6a-b15c-6ce4609fc4c8,2026-06-04 09:00:00,,0,,,
5cc1dc4d-0a92-4c6a-b15c-6ce4609fc4c8,2026-06-04 12:00:00,,0,,,
5cc1dc4d-0a92-4c6a-b15c-6ce4609fc4c8,2026-06-04 15:00:00,,0,,,
5cc1dc4d-0a92-4c6a-b15c-6ce4609fc4c8,2026-06-04 18:00:00,,0,,,
5cc1dc4d-0a92-4c6a-b15c-6ce4609fc4c8,2026-06-04 21:00:00,,0,,,
5cc1dc4d-0a92-4c6a-b15c-6ce4609fc4c8,2026-06-05 09:00:00,,0,,,
5cc1dc4d-0a92-4c6a-b15c-6ce4609fc4c8,2026-06-05 12:00:00,,0,,,
5cc1dc4d-0a92-4c6a-b15c-6ce4609fc4c8,2026-06-05 15:00:00,,0,,,
5cc1dc4d-0a92-4c6a-b15c-6ce4609fc4c8,2026-06-05 18:00:00,,0,,,
5cc1dc4d-0a92-4c6a-b15c-6ce4609fc4c8,2026-06-05 21:00:00,,0,,,
5cc1dc4d-0a92-4c6a-b15c-6ce4609fc4c8,2026-06-06 09:00:00,,0,,,
5cc1dc4d-0a92-4c6a-b15c-6ce4609fc4c8,2026-06-06 12:00:00,,0,,,
5cc1dc4d-0a92-4c6a-b15c-6ce4609fc4c8,2026-06-06 15:00:00,,0,,,
5cc1dc4d-0a92-4c6a-b15c-6ce4609fc4c8,2026-06-06 18:00:00,,0,,,
5cc1dc4d-0a92-4c6a-b15c-6ce4609fc4c8,2026-06-06 21:00:00,,0,,,
5cc1dc4d-0a92-4c6a-b15c-6ce4609fc4c8,2026-06-07 09:00:00,,0,,,
5cc1dc4d-0a92-4c6a-b15c-6ce4609fc4c8,2026-06-07 12:00:00,,0,,,
5cc1dc4d-0a92-4c6a-b15c-6ce4609fc4c8,2026-06-07 15:00:00,,0,,,
5cc1dc4d-0a92-4c6a-b15c-6ce4609fc4c8,2026-06-07 18:00:00,,0,,,
5cc1dc4d-0a92-4c6a-b15c-6ce4609fc4c8,2026-06-07 21:00:00,,0,,,
5db4cdbd-db84-492c-be83-40422c0c7b23,2026-06-01 09:00:00,,0,,,
5db4cdbd-db84-492c-be83-40422c0c7b23,2026-06-01 12:00:00,,0,,,
5db4cdbd-db84-492c-be83-40422c0c7b23,2026-06-01 15:00:00,,0,,,
5db4cdbd-db84-492c-be83-40422c0c7b23,2026-06-01 18:00:00,,0,,,
5db4cdbd-db84-492c-be83-40422c0c7b23,2026-06-01 21:00:00,,0,,,
5db4cdbd-db84-492c-be83-40422c0c7b23,2026-06-02 09:00:00,,0,,,
5db4cdbd-db84-492c-be83-40422c0c7b23,2026-06-02 12:00:00,,0,,,
5db4cdbd-db84-492c-be83-40422c0c7b23,2026-06-02 15:00:00,,0,,,
5db4cdbd-db84-492c-be83-40422c0c7b23,2026-06-02 18:00:00,,0,,,
5db4cdbd-db84-492c-be83-40422c0c7b23,2026-06-02 21:00:00,,0,,,
5db4cdbd-db84-492c-be83-40422c0c7b23,2026-06-03 09:00:00,,0,,,
5db4cdbd-db84-492c-be83-40422c0c7b23,2026-06-03 12:00:00,,0,,,
5db4cdbd-db84-492c-be83-40422c0c7b23,2026-06-03 15:00:00,,0,,,
5db4cdbd-db84-492c-be83-40422c0c7b23,2026-06-03 18:00:00,,0,,,
5db4cdbd-db84-492c-be83-40422c0c7b23,2026-06-03 21:00:00,,0,,,
5db4cdbd-db84-492c-be83-40422c0c7b23,2026-06-04 09:00:00,,0,,,
5db4cdbd-db84-492c-be83-40422c0c7b23,2026-06-04 12:00:00,,0,,,
5db4cdbd-db84-492c-be83-40422c0c7b23,2026-06-04 15:00:00,,0,,,
5db4cdbd-db84-492c-be83-40422c0c7b23,2026-06-04 18:00:00,,0,,,
5db4cdbd-db84-492c-be83-40422c0c7b23,2026-06-04 21:00:00,,0,,,
5db4cdbd-db84-492c-be83-40422c0c7b23,2026-06-05 09:00:00,,0,,,
5db4cdbd-db84-492c-be83-40422c0c7b23,2026-06-05 12:00:00,,0,,,
5db4cdbd-db84-492c-be83-40422c0c7b23,2026-06-05 15:00:00,,0,,,
5db4cdbd-db84-492c-be83-40422c0c7b23,2026-06-05 18:00:00,,0,,,
5db4cdbd-db84-492c-be83-40422c0c7b23,2026-06-05 21:00:00,,0,,,
5db4cdbd-db84-492c-be83-40422c0c7b23,2026-06-06 09:00:00,,0,,,
5db4cdbd-db84-492c-be83-40422c0c7b23,2026-06-06 12:00:00,,0,,,
5db4cdbd-db84-492c-be83-40422c0c7b23,2026-06-06 15:00:00,,0,,,
5db4cdbd-db84-492c-be83-40422c0c7b23,2026-06-06 18:00:00,,0,,,
5db4cdbd-db84-492c-be83-40422c0c7b23,2026-06-06 21:00:00,,0,,,
5db4cdbd-db84-492c-be83-40422c0c7b23,2026-06-07 09:00:00,,0,,,
5db4cdbd-db84-492c-be83-40422c0c7b23,2026-06-07 12:00:00,,0,,,
5db4cdbd-db84-492c-be83-40422c0c7b23,2026-06-07 15:00:00,,0,,,
5db4cdbd-db84-492c-be83-40422c0c7b23,2026-06-07 18:00:00,,0,,,
5db4cdbd-db84-492c-be83-40422c0c7b23,2026-06-07 21:00:00,,0,,,
5e5b657d-9975-4184-8f06-8195da10ae72,2026-06-01 09:00:00,,0,,,
5e5b657d-9975-4184-8f06-8195da10ae72,2026-06-01 12:00:00,,0,,,
5e5b657d-9975-4184-8f06-8195da10ae72,2026-06-01 15:00:00,,0,,,
5e5b657d-9975-4184-8f06-8195da10ae72,2026-06-01 18:00:00,,0,,,
5e5b657d-9975-4184-8f06-8195da10ae72,2026-06-01 21:00:00,,0,,,
5e5b657d-9975-4184-8f06-8195da10ae72,2026-06-02 09:00:00,,0,,,
5e5b657d-9975-4184-8f06-8195da10ae72,2026-06-02 12:00:00,,0,,,
5e5b657d-9975-4184-8f06-8195da10ae72,2026-06-02 15:00:00,,0,,,
5e5b657d-9975-4184-8f06-8195da10ae72,2026-06-02 18:00:00,,0,,,
5e5b657d-9975-4184-8f06-8195da10ae72,2026-06-02 21:00:00,,0,,,
5e5b657d-9975-4184-8f06-8195da10ae72,2026-06-03 09:00:00,,0,,,
5e5b657d-9975-4184-8f06-8195da10ae72,2026-06-03 12:00:00,,0,,,
5e5b657d-9975-4184-8f06-8195da10ae72,2026-06-03 15:00:00,,0,,,
5e5b657d-9975-4184-8f06-8195da10ae72,2026-06-03 18:00:00,,0,,,
5e5b657d-9975-4184-8f06-8195da10ae72,2026-06-03 21:00:00,,0,,,
5e5b657d-9975-4184-8f06-8195da10ae72,2026-06-04 09:00:00,,0,,,
5e5b657d-9975-4184-8f06-8195da10ae72,2026-06-04 12:00:00,,0,,,
5e5b657d-9975-4184-8f06-8195da10ae72,2026-06-04 15:00:00,,0,,,
5e5b657d-9975-4184-8f06-8195da10ae72,2026-06-04 18:00:00,,0,,,
5e5b657d-9975-4184-8f06-8195da10ae72,2026-06-04 21:00:00,,0,,,
5e5b657d-9975-4184-8f06-8195da10ae72,2026-06-05 09:00:00,,0,,,
5e5b657d-9975-4184-8f06-8195da10ae72,2026-06-05 12:00:00,,0,,,
5e5b657d-9975-4184-8f06-8195da10ae72,2026-06-05 15:00:00,,0,,,
5e5b657d-9975-4184-8f06-8195da10ae72,2026-06-05 18:00:00,,0,,,
5e5b657d-9975-4184-8f06-8195da10ae72,2026-06-05 21:00:00,,0,,,
5e5b657d-9975-4184-8f06-8195da10ae72,2026-06-06 09:00:00,,0,,,
5e5b657d-9975-4184-8f06-8195da10ae72,2026-06-06 12:00:00,,0,,,
5e5b657d-9975-4184-8f06-8195da10ae72,2026-06-06 15:00:00,,0,,,
5e5b657d-9975-4184-8f06-8195da10ae72,2026-06-06 18:00:00,,0,,,
5e5b657d-9975-4184-8f06-8195da10ae72,2026-06-06 21:00:00,,0,,,
5e5b657d-9975-4184-8f06-8195da10ae72,2026-06-07 09:00:00,,0,,,
5e5b657d-9975-4184-8f06-8195da10ae72,2026-06-07 12:00:00,,0,,,
5e5b657d-9975-4184-8f06-8195da10ae72,2026-06-07 15:00:00,,0,,,
5e5b657d-9975-4184-8f06-8195da10ae72,2026-06-07 18:00:00,,0,,,
5e5b657d-9975-4184-8f06-8195da10ae72,2026-06-07 21:00:00,,0,,,
5ed911a0-2d16-41c4-9f36-376e43dd0e20,2026-06-01 09:00:00,,0,,,
5ed911a0-2d16-41c4-9f36-376e43dd0e20,2026-06-01 12:00:00,,0,,,
5ed911a0-2d16-41c4-9f36-376e43dd0e20,2026-06-01 15:00:00,,0,,,
5ed911a0-2d16-41c4-9f36-376e43dd0e20,2026-06-01 18:00:00,,0,,,
5ed911a0-2d16-41c4-9f36-376e43dd0e20,2026-06-01 21:00:00,,0,,,
5ed911a0-2d16-41c4-9f36-376e43dd0e20,2026-06-02 09:00:00,,0,,,
5ed911a0-2d16-41c4-9f36-376e43dd0e20,2026-06-02 12:00:00,,0,,,
5ed911a0-2d16-41c4-9f36-376e43dd0e20,2026-06-02 15:00:00,,0,,,
5ed911a0-2d16-41c4-9f36-376e43dd0e20,2026-06-02 18:00:00,,0,,,
5ed911a0-2d16-41c4-9f36-376e43dd0e20,2026-06-02 21:00:00,,0,,,
5ed911a0-2d16-41c4-9f36-376e43dd0e20,2026-06-03 09:00:00,,0,,,
5ed911a0-2d16-41c4-9f36-376e43dd0e20,2026-06-03 12:00:00,,0,,,
5ed911a0-2d16-41c4-9f36-376e43dd0e20,2026-06-03 15:00:00,,0,,,
5ed911a0-2d16-41c4-9f36-376e43dd0e20,2026-06-03 18:00:00,,0,,,
5ed911a0-2d16-41c4-9f36-376e43dd0e20,2026-06-03 21:00:00,,0,,,
5ed911a0-2d16-41c4-9f36-376e43dd0e20,2026-06-04 09:00:00,,0,,,
5ed911a0-2d16-41c4-9f36-376e43dd0e20,2026-06-04 12:00:00,,0,,,
5ed911a0-2d16-41c4-9f36-376e43dd0e20,2026-06-04 15:00:00,,0,,,
5ed911a0-2d16-41c4-9f36-376e43dd0e20,2026-06-04 18:00:00,,0,,,
5ed911a0-2d16-41c4-9f36-376e43dd0e20,2026-06-04 21:00:00,,0,,,
5ed911a0-2d16-41c4-9f36-376e43dd0e20,2026-06-05 09:00:00,,0,,,
5ed911a0-2d16-41c4-9f36-376e43dd0e20,2026-06-05 12:00:00,,0,,,
5ed911a0-2d16-41c4-9f36-376e43dd0e20,2026-06-05 15:00:00,,0,,,
5ed911a0-2d16-41c4-9f36-376e43dd0e20,2026-06-05 18:00:00,,0,,,
5ed911a0-2d16-41c4-9f36-376e43dd0e20,2026-06-05 21:00:00,,0,,,
5ed911a0-2d16-41c4-9f36-376e43dd0e20,2026-06-06 09:00:00,,0,,,
5ed911a0-2d16-41c4-9f36-376e43dd0e20,2026-06-06 12:00:00,,0,,,
5ed911a0-2d16-41c4-9f36-376e43dd0e20,2026-06-06 15:00:00,,0,,,
5ed911a0-2d16-41c4-9f36-376e43dd0e20,2026-06-06 18:00:00,,0,,,
5ed911a0-2d16-41c4-9f36-376e43dd0e20,2026-06-06 21:00:00,,0,,,
5ed911a0-2d16-41c4-9f36-376e43dd0e20,2026-06-07 09:00:00,,0,,,
5ed911a0-2d16-41c4-9f36-376e43dd0e20,2026-06-07 12:00:00,,0,,,
5ed911a0-2d16-41c4-9f36-376e43dd0e20,2026-06-07 15:00:00,,0,,,
5ed911a0-2d16-41c4-9f36-376e43dd0e20,2026-06-07 18:00:00,,0,,,
5ed911a0-2d16-41c4-9f36-376e43dd0e20,2026-06-07 21:00:00,,0,,,
617d4997-cde6-468e-a0e2-fa1a966b4558,2026-06-01 09:00:00,,0,,,
617d4997-cde6-468e-a0e2-fa1a966b4558,2026-06-01 12:00:00,,0,,,
617d4997-cde6-468e-a0e2-fa1a966b4558,2026-06-01 15:00:00,,0,,,
617d4997-cde6-468e-a0e2-fa1a966b4558,2026-06-01 18:00:00,,0,,,
617d4997-cde6-468e-a0e2-fa1a966b4558,2026-06-01 21:00:00,,0,,,
617d4997-cde6-468e-a0e2-fa1a966b4558,2026-06-02 09:00:00,,0,,,
617d4997-cde6-468e-a0e2-fa1a966b4558,2026-06-02 12:00:00,,0,,,
617d4997-cde6-468e-a0e2-fa1a966b4558,2026-06-02 15:00:00,,0,,,
617d4997-cde6-468e-a0e2-fa1a966b4558,2026-06-02 18:00:00,,0,,,
617d4997-cde6-468e-a0e2-fa1a966b4558,2026-06-02 21:00:00,,0,,,
617d4997-cde6-468e-a0e2-fa1a966b4558,2026-06-03 09:00:00,,0,,,
617d4997-cde6-468e-a0e2-fa1a966b4558,2026-06-03 12:00:00,,0,,,
617d4997-cde6-468e-a0e2-fa1a966b4558,2026-06-03 15:00:00,,0,,,
617d4997-cde6-468e-a0e2-fa1a966b4558,2026-06-03 18:00:00,,0,,,
617d4997-cde6-468e-a0e2-fa1a966b4558,2026-06-03 21:00:00,,0,,,
617d4997-cde6-468e-a0e2-fa1a966b4558,2026-06-04 09:00:00,,0,,,
617d4997-cde6-468e-a0e2-fa1a966b4558,2026-06-04 12:00:00,,0,,,
617d4997-cde6-468e-a0e2-fa1a966b4558,2026-06-04 15:00:00,,0,,,
617d4997-cde6-468e-a0e2-fa1a966b4558,2026-06-04 18:00:00,,0,,,
617d4997-cde6-468e-a0e2-fa1a966b4558,2026-06-04 21:00:00,,0,,,
617d4997-cde6-468e-a0e2-fa1a966b4558,2026-06-05 09:00:00,,0,,,
617d4997-cde6-468e-a0e2-fa1a966b4558,2026-06-05 12:00:00,,0,,,
617d4997-cde6-468e-a0e2-fa1a966b4558,2026-06-05 15:00:00,,0,,,
617d4997-cde6-468e-a0e2-fa1a966b4558,2026-06-05 18:00:00,,0,,,
617d4997-cde6-468e-a0e2-fa1a966b4558,2026-06-05 21:00:00,,0,,,
617d4997-cde6-468e-a0e2-fa1a966b4558,2026-06-06 09:00:00,,0,,,
617d4997-cde6-468e-a0e2-fa1a966b4558,2026-06-06 12:00:00,,0,,,
617d4997-cde6-468e-a0e2-fa1a966b4558,2026-06-06 15:00:00,,0,,,
617d4997-cde6-468e-a0e2-fa1a966b4558,2026-06-06 18:00:00,,0,,,
617d4997-cde6-468e-a0e2-fa1a966b4558,2026-06-06 21:00:00,,0,,,
617d4997-cde6-468e-a0e2-fa1a966b4558,2026-06-07 09:00:00,,0,,,
617d4997-cde6-468e-a0e2-fa1a966b4558,2026-06-07 12:00:00,,0,,,
617d4997-cde6-468e-a0e2-fa1a966b4558,2026-06-07 15:00:00,,0,,,
617d4997-cde6-468e-a0e2-fa1a966b4558,2026-06-07 18:00:00,,0,,,
617d4997-cde6-468e-a0e2-fa1a966b4558,2026-06-07 21:00:00,,0,,,
676f39ca-0d80-4126-b2d9-df8fd5a48ef8,2026-06-01 09:00:00,,0,,,
676f39ca-0d80-4126-b2d9-df8fd5a48ef8,2026-06-01 12:00:00,,0,,,
676f39ca-0d80-4126-b2d9-df8fd5a48ef8,2026-06-01 15:00:00,,0,,,
676f39ca-0d80-4126-b2d9-df8fd5a48ef8,2026-06-01 18:00:00,,0,,,
676f39ca-0d80-4126-b2d9-df8fd5a48ef8,2026-06-01 21:00:00,,0,,,
676f39ca-0d80-4126-b2d9-df8fd5a48ef8,2026-06-02 09:00:00,,0,,,
676f39ca-0d80-4126-b2d9-df8fd5a48ef8,2026-06-02 12:00:00,,0,,,
676f39ca-0d80-4126-b2d9-df8fd5a48ef8,2026-06-02 15:00:00,,0,,,
676f39ca-0d80-4126-b2d9-df8fd5a48ef8,2026-06-02 18:00:00,,0,,,
676f39ca-0d80-4126-b2d9-df8fd5a48ef8,2026-06-02 21:00:00,,0,,,
676f39ca-0d80-4126-b2d9-df8fd5a48ef8,2026-06-03 09:00:00,,0,,,
676f39ca-0d80-4126-b2d9-df8fd5a48ef8,2026-06-03 12:00:00,,0,,,
676f39ca-0d80-4126-b2d9-df8fd5a48ef8,2026-06-03 15:00:00,,0,,,
676f39ca-0d80-4126-b2d9-df8fd5a48ef8,2026-06-03 18:00:00,,0,,,
676f39ca-0d80-4126-b2d9-df8fd5a48ef8,2026-06-03 21:00:00,,0,,,
676f39ca-0d80-4126-b2d9-df8fd5a48ef8,2026-06-04 09:00:00,,0,,,
676f39ca-0d80-4126-b2d9-df8fd5a48ef8,2026-06-04 12:00:00,,0,,,
676f39ca-0d80-4126-b2d9-df8fd5a48ef8,2026-06-04 15:00:00,,0,,,
676f39ca-0d80-4126-b2d9-df8fd5a48ef8,2026-06-04 18:00:00,,0,,,
676f39ca-0d80-4126-b2d9-df8fd5a48ef8,2026-06-04 21:00:00,,0,,,
676f39ca-0d80-4126-b2d9-df8fd5a48ef8,2026-06-05 09:00:00,,0,,,
676f39ca-0d80-4126-b2d9-df8fd5a48ef8,2026-06-05 12:00:00,,0,,,
676f39ca-0d80-4126-b2d9-df8fd5a48ef8,2026-06-05 15:00:00,,0,,,
676f39ca-0d80-4126-b2d9-df8fd5a48ef8,2026-06-05 18:00:00,,0,,,
676f39ca-0d80-4126-b2d9-df8fd5a48ef8,2026-06-05 21:00:00,,0,,,
676f39ca-0d80-4126-b2d9-df8fd5a48ef8,2026-06-06 09:00:00,,0,,,
676f39ca-0d80-4126-b2d9-df8fd5a48ef8,2026-06-06 12:00:00,,0,,,
676f39ca-0d80-4126-b2d9-df8fd5a48ef8,2026-06-06 15:00:00,,0,,,
676f39ca-0d80-4126-b2d9-df8fd5a48ef8,2026-06-06 18:00:00,,0,,,
676f39ca-0d80-4126-b2d9-df8fd5a48ef8,2026-06-06 21:00:00,,0,,,
676f39ca-0d80-4126-b2d9-df8fd5a48ef8,2026-06-07 09:00:00,,0,,,
676f39ca-0d80-4126-b2d9-df8fd5a48ef8,2026-06-07 12:00:00,,0,,,
676f39ca-0d80-4126-b2d9-df8fd5a48ef8,2026-06-07 15:00:00,,0,,,
676f39ca-0d80-4126-b2d9-df8fd5a48ef8,2026-06-07 18:00:00,,0,,,
676f39ca-0d80-4126-b2d9-df8fd5a48ef8,2026-06-07 21:00:00,,0,,,
6851da32-bf0d-4995-8348-e858c2e8bb68,2026-06-01 09:00:00,,0,,,
6851da32-bf0d-4995-8348-e858c2e8bb68,2026-06-01 12:00:00,,0,,,
6851da32-bf0d-4995-8348-e858c2e8bb68,2026-06-01 15:00:00,,0,,,
6851da32-bf0d-4995-8348-e858c2e8bb68,2026-06-01 18:00:00,,0,,,
6851da32-bf0d-4995-8348-e858c2e8bb68,2026-06-01 21:00:00,,0,,,
6851da32-bf0d-4995-8348-e858c2e8bb68,2026-06-02 09:00:00,,0,,,
6851da32-bf0d-4995-8348-e858c2e8bb68,2026-06-02 12:00:00,,0,,,
6851da32-bf0d-4995-8348-e858c2e8bb68,2026-06-02 15:00:00,,0,,,
6851da32-bf0d-4995-8348-e858c2e8bb68,2026-06-02 18:00:00,,0,,,
6851da32-bf0d-4995-8348-e858c2e8bb68,2026-06-02 21:00:00,,0,,,
6851da32-bf0d-4995-8348-e858c2e8bb68,2026-06-03 09:00:00,,0,,,
6851da32-bf0d-4995-8348-e858c2e8bb68,2026-06-03 12:00:00,,0,,,
6851da32-bf0d-4995-8348-e858c2e8bb68,2026-06-03 15:00:00,,0,,,
6851da32-bf0d-4995-8348-e858c2e8bb68,2026-06-03 18:00:00,,0,,,
6851da32-bf0d-4995-8348-e858c2e8bb68,2026-06-03 21:00:00,,0,,,
6851da32-bf0d-4995-8348-e858c2e8bb68,2026-06-04 09:00:00,,0,,,
6851da32-bf0d-4995-8348-e858c2e8bb68,2026-06-04 12:00:00,,0,,,
6851da32-bf0d-4995-8348-e858c2e8bb68,2026-06-04 15:00:00,,0,,,
6851da32-bf0d-4995-8348-e858c2e8bb68,2026-06-04 18:00:00,,0,,,
6851da32-bf0d-4995-8348-e858c2e8bb68,2026-06-04 21:00:00,,0,,,
6851da32-bf0d-4995-8348-e858c2e8bb68,2026-06-05 09:00:00,,0,,,
6851da32-bf0d-4995-8348-e858c2e8bb68,2026-06-05 12:00:00,,0,,,
6851da32-bf0d-4995-8348-e858c2e8bb68,2026-06-05 15:00:00,,0,,,
6851da32-bf0d-4995-8348-e858c2e8bb68,2026-06-05 18:00:00,,0,,,
6851da32-bf0d-4995-8348-e858c2e8bb68,2026-06-05 21:00:00,,0,,,
6851da32-bf0d-4995-8348-e858c2e8bb68,2026-06-06 09:00:00,,0,,,
6851da32-bf0d-4995-8348-e858c2e8bb68,2026-06-06 12:00:00,,0,,,
6851da32-bf0d-4995-8348-e858c2e8bb68,2026-06-06 15:00:00,,0,,,
6851da32-bf0d-4995-8348-e858c2e8bb68,2026-06-06 18:00:00,,0,,,
6851da32-bf0d-4995-8348-e858c2e8bb68,2026-06-06 21:00:00,,0,,,
6851da32-bf0d-4995-8348-e858c2e8bb68,2026-06-07 09:00:00,,0,,,
6851da32-bf0d-4995-8348-e858c2e8bb68,2026-06-07 12:00:00,,0,,,
6851da32-bf0d-4995-8348-e858c2e8bb68,2026-06-07 15:00:00,,0,,,
6851da32-bf0d-4995-8348-e858c2e8bb68,2026-06-07 18:00:00,,0,,,
6851da32-bf0d-4995-8348-e858c2e8bb68,2026-06-07 21:00:00,,0,,,
68dd157e-b4e9-43f3-8559-e38b876a4321,2026-06-01 09:00:00,,0,,,
68dd157e-b4e9-43f3-8559-e38b876a4321,2026-06-01 12:00:00,,0,,,
68dd157e-b4e9-43f3-8559-e38b876a4321,2026-06-01 15:00:00,,0,,,
68dd157e-b4e9-43f3-8559-e38b876a4321,2026-06-01 18:00:00,,0,,,
68dd157e-b4e9-43f3-8559-e38b876a4321,2026-06-01 21:00:00,,0,,,
68dd157e-b4e9-43f3-8559-e38b876a4321,2026-06-02 09:00:00,,0,,,
68dd157e-b4e9-43f3-8559-e38b876a4321,2026-06-02 12:00:00,,0,,,
68dd157e-b4e9-43f3-8559-e38b876a4321,2026-06-02 15:00:00,,0,,,
68dd157e-b4e9-43f3-8559-e38b876a4321,2026-06-02 18:00:00,,0,,,
68dd157e-b4e9-43f3-8559-e38b876a4321,2026-06-02 21:00:00,,0,,,
68dd157e-b4e9-43f3-8559-e38b876a4321,2026-06-03 09:00:00,,0,,,
68dd157e-b4e9-43f3-8559-e38b876a4321,2026-06-03 12:00:00,,0,,,
68dd157e-b4e9-43f3-8559-e38b876a4321,2026-06-03 15:00:00,,0,,,
68dd157e-b4e9-43f3-8559-e38b876a4321,2026-06-03 18:00:00,,0,,,
68dd157e-b4e9-43f3-8559-e38b876a4321,2026-06-03 21:00:00,,0,,,
68dd157e-b4e9-43f3-8559-e38b876a4321,2026-06-04 09:00:00,,0,,,
68dd157e-b4e9-43f3-8559-e38b876a4321,2026-06-04 12:00:00,,0,,,
68dd157e-b4e9-43f3-8559-e38b876a4321,2026-06-04 15:00:00,,0,,,
68dd157e-b4e9-43f3-8559-e38b876a4321,2026-06-04 18:00:00,,0,,,
68dd157e-b4e9-43f3-8559-e38b876a4321,2026-06-04 21:00:00,,0,,,
68dd157e-b4e9-43f3-8559-e38b876a4321,2026-06-05 09:00:00,,0,,,
68dd157e-b4e9-43f3-8559-e38b876a4321,2026-06-05 12:00:00,,0,,,
68dd157e-b4e9-43f3-8559-e38b876a4321,2026-06-05 15:00:00,,0,,,
68dd157e-b4e9-43f3-8559-e38b876a4321,2026-06-05 18:00:00,,0,,,
68dd157e-b4e9-43f3-8559-e38b876a4321,2026-06-05 21:00:00,,0,,,
68dd157e-b4e9-43f3-8559-e38b876a4321,2026-06-06 09:00:00,,0,,,
68dd157e-b4e9-43f3-8559-e38b876a4321,2026-06-06 12:00:00,,0,,,
68dd157e-b4e9-43f3-8559-e38b876a4321,2026-06-06 15:00:00,,0,,,
68dd157e-b4e9-43f3-8559-e38b876a4321,2026-06-06 18:00:00,,0,,,
68dd157e-b4e9-43f3-8559-e38b876a4321,2026-06-06 21:00:00,,0,,,
68dd157e-b4e9-43f3-8559-e38b876a4321,2026-06-07 09:00:00,,0,,,
68dd157e-b4e9-43f3-8559-e38b876a4321,2026-06-07 12:00:00,,0,,,
68dd157e-b4e9-43f3-8559-e38b876a4321,2026-06-07 15:00:00,,0,,,
68dd157e-b4e9-43f3-8559-e38b876a4321,2026-06-07 18:00:00,,0,,,
68dd157e-b4e9-43f3-8559-e38b876a4321,2026-06-07 21:00:00,,0,,,
68fd889c-9cdb-4fbd-90e8-4adb678b725a,2026-06-01 09:00:00,,0,,,
68fd889c-9cdb-4fbd-90e8-4adb678b725a,2026-06-01 12:00:00,,0,,,
68fd889c-9cdb-4fbd-90e8-4adb678b725a,2026-06-01 15:00:00,,0,,,
68fd889c-9cdb-4fbd-90e8-4adb678b725a,2026-06-01 18:00:00,,0,,,
68fd889c-9cdb-4fbd-90e8-4adb678b725a,2026-06-01 21:00:00,,0,,,
68fd889c-9cdb-4fbd-90e8-4adb678b725a,2026-06-02 09:00:00,,0,,,
68fd889c-9cdb-4fbd-90e8-4adb678b725a,2026-06-02 12:00:00,,0,,,
68fd889c-9cdb-4fbd-90e8-4adb678b725a,2026-06-02 15:00:00,,0,,,
68fd889c-9cdb-4fbd-90e8-4adb678b725a,2026-06-02 18:00:00,,0,,,
68fd889c-9cdb-4fbd-90e8-4adb678b725a,2026-06-02 21:00:00,,0,,,
68fd889c-9cdb-4fbd-90e8-4adb678b725a,2026-06-03 09:00:00,,0,,,
68fd889c-9cdb-4fbd-90e8-4adb678b725a,2026-06-03 12:00:00,,0,,,
68fd889c-9cdb-4fbd-90e8-4adb678b725a,2026-06-03 15:00:00,,0,,,
68fd889c-9cdb-4fbd-90e8-4adb678b725a,2026-06-03 18:00:00,,0,,,
68fd889c-9cdb-4fbd-90e8-4adb678b725a,2026-06-03 21:00:00,,0,,,
68fd889c-9cdb-4fbd-90e8-4adb678b725a,2026-06-04 09:00:00,,0,,,
68fd889c-9cdb-4fbd-90e8-4adb678b725a,2026-06-04 12:00:00,,0,,,
68fd889c-9cdb-4fbd-90e8-4adb678b725a,2026-06-04 15:00:00,,0,,,
68fd889c-9cdb-4fbd-90e8-4adb678b725a,2026-06-04 18:00:00,,0,,,
68fd889c-9cdb-4fbd-90e8-4adb678b725a,2026-06-04 21:00:00,,0,,,
68fd889c-9cdb-4fbd-90e8-4adb678b725a,2026-06-05 09:00:00,,0,,,
68fd889c-9cdb-4fbd-90e8-4adb678b725a,2026-06-05 12:00:00,,0,,,
68fd889c-9cdb-4fbd-90e8-4adb678b725a,2026-06-05 15:00:00,,0,,,
68fd889c-9cdb-4fbd-90e8-4adb678b725a,2026-06-05 18:00:00,,0,,,
68fd889c-9cdb-4fbd-90e8-4adb678b725a,2026-06-05 21:00:00,,0,,,
68fd889c-9cdb-4fbd-90e8-4adb678b725a,2026-06-06 09:00:00,,0,,,
68fd889c-9cdb-4fbd-90e8-4adb678b725a,2026-06-06 12:00:00,,0,,,
68fd889c-9cdb-4fbd-90e8-4adb678b725a,2026-06-06 15:00:00,,0,,,
68fd889c-9cdb-4fbd-90e8-4adb678b725a,2026-06-06 18:00:00,,0,,,
68fd889c-9cdb-4fbd-90e8-4adb678b725a,2026-06-06 21:00:00,,0,,,
68fd889c-9cdb-4fbd-90e8-4adb678b725a,2026-06-07 09:00:00,,0,,,
68fd889c-9cdb-4fbd-90e8-4adb678b725a,2026-06-07 12:00:00,,0,,,
68fd889c-9cdb-4fbd-90e8-4adb678b725a,2026-06-07 15:00:00,,0,,,
68fd889c-9cdb-4fbd-90e8-4adb678b725a,2026-06-07 18:00:00,,0,,,
68fd889c-9cdb-4fbd-90e8-4adb678b725a,2026-06-07 21:00:00,,0,,,
6dc85d4c-c655-4e46-86fa-d0367442d123,2026-06-01 09:00:00,,0,,,
6dc85d4c-c655-4e46-86fa-d0367442d123,2026-06-01 12:00:00,,0,,,
6dc85d4c-c655-4e46-86fa-d0367442d123,2026-06-01 15:00:00,,0,,,
6dc85d4c-c655-4e46-86fa-d0367442d123,2026-06-01 18:00:00,,0,,,
6dc85d4c-c655-4e46-86fa-d0367442d123,2026-06-01 21:00:00,,0,,,
6dc85d4c-c655-4e46-86fa-d0367442d123,2026-06-02 09:00:00,,0,,,
6dc85d4c-c655-4e46-86fa-d0367442d123,2026-06-02 12:00:00,,0,,,
6dc85d4c-c655-4e46-86fa-d0367442d123,2026-06-02 15:00:00,,0,,,
6dc85d4c-c655-4e46-86fa-d0367442d123,2026-06-02 18:00:00,,0,,,
6dc85d4c-c655-4e46-86fa-d0367442d123,2026-06-02 21:00:00,,0,,,
6dc85d4c-c655-4e46-86fa-d0367442d123,2026-06-03 09:00:00,,0,,,
6dc85d4c-c655-4e46-86fa-d0367442d123,2026-06-03 12:00:00,,0,,,
6dc85d4c-c655-4e46-86fa-d0367442d123,2026-06-03 15:00:00,,0,,,
6dc85d4c-c655-4e46-86fa-d0367442d123,2026-06-03 18:00:00,,0,,,
6dc85d4c-c655-4e46-86fa-d0367442d123,2026-06-03 21:00:00,,0,,,
6dc85d4c-c655-4e46-86fa-d0367442d123,2026-06-04 09:00:00,,0,,,
6dc85d4c-c655-4e46-86fa-d0367442d123,2026-06-04 12:00:00,,0,,,
6dc85d4c-c655-4e46-86fa-d0367442d123,2026-06-04 15:00:00,,0,,,
6dc85d4c-c655-4e46-86fa-d0367442d123,2026-06-04 18:00:00,,0,,,
6dc85d4c-c655-4e46-86fa-d0367442d123,2026-06-04 21:00:00,,0,,,
6dc85d4c-c655-4e46-86fa-d0367442d123,2026-06-05 09:00:00,,0,,,
6dc85d4c-c655-4e46-86fa-d0367442d123,2026-06-05 12:00:00,,0,,,
6dc85d4c-c655-4e46-86fa-d0367442d123,2026-06-05 15:00:00,,0,,,
6dc85d4c-c655-4e46-86fa-d0367442d123,2026-06-05 18:00:00,,0,,,
6dc85d4c-c655-4e46-86fa-d0367442d123,2026-06-05 21:00:00,,0,,,
6dc85d4c-c655-4e46-86fa-d0367442d123,2026-06-06 09:00:00,,0,,,
6dc85d4c-c655-4e46-86fa-d0367442d123,2026-06-06 12:00:00,,0,,,
6dc85d4c-c655-4e46-86fa-d0367442d123,2026-06-06 15:00:00,,0,,,
6dc85d4c-c655-4e46-86fa-d0367442d123,2026-06-06 18:00:00,,0,,,
6dc85d4c-c655-4e46-86fa-d0367442d123,2026-06-06 21:00:00,,0,,,
6dc85d4c-c655-4e46-86fa-d0367442d123,2026-06-07 09:00:00,,0,,,
6dc85d4c-c655-4e46-86fa-d0367442d123,2026-06-07 12:00:00,,0,,,
6dc85d4c-c655-4e46-86fa-d0367442d123,2026-06-07 15:00:00,,0,,,
6dc85d4c-c655-4e46-86fa-d0367442d123,2026-06-07 18:00:00,,0,,,
6dc85d4c-c655-4e46-86fa-d0367442d123,2026-06-07 21:00:00,,0,,,
6f394740-f2b0-4c6e-ba6a-94010d049ef0,2026-06-01 09:00:00,,0,,,
6f394740-f2b0-4c6e-ba6a-94010d049ef0,2026-06-01 12:00:00,,0,,,
6f394740-f2b0-4c6e-ba6a-94010d049ef0,2026-06-01 15:00:00,,0,,,
6f394740-f2b0-4c6e-ba6a-94010d049ef0,2026-06-01 18:00:00,,0,,,
6f394740-f2b0-4c6e-ba6a-94010d049ef0,2026-06-01 21:00:00,,0,,,
6f394740-f2b0-4c6e-ba6a-94010d049ef0,2026-06-02 09:00:00,,0,,,
6f394740-f2b0-4c6e-ba6a-94010d049ef0,2026-06-02 12:00:00,,0,,,
6f394740-f2b0-4c6e-ba6a-94010d049ef0,2026-06-02 15:00:00,,0,,,
6f394740-f2b0-4c6e-ba6a-94010d049ef0,2026-06-02 18:00:00,,0,,,
6f394740-f2b0-4c6e-ba6a-94010d049ef0,2026-06-02 21:00:00,,0,,,
6f394740-f2b0-4c6e-ba6a-94010d049ef0,2026-06-03 09:00:00,,0,,,
6f394740-f2b0-4c6e-ba6a-94010d049ef0,2026-06-03 12:00:00,,0,,,
6f394740-f2b0-4c6e-ba6a-94010d049ef0,2026-06-03 15:00:00,,0,,,
6f394740-f2b0-4c6e-ba6a-94010d049ef0,2026-06-03 18:00:00,,0,,,
6f394740-f2b0-4c6e-ba6a-94010d049ef0,2026-06-03 21:00:00,,0,,,
6f394740-f2b0-4c6e-ba6a-94010d049ef0,2026-06-04 09:00:00,,0,,,
6f394740-f2b0-4c6e-ba6a-94010d049ef0,2026-06-04 12:00:00,,0,,,
6f394740-f2b0-4c6e-ba6a-94010d049ef0,2026-06-04 15:00:00,,0,,,
6f394740-f2b0-4c6e-ba6a-94010d049ef0,2026-06-04 18:00:00,,0,,,
6f394740-f2b0-4c6e-ba6a-94010d049ef0,2026-06-04 21:00:00,,0,,,
6f394740-f2b0-4c6e-ba6a-94010d049ef0,2026-06-05 09:00:00,,0,,,
6f394740-f2b0-4c6e-ba6a-94010d049ef0,2026-06-05 12:00:00,,0,,,
6f394740-f2b0-4c6e-ba6a-94010d049ef0,2026-06-05 15:00:00,,0,,,
6f394740-f2b0-4c6e-ba6a-94010d049ef0,2026-06-05 18:00:00,,0,,,
6f394740-f2b0-4c6e-ba6a-94010d049ef0,2026-06-05 21:00:00,,0,,,
6f394740-f2b0-4c6e-ba6a-94010d049ef0,2026-06-06 09:00:00,,0,,,
6f394740-f2b0-4c6e-ba6a-94010d049ef0,2026-06-06 12:00:00,,0,,,
6f394740-f2b0-4c6e-ba6a-94010d049ef0,2026-06-06 15:00:00,,0,,,
6f394740-f2b0-4c6e-ba6a-94010d049ef0,2026-06-06 18:00:00,,0,,,
6f394740-f2b0-4c6e-ba6a-94010d049ef0,2026-06-06 21:00:00,,0,,,
6f394740-f2b0-4c6e-ba6a-94010d049ef0,2026-06-07 09:00:00,,0,,,
6f394740-f2b0-4c6e-ba6a-94010d049ef0,2026-06-07 12:00:00,,0,,,
6f394740-f2b0-4c6e-ba6a-94010d049ef0,2026-06-07 15:00:00,,0,,,
6f394740-f2b0-4c6e-ba6a-94010d049ef0,2026-06-07 18:00:00,,0,,,
6f394740-f2b0-4c6e-ba6a-94010d049ef0,2026-06-07 21:00:00,,0,,,
70c222aa-463c-4214-bd9e-f781eae7962a,2026-06-01 09:00:00,,0,,,
70c222aa-463c-4214-bd9e-f781eae7962a,2026-06-01 12:00:00,,0,,,
70c222aa-463c-4214-bd9e-f781eae7962a,2026-06-01 15:00:00,,0,,,
70c222aa-463c-4214-bd9e-f781eae7962a,2026-06-01 18:00:00,,0,,,
70c222aa-463c-4214-bd9e-f781eae7962a,2026-06-01 21:00:00,,0,,,
70c222aa-463c-4214-bd9e-f781eae7962a,2026-06-02 09:00:00,,0,,,
70c222aa-463c-4214-bd9e-f781eae7962a,2026-06-02 12:00:00,,0,,,
70c222aa-463c-4214-bd9e-f781eae7962a,2026-06-02 15:00:00,,0,,,
70c222aa-463c-4214-bd9e-f781eae7962a,2026-06-02 18:00:00,,0,,,
70c222aa-463c-4214-bd9e-f781eae7962a,2026-06-02 21:00:00,,0,,,
70c222aa-463c-4214-bd9e-f781eae7962a,2026-06-03 09:00:00,,0,,,
70c222aa-463c-4214-bd9e-f781eae7962a,2026-06-03 12:00:00,,0,,,
70c222aa-463c-4214-bd9e-f781eae7962a,2026-06-03 15:00:00,,0,,,
70c222aa-463c-4214-bd9e-f781eae7962a,2026-06-03 18:00:00,,0,,,
70c222aa-463c-4214-bd9e-f781eae7962a,2026-06-03 21:00:00,,0,,,
70c222aa-463c-4214-bd9e-f781eae7962a,2026-06-04 09:00:00,,0,,,
70c222aa-463c-4214-bd9e-f781eae7962a,2026-06-04 12:00:00,,0,,,
70c222aa-463c-4214-bd9e-f781eae7962a,2026-06-04 15:00:00,,0,,,
70c222aa-463c-4214-bd9e-f781eae7962a,2026-06-04 18:00:00,,0,,,
70c222aa-463c-4214-bd9e-f781eae7962a,2026-06-04 21:00:00,,0,,,
70c222aa-463c-4214-bd9e-f781eae7962a,2026-06-05 09:00:00,,0,,,
70c222aa-463c-4214-bd9e-f781eae7962a,2026-06-05 12:00:00,,0,,,
70c222aa-463c-4214-bd9e-f781eae7962a,2026-06-05 15:00:00,,0,,,
70c222aa-463c-4214-bd9e-f781eae7962a,2026-06-05 18:00:00,,0,,,
70c222aa-463c-4214-bd9e-f781eae7962a,2026-06-05 21:00:00,,0,,,
70c222aa-463c-4214-bd9e-f781eae7962a,2026-06-06 09:00:00,,0,,,
70c222aa-463c-4214-bd9e-f781eae7962a,2026-06-06 12:00:00,,0,,,
70c222aa-463c-4214-bd9e-f781eae7962a,2026-06-06 15:00:00,,0,,,
70c222aa-463c-4214-bd9e-f781eae7962a,2026-06-06 18:00:00,,0,,,
70c222aa-463c-4214-bd9e-f781eae7962a,2026-06-06 21:00:00,,0,,,
70c222aa-463c-4214-bd9e-f781eae7962a,2026-06-07 09:00:00,,0,,,
70c222aa-463c-4214-bd9e-f781eae7962a,2026-06-07 12:00:00,,0,,,
70c222aa-463c-4214-bd9e-f781eae7962a,2026-06-07 15:00:00,,0,,,
70c222aa-463c-4214-bd9e-f781eae7962a,2026-06-07 18:00:00,,0,,,
70c222aa-463c-4214-bd9e-f781eae7962a,2026-06-07 21:00:00,,0,,,
73f6351e-8756-47c1-b473-b8bbc27db9c9,2026-06-01 09:00:00,,0,,,
73f6351e-8756-47c1-b473-b8bbc27db9c9,2026-06-01 12:00:00,,0,,,
73f6351e-8756-47c1-b473-b8bbc27db9c9,2026-06-01 15:00:00,,0,,,
73f6351e-8756-47c1-b473-b8bbc27db9c9,2026-06-01 18:00:00,,0,,,
73f6351e-8756-47c1-b473-b8bbc27db9c9,2026-06-01 21:00:00,,0,,,
73f6351e-8756-47c1-b473-b8bbc27db9c9,2026-06-02 09:00:00,,0,,,
73f6351e-8756-47c1-b473-b8bbc27db9c9,2026-06-02 12:00:00,,0,,,
73f6351e-8756-47c1-b473-b8bbc27db9c9,2026-06-02 15:00:00,,0,,,
73f6351e-8756-47c1-b473-b8bbc27db9c9,2026-06-02 18:00:00,,0,,,
73f6351e-8756-47c1-b473-b8bbc27db9c9,2026-06-02 21:00:00,,0,,,
73f6351e-8756-47c1-b473-b8bbc27db9c9,2026-06-03 09:00:00,,0,,,
73f6351e-8756-47c1-b473-b8bbc27db9c9,2026-06-03 12:00:00,,0,,,
73f6351e-8756-47c1-b473-b8bbc27db9c9,2026-06-03 15:00:00,,0,,,
73f6351e-8756-47c1-b473-b8bbc27db9c9,2026-06-03 18:00:00,,0,,,
73f6351e-8756-47c1-b473-b8bbc27db9c9,2026-06-03 21:00:00,,0,,,
73f6351e-8756-47c1-b473-b8bbc27db9c9,2026-06-04 09:00:00,,0,,,
73f6351e-8756-47c1-b473-b8bbc27db9c9,2026-06-04 12:00:00,,0,,,
73f6351e-8756-47c1-b473-b8bbc27db9c9,2026-06-04 15:00:00,,0,,,
73f6351e-8756-47c1-b473-b8bbc27db9c9,2026-06-04 18:00:00,,0,,,
73f6351e-8756-47c1-b473-b8bbc27db9c9,2026-06-04 21:00:00,,0,,,
73f6351e-8756-47c1-b473-b8bbc27db9c9,2026-06-05 09:00:00,,0,,,
73f6351e-8756-47c1-b473-b8bbc27db9c9,2026-06-05 12:00:00,,0,,,
73f6351e-8756-47c1-b473-b8bbc27db9c9,2026-06-05 15:00:00,,0,,,
73f6351e-8756-47c1-b473-b8bbc27db9c9,2026-06-05 18:00:00,,0,,,
73f6351e-8756-47c1-b473-b8bbc27db9c9,2026-06-05 21:00:00,,0,,,
73f6351e-8756-47c1-b473-b8bbc27db9c9,2026-06-06 09:00:00,,0,,,
73f6351e-8756-47c1-b473-b8bbc27db9c9,2026-06-06 12:00:00,,0,,,
73f6351e-8756-47c1-b473-b8bbc27db9c9,2026-06-06 15:00:00,,0,,,
73f6351e-8756-47c1-b473-b8bbc27db9c9,2026-06-06 18:00:00,,0,,,
73f6351e-8756-47c1-b473-b8bbc27db9c9,2026-06-06 21:00:00,,0,,,
73f6351e-8756-47c1-b473-b8bbc27db9c9,2026-06-07 09:00:00,,0,,,
73f6351e-8756-47c1-b473-b8bbc27db9c9,2026-06-07 12:00:00,,0,,,
73f6351e-8756-47c1-b473-b8bbc27db9c9,2026-06-07 15:00:00,,0,,,
73f6351e-8756-47c1-b473-b8bbc27db9c9,2026-06-07 18:00:00,,0,,,
73f6351e-8756-47c1-b473-b8bbc27db9c9,2026-06-07 21:00:00,,0,,,
77a99ac7-c3ec-4878-876c-11b3189721d1,2026-06-01 09:00:00,,0,,,
77a99ac7-c3ec-4878-876c-11b3189721d1,2026-06-01 12:00:00,,0,,,
77a99ac7-c3ec-4878-876c-11b3189721d1,2026-06-01 15:00:00,,0,,,
77a99ac7-c3ec-4878-876c-11b3189721d1,2026-06-01 18:00:00,,0,,,
77a99ac7-c3ec-4878-876c-11b3189721d1,2026-06-01 21:00:00,,0,,,
77a99ac7-c3ec-4878-876c-11b3189721d1,2026-06-02 09:00:00,,0,,,
77a99ac7-c3ec-4878-876c-11b3189721d1,2026-06-02 12:00:00,,0,,,
77a99ac7-c3ec-4878-876c-11b3189721d1,2026-06-02 15:00:00,,0,,,
77a99ac7-c3ec-4878-876c-11b3189721d1,2026-06-02 18:00:00,,0,,,
77a99ac7-c3ec-4878-876c-11b3189721d1,2026-06-02 21:00:00,,0,,,
77a99ac7-c3ec-4878-876c-11b3189721d1,2026-06-03 09:00:00,,0,,,
77a99ac7-c3ec-4878-876c-11b3189721d1,2026-06-03 12:00:00,,0,,,
77a99ac7-c3ec-4878-876c-11b3189721d1,2026-06-03 15:00:00,,0,,,
77a99ac7-c3ec-4878-876c-11b3189721d1,2026-06-03 18:00:00,,0,,,
77a99ac7-c3ec-4878-876c-11b3189721d1,2026-06-03 21:00:00,,0,,,
77a99ac7-c3ec-4878-876c-11b3189721d1,2026-06-04 09:00:00,,0,,,
77a99ac7-c3ec-4878-876c-11b3189721d1,2026-06-04 12:00:00,,0,,,
77a99ac7-c3ec-4878-876c-11b3189721d1,2026-06-04 15:00:00,,0,,,
77a99ac7-c3ec-4878-876c-11b3189721d1,2026-06-04 18:00:00,,0,,,
77a99ac7-c3ec-4878-876c-11b3189721d1,2026-06-04 21:00:00,,0,,,
77a99ac7-c3ec-4878-876c-11b3189721d1,2026-06-05 09:00:00,,0,,,
77a99ac7-c3ec-4878-876c-11b3189721d1,2026-06-05 12:00:00,,0,,,
77a99ac7-c3ec-4878-876c-11b3189721d1,2026-06-05 15:00:00,,0,,,
77a99ac7-c3ec-4878-876c-11b3189721d1,2026-06-05 18:00:00,,0,,,
77a99ac7-c3ec-4878-876c-11b3189721d1,2026-06-05 21:00:00,,0,,,
77a99ac7-c3ec-4878-876c-11b3189721d1,2026-06-06 09:00:00,,0,,,
77a99ac7-c3ec-4878-876c-11b3189721d1,2026-06-06 12:00:00,,0,,,
77a99ac7-c3ec-4878-876c-11b3189721d1,2026-06-06 15:00:00,,0,,,
77a99ac7-c3ec-4878-876c-11b3189721d1,2026-06-06 18:00:00,,0,,,
77a99ac7-c3ec-4878-876c-11b3189721d1,2026-06-06 21:00:00,,0,,,
77a99ac7-c3ec-4878-876c-11b3189721d1,2026-06-07 09:00:00,,0,,,
77a99ac7-c3ec-4878-876c-11b3189721d1,2026-06-07 12:00:00,,0,,,
77a99ac7-c3ec-4878-876c-11b3189721d1,2026-06-07 15:00:00,,0,,,
77a99ac7-c3ec-4878-876c-11b3189721d1,2026-06-07 18:00:00,,0,,,
77a99ac7-c3ec-4878-876c-11b3189721d1,2026-06-07 21:00:00,,0,,,
79f3f105-715a-4f83-a6fc-777117023c7c,2026-06-01 09:00:00,,0,,,
79f3f105-715a-4f83-a6fc-777117023c7c,2026-06-01 12:00:00,,0,,,
79f3f105-715a-4f83-a6fc-777117023c7c,2026-06-01 15:00:00,,0,,,
79f3f105-715a-4f83-a6fc-777117023c7c,2026-06-01 18:00:00,,0,,,
79f3f105-715a-4f83-a6fc-777117023c7c,2026-06-01 21:00:00,,0,,,
79f3f105-715a-4f83-a6fc-777117023c7c,2026-06-02 09:00:00,,0,,,
79f3f105-715a-4f83-a6fc-777117023c7c,2026-06-02 12:00:00,,0,,,
79f3f105-715a-4f83-a6fc-777117023c7c,2026-06-02 15:00:00,,0,,,
79f3f105-715a-4f83-a6fc-777117023c7c,2026-06-02 18:00:00,,0,,,
79f3f105-715a-4f83-a6fc-777117023c7c,2026-06-02 21:00:00,,0,,,
79f3f105-715a-4f83-a6fc-777117023c7c,2026-06-03 09:00:00,,0,,,
79f3f105-715a-4f83-a6fc-777117023c7c,2026-06-03 12:00:00,,0,,,
79f3f105-715a-4f83-a6fc-777117023c7c,2026-06-03 15:00:00,,0,,,
79f3f105-715a-4f83-a6fc-777117023c7c,2026-06-03 18:00:00,,0,,,
79f3f105-715a-4f83-a6fc-777117023c7c,2026-06-03 21:00:00,,0,,,
79f3f105-715a-4f83-a6fc-777117023c7c,2026-06-04 09:00:00,,0,,,
79f3f105-715a-4f83-a6fc-777117023c7c,2026-06-04 12:00:00,,0,,,
79f3f105-715a-4f83-a6fc-777117023c7c,2026-06-04 15:00:00,,0,,,
79f3f105-715a-4f83-a6fc-777117023c7c,2026-06-04 18:00:00,,0,,,
79f3f105-715a-4f83-a6fc-777117023c7c,2026-06-04 21:00:00,,0,,,
79f3f105-715a-4f83-a6fc-777117023c7c,2026-06-05 09:00:00,,0,,,
79f3f105-715a-4f83-a6fc-777117023c7c,2026-06-05 12:00:00,,0,,,
79f3f105-715a-4f83-a6fc-777117023c7c,2026-06-05 15:00:00,,0,,,
79f3f105-715a-4f83-a6fc-777117023c7c,2026-06-05 18:00:00,,0,,,
79f3f105-715a-4f83-a6fc-777117023c7c,2026-06-05 21:00:00,,0,,,
79f3f105-715a-4f83-a6fc-777117023c7c,2026-06-06 09:00:00,,0,,,
79f3f105-715a-4f83-a6fc-777117023c7c,2026-06-06 12:00:00,,0,,,
79f3f105-715a-4f83-a6fc-777117023c7c,2026-06-06 15:00:00,,0,,,
79f3f105-715a-4f83-a6fc-777117023c7c,2026-06-06 18:00:00,,0,,,
79f3f105-715a-4f83-a6fc-777117023c7c,2026-06-06 21:00:00,,0,,,
79f3f105-715a-4f83-a6fc-777117023c7c,2026-06-07 09:00:00,,0,,,
79f3f105-715a-4f83-a6fc-777117023c7c,2026-06-07 12:00:00,,0,,,
79f3f105-715a-4f83-a6fc-777117023c7c,2026-06-07 15:00:00,,0,,,
79f3f105-715a-4f83-a6fc-777117023c7c,2026-06-07 18:00:00,,0,,,
79f3f105-715a-4f83-a6fc-777117023c7c,2026-06-07 21:00:00,,0,,,
7c513a38-5035-4916-a3ce-3b6cd336a0cb,2026-06-01 09:00:00,,0,,,
7c513a38-5035-4916-a3ce-3b6cd336a0cb,2026-06-01 12:00:00,,0,,,
7c513a38-5035-4916-a3ce-3b6cd336a0cb,2026-06-01 15:00:00,,0,,,
7c513a38-5035-4916-a3ce-3b6cd336a0cb,2026-06-01 18:00:00,,0,,,
7c513a38-5035-4916-a3ce-3b6cd336a0cb,2026-06-01 21:00:00,,0,,,
7c513a38-5035-4916-a3ce-3b6cd336a0cb,2026-06-02 09:00:00,,0,,,
7c513a38-5035-4916-a3ce-3b6cd336a0cb,2026-06-02 12:00:00,,0,,,
7c513a38-5035-4916-a3ce-3b6cd336a0cb,2026-06-02 15:00:00,,0,,,
7c513a38-5035-4916-a3ce-3b6cd336a0cb,2026-06-02 18:00:00,,0,,,
7c513a38-5035-4916-a3ce-3b6cd336a0cb,2026-06-02 21:00:00,,0,,,
7c513a38-5035-4916-a3ce-3b6cd336a0cb,2026-06-03 09:00:00,,0,,,
7c513a38-5035-4916-a3ce-3b6cd336a0cb,2026-06-03 12:00:00,,0,,,
7c513a38-5035-4916-a3ce-3b6cd336a0cb,2026-06-03 15:00:00,,0,,,
7c513a38-5035-4916-a3ce-3b6cd336a0cb,2026-06-03 18:00:00,,0,,,
7c513a38-5035-4916-a3ce-3b6cd336a0cb,2026-06-03 21:00:00,,0,,,
7c513a38-5035-4916-a3ce-3b6cd336a0cb,2026-06-04 09:00:00,,0,,,
7c513a38-5035-4916-a3ce-3b6cd336a0cb,2026-06-04 12:00:00,,0,,,
7c513a38-5035-4916-a3ce-3b6cd336a0cb,2026-06-04 15:00:00,,0,,,
7c513a38-5035-4916-a3ce-3b6cd336a0cb,2026-06-04 18:00:00,,0,,,
7c513a38-5035-4916-a3ce-3b6cd336a0cb,2026-06-04 21:00:00,,0,,,
7c513a38-5035-4916-a3ce-3b6cd336a0cb,2026-06-05 09:00:00,,0,,,
7c513a38-5035-4916-a3ce-3b6cd336a0cb,2026-06-05 12:00:00,,0,,,
7c513a38-5035-4916-a3ce-3b6cd336a0cb,2026-06-05 15:00:00,,0,,,
7c513a38-5035-4916-a3ce-3b6cd336a0cb,2026-06-05 18:00:00,,0,,,
7c513a38-5035-4916-a3ce-3b6cd336a0cb,2026-06-05 21:00:00,,0,,,
7c513a38-5035-4916-a3ce-3b6cd336a0cb,2026-06-06 09:00:00,,0,,,
7c513a38-5035-4916-a3ce-3b6cd336a0cb,2026-06-06 12:00:00,,0,,,
7c513a38-5035-4916-a3ce-3b6cd336a0cb,2026-06-06 15:00:00,,0,,,
7c513a38-5035-4916-a3ce-3b6cd336a0cb,2026-06-06 18:00:00,,0,,,
7c513a38-5035-4916-a3ce-3b6cd336a0cb,2026-06-06 21:00:00,,0,,,
7c513a38-5035-4916-a3ce-3b6cd336a0cb,2026-06-07 09:00:00,,0,,,
7c513a38-5035-4916-a3ce-3b6cd336a0cb,2026-06-07 12:00:00,,0,,,
7c513a38-5035-4916-a3ce-3b6cd336a0cb,2026-06-07 15:00:00,,0,,,
7c513a38-5035-4916-a3ce-3b6cd336a0cb,2026-06-07 18:00:00,,0,,,
7c513a38-5035-4916-a3ce-3b6cd336a0cb,2026-06-07 21:00:00,,0,,,
817d49ea-e7d2-482f-8d46-ab88fe435a62,2026-06-01 09:00:00,,0,,,
817d49ea-e7d2-482f-8d46-ab88fe435a62,2026-06-01 12:00:00,,0,,,
817d49ea-e7d2-482f-8d46-ab88fe435a62,2026-06-01 15:00:00,,0,,,
817d49ea-e7d2-482f-8d46-ab88fe435a62,2026-06-01 18:00:00,,0,,,
817d49ea-e7d2-482f-8d46-ab88fe435a62,2026-06-01 21:00:00,,0,,,
817d49ea-e7d2-482f-8d46-ab88fe435a62,2026-06-02 09:00:00,,0,,,
817d49ea-e7d2-482f-8d46-ab88fe435a62,2026-06-02 12:00:00,,0,,,
817d49ea-e7d2-482f-8d46-ab88fe435a62,2026-06-02 15:00:00,,0,,,
817d49ea-e7d2-482f-8d46-ab88fe435a62,2026-06-02 18:00:00,,0,,,
817d49ea-e7d2-482f-8d46-ab88fe435a62,2026-06-02 21:00:00,,0,,,
817d49ea-e7d2-482f-8d46-ab88fe435a62,2026-06-03 09:00:00,,0,,,
817d49ea-e7d2-482f-8d46-ab88fe435a62,2026-06-03 12:00:00,,0,,,
817d49ea-e7d2-482f-8d46-ab88fe435a62,2026-06-03 15:00:00,,0,,,
817d49ea-e7d2-482f-8d46-ab88fe435a62,2026-06-03 18:00:00,,0,,,
817d49ea-e7d2-482f-8d46-ab88fe435a62,2026-06-03 21:00:00,,0,,,
817d49ea-e7d2-482f-8d46-ab88fe435a62,2026-06-04 09:00:00,,0,,,
817d49ea-e7d2-482f-8d46-ab88fe435a62,2026-06-04 12:00:00,,0,,,
817d49ea-e7d2-482f-8d46-ab88fe435a62,2026-06-04 15:00:00,,0,,,
817d49ea-e7d2-482f-8d46-ab88fe435a62,2026-06-04 18:00:00,,0,,,
817d49ea-e7d2-482f-8d46-ab88fe435a62,2026-06-04 21:00:00,,0,,,
817d49ea-e7d2-482f-8d46-ab88fe435a62,2026-06-05 09:00:00,,0,,,
817d49ea-e7d2-482f-8d46-ab88fe435a62,2026-06-05 12:00:00,,0,,,
817d49ea-e7d2-482f-8d46-ab88fe435a62,2026-06-05 15:00:00,,0,,,
817d49ea-e7d2-482f-8d46-ab88fe435a62,2026-06-05 18:00:00,,0,,,
817d49ea-e7d2-482f-8d46-ab88fe435a62,2026-06-05 21:00:00,,0,,,
817d49ea-e7d2-482f-8d46-ab88fe435a62,2026-06-06 09:00:00,,0,,,
817d49ea-e7d2-482f-8d46-ab88fe435a62,2026-06-06 12:00:00,,0,,,
817d49ea-e7d2-482f-8d46-ab88fe435a62,2026-06-06 15:00:00,,0,,,
817d49ea-e7d2-482f-8d46-ab88fe435a62,2026-06-06 18:00:00,,0,,,
817d49ea-e7d2-482f-8d46-ab88fe435a62,2026-06-06 21:00:00,,0,,,
817d49ea-e7d2-482f-8d46-ab88fe435a62,2026-06-07 09:00:00,,0,,,
817d49ea-e7d2-482f-8d46-ab88fe435a62,2026-06-07 12:00:00,,0,,,
817d49ea-e7d2-482f-8d46-ab88fe435a62,2026-06-07 15:00:00,,0,,,
817d49ea-e7d2-482f-8d46-ab88fe435a62,2026-06-07 18:00:00,,0,,,
817d49ea-e7d2-482f-8d46-ab88fe435a62,2026-06-07 21:00:00,,0,,,
8628bf0a-0780-4664-b49a-2b41606bb649,2026-06-01 09:00:00,,0,,,
8628bf0a-0780-4664-b49a-2b41606bb649,2026-06-01 12:00:00,,0,,,
8628bf0a-0780-4664-b49a-2b41606bb649,2026-06-01 15:00:00,,0,,,
8628bf0a-0780-4664-b49a-2b41606bb649,2026-06-01 18:00:00,,0,,,
8628bf0a-0780-4664-b49a-2b41606bb649,2026-06-01 21:00:00,,0,,,
8628bf0a-0780-4664-b49a-2b41606bb649,2026-06-02 09:00:00,,0,,,
8628bf0a-0780-4664-b49a-2b41606bb649,2026-06-02 12:00:00,,0,,,
8628bf0a-0780-4664-b49a-2b41606bb649,2026-06-02 15:00:00,,0,,,
8628bf0a-0780-4664-b49a-2b41606bb649,2026-06-02 18:00:00,,0,,,
8628bf0a-0780-4664-b49a-2b41606bb649,2026-06-02 21:00:00,,0,,,
8628bf0a-0780-4664-b49a-2b41606bb649,2026-06-03 09:00:00,,0,,,
8628bf0a-0780-4664-b49a-2b41606bb649,2026-06-03 12:00:00,,0,,,
8628bf0a-0780-4664-b49a-2b41606bb649,2026-06-03 15:00:00,,0,,,
8628bf0a-0780-4664-b49a-2b41606bb649,2026-06-03 18:00:00,,0,,,
8628bf0a-0780-4664-b49a-2b41606bb649,2026-06-03 21:00:00,,0,,,
8628bf0a-0780-4664-b49a-2b41606bb649,2026-06-04 09:00:00,,0,,,
8628bf0a-0780-4664-b49a-2b41606bb649,2026-06-04 12:00:00,,0,,,
8628bf0a-0780-4664-b49a-2b41606bb649,2026-06-04 15:00:00,,0,,,
8628bf0a-0780-4664-b49a-2b41606bb649,2026-06-04 18:00:00,,0,,,
8628bf0a-0780-4664-b49a-2b41606bb649,2026-06-04 21:00:00,,0,,,
8628bf0a-0780-4664-b49a-2b41606bb649,2026-06-05 09:00:00,,0,,,
8628bf0a-0780-4664-b49a-2b41606bb649,2026-06-05 12:00:00,,0,,,
8628bf0a-0780-4664-b49a-2b41606bb649,2026-06-05 15:00:00,,0,,,
8628bf0a-0780-4664-b49a-2b41606bb649,2026-06-05 18:00:00,,0,,,
8628bf0a-0780-4664-b49a-2b41606bb649,2026-06-05 21:00:00,,0,,,
8628bf0a-0780-4664-b49a-2b41606bb649,2026-06-06 09:00:00,,0,,,
8628bf0a-0780-4664-b49a-2b41606bb649,2026-06-06 12:00:00,,0,,,
8628bf0a-0780-4664-b49a-2b41606bb649,2026-06-06 15:00:00,,0,,,
8628bf0a-0780-4664-b49a-2b41606bb649,2026-06-06 18:00:00,,0,,,
8628bf0a-0780-4664-b49a-2b41606bb649,2026-06-06 21:00:00,,0,,,
8628bf0a-0780-4664-b49a-2b41606bb649,2026-06-07 09:00:00,,0,,,
8628bf0a-0780-4664-b49a-2b41606bb649,2026-06-07 12:00:00,,0,,,
8628bf0a-0780-4664-b49a-2b41606bb649,2026-06-07 15:00:00,,0,,,
8628bf0a-0780-4664-b49a-2b41606bb649,2026-06-07 18:00:00,,0,,,
8628bf0a-0780-4664-b49a-2b41606bb649,2026-06-07 21:00:00,,0,,,
880c369c-5d25-4a29-aba6-595d2571df89,2026-06-01 09:00:00,,0,,,
880c369c-5d25-4a29-aba6-595d2571df89,2026-06-01 12:00:00,,0,,,
880c369c-5d25-4a29-aba6-595d2571df89,2026-06-01 15:00:00,,0,,,
880c369c-5d25-4a29-aba6-595d2571df89,2026-06-01 18:00:00,,0,,,
880c369c-5d25-4a29-aba6-595d2571df89,2026-06-01 21:00:00,,0,,,
880c369c-5d25-4a29-aba6-595d2571df89,2026-06-02 09:00:00,,0,,,
880c369c-5d25-4a29-aba6-595d2571df89,2026-06-02 12:00:00,,0,,,
880c369c-5d25-4a29-aba6-595d2571df89,2026-06-02 15:00:00,,0,,,
880c369c-5d25-4a29-aba6-595d2571df89,2026-06-02 18:00:00,,0,,,
880c369c-5d25-4a29-aba6-595d2571df89,2026-06-02 21:00:00,,0,,,
880c369c-5d25-4a29-aba6-595d2571df89,2026-06-03 09:00:00,,0,,,
880c369c-5d25-4a29-aba6-595d2571df89,2026-06-03 12:00:00,,0,,,
880c369c-5d25-4a29-aba6-595d2571df89,2026-06-03 15:00:00,,0,,,
880c369c-5d25-4a29-aba6-595d2571df89,2026-06-03 18:00:00,,0,,,
880c369c-5d25-4a29-aba6-595d2571df89,2026-06-03 21:00:00,,0,,,
880c369c-5d25-4a29-aba6-595d2571df89,2026-06-04 09:00:00,,0,,,
880c369c-5d25-4a29-aba6-595d2571df89,2026-06-04 12:00:00,,0,,,
880c369c-5d25-4a29-aba6-595d2571df89,2026-06-04 15:00:00,,0,,,
880c369c-5d25-4a29-aba6-595d2571df89,2026-06-04 18:00:00,,0,,,
880c369c-5d25-4a29-aba6-595d2571df89,2026-06-04 21:00:00,,0,,,
880c369c-5d25-4a29-aba6-595d2571df89,2026-06-05 09:00:00,,0,,,
880c369c-5d25-4a29-aba6-595d2571df89,2026-06-05 12:00:00,,0,,,
880c369c-5d25-4a29-aba6-595d2571df89,2026-06-05 15:00:00,,0,,,
880c369c-5d25-4a29-aba6-595d2571df89,2026-06-05 18:00:00,,0,,,
880c369c-5d25-4a29-aba6-595d2571df89,2026-06-05 21:00:00,,0,,,
880c369c-5d25-4a29-aba6-595d2571df89,2026-06-06 09:00:00,,0,,,
880c369c-5d25-4a29-aba6-595d2571df89,2026-06-06 12:00:00,,0,,,
880c369c-5d25-4a29-aba6-595d2571df89,2026-06-06 15:00:00,,0,,,
880c369c-5d25-4a29-aba6-595d2571df89,2026-06-06 18:00:00,,0,,,
880c369c-5d25-4a29-aba6-595d2571df89,2026-06-06 21:00:00,,0,,,
880c369c-5d25-4a29-aba6-595d2571df89,2026-06-07 09:00:00,,0,,,
880c369c-5d25-4a29-aba6-595d2571df89,2026-06-07 12:00:00,,0,,,
880c369c-5d25-4a29-aba6-595d2571df89,2026-06-07 15:00:00,,0,,,
880c369c-5d25-4a29-aba6-595d2571df89,2026-06-07 18:00:00,,0,,,
880c369c-5d25-4a29-aba6-595d2571df89,2026-06-07 21:00:00,,0,,,
889a58f0-b9a6-4624-974e-d0f3f0068dd9,2026-06-01 09:00:00,,0,,,
889a58f0-b9a6-4624-974e-d0f3f0068dd9,2026-06-01 12:00:00,,0,,,
889a58f0-b9a6-4624-974e-d0f3f0068dd9,2026-06-01 15:00:00,,0,,,
889a58f0-b9a6-4624-974e-d0f3f0068dd9,2026-06-01 18:00:00,,0,,,
889a58f0-b9a6-4624-974e-d0f3f0068dd9,2026-06-01 21:00:00,,0,,,
889a58f0-b9a6-4624-974e-d0f3f0068dd9,2026-06-02 09:00:00,,0,,,
889a58f0-b9a6-4624-974e-d0f3f0068dd9,2026-06-02 12:00:00,,0,,,
889a58f0-b9a6-4624-974e-d0f3f0068dd9,2026-06-02 15:00:00,,0,,,
889a58f0-b9a6-4624-974e-d0f3f0068dd9,2026-06-02 18:00:00,,0,,,
889a58f0-b9a6-4624-974e-d0f3f0068dd9,2026-06-02 21:00:00,,0,,,
889a58f0-b9a6-4624-974e-d0f3f0068dd9,2026-06-03 09:00:00,,0,,,
889a58f0-b9a6-4624-974e-d0f3f0068dd9,2026-06-03 12:00:00,,0,,,
889a58f0-b9a6-4624-974e-d0f3f0068dd9,2026-06-03 15:00:00,,0,,,
889a58f0-b9a6-4624-974e-d0f3f0068dd9,2026-06-03 18:00:00,,0,,,
889a58f0-b9a6-4624-974e-d0f3f0068dd9,2026-06-03 21:00:00,,0,,,
889a58f0-b9a6-4624-974e-d0f3f0068dd9,2026-06-04 09:00:00,,0,,,
889a58f0-b9a6-4624-974e-d0f3f0068dd9,2026-06-04 12:00:00,,0,,,
889a58f0-b9a6-4624-974e-d0f3f0068dd9,2026-06-04 15:00:00,,0,,,
889a58f0-b9a6-4624-974e-d0f3f0068dd9,2026-06-04 18:00:00,,0,,,
889a58f0-b9a6-4624-974e-d0f3f0068dd9,2026-06-04 21:00:00,,0,,,
889a58f0-b9a6-4624-974e-d0f3f0068dd9,2026-06-05 09:00:00,,0,,,
889a58f0-b9a6-4624-974e-d0f3f0068dd9,2026-06-05 12:00:00,,0,,,
889a58f0-b9a6-4624-974e-d0f3f0068dd9,2026-06-05 15:00:00,,0,,,
889a58f0-b9a6-4624-974e-d0f3f0068dd9,2026-06-05 18:00:00,,0,,,
889a58f0-b9a6-4624-974e-d0f3f0068dd9,2026-06-05 21:00:00,,0,,,
889a58f0-b9a6-4624-974e-d0f3f0068dd9,2026-06-06 09:00:00,,0,,,
889a58f0-b9a6-4624-974e-d0f3f0068dd9,2026-06-06 12:00:00,,0,,,
889a58f0-b9a6-4624-974e-d0f3f0068dd9,2026-06-06 15:00:00,,0,,,
889a58f0-b9a6-4624-974e-d0f3f0068dd9,2026-06-06 18:00:00,,0,,,
889a58f0-b9a6-4624-974e-d0f3f0068dd9,2026-06-06 21:00:00,,0,,,
889a58f0-b9a6-4624-974e-d0f3f0068dd9,2026-06-07 09:00:00,,0,,,
889a58f0-b9a6-4624-974e-d0f3f0068dd9,2026-06-07 12:00:00,,0,,,
889a58f0-b9a6-4624-974e-d0f3f0068dd9,2026-06-07 15:00:00,,0,,,
889a58f0-b9a6-4624-974e-d0f3f0068dd9,2026-06-07 18:00:00,,0,,,
889a58f0-b9a6-4624-974e-d0f3f0068dd9,2026-06-07 21:00:00,,0,,,
8dd4a57c-0cd4-49a9-bdf9-cdb90681b446,2026-06-01 09:00:00,,0,,,
8dd4a57c-0cd4-49a9-bdf9-cdb90681b446,2026-06-01 12:00:00,,0,,,
8dd4a57c-0cd4-49a9-bdf9-cdb90681b446,2026-06-01 15:00:00,,0,,,
8dd4a57c-0cd4-49a9-bdf9-cdb90681b446,2026-06-01 18:00:00,,0,,,
8dd4a57c-0cd4-49a9-bdf9-cdb90681b446,2026-06-01 21:00:00,,0,,,
8dd4a57c-0cd4-49a9-bdf9-cdb90681b446,2026-06-02 09:00:00,,0,,,
8dd4a57c-0cd4-49a9-bdf9-cdb90681b446,2026-06-02 12:00:00,,0,,,
8dd4a57c-0cd4-49a9-bdf9-cdb90681b446,2026-06-02 15:00:00,,0,,,
8dd4a57c-0cd4-49a9-bdf9-cdb90681b446,2026-06-02 18:00:00,,0,,,
8dd4a57c-0cd4-49a9-bdf9-cdb90681b446,2026-06-02 21:00:00,,0,,,
8dd4a57c-0cd4-49a9-bdf9-cdb90681b446,2026-06-03 09:00:00,,0,,,
8dd4a57c-0cd4-49a9-bdf9-cdb90681b446,2026-06-03 12:00:00,,0,,,
8dd4a57c-0cd4-49a9-bdf9-cdb90681b446,2026-06-03 15:00:00,,0,,,
8dd4a57c-0cd4-49a9-bdf9-cdb90681b446,2026-06-03 18:00:00,,0,,,
8dd4a57c-0cd4-49a9-bdf9-cdb90681b446,2026-06-03 21:00:00,,0,,,
8dd4a57c-0cd4-49a9-bdf9-cdb90681b446,2026-06-04 09:00:00,,0,,,
8dd4a57c-0cd4-49a9-bdf9-cdb90681b446,2026-06-04 12:00:00,,0,,,
8dd4a57c-0cd4-49a9-bdf9-cdb90681b446,2026-06-04 15:00:00,,0,,,
8dd4a57c-0cd4-49a9-bdf9-cdb90681b446,2026-06-04 18:00:00,,0,,,
8dd4a57c-0cd4-49a9-bdf9-cdb90681b446,2026-06-04 21:00:00,,0,,,
8dd4a57c-0cd4-49a9-bdf9-cdb90681b446,2026-06-05 09:00:00,,0,,,
8dd4a57c-0cd4-49a9-bdf9-cdb90681b446,2026-06-05 12:00:00,,0,,,
8dd4a57c-0cd4-49a9-bdf9-cdb90681b446,2026-06-05 15:00:00,,0,,,
8dd4a57c-0cd4-49a9-bdf9-cdb90681b446,2026-06-05 18:00:00,,0,,,
8dd4a57c-0cd4-49a9-bdf9-cdb90681b446,2026-06-05 21:00:00,,0,,,
8dd4a57c-0cd4-49a9-bdf9-cdb90681b446,2026-06-06 09:00:00,,0,,,
8dd4a57c-0cd4-49a9-bdf9-cdb90681b446,2026-06-06 12:00:00,,0,,,
8dd4a57c-0cd4-49a9-bdf9-cdb90681b446,2026-06-06 15:00:00,,0,,,
8dd4a57c-0cd4-49a9-bdf9-cdb90681b446,2026-06-06 18:00:00,,0,,,
8dd4a57c-0cd4-49a9-bdf9-cdb90681b446,2026-06-06 21:00:00,,0,,,
8dd4a57c-0cd4-49a9-bdf9-cdb90681b446,2026-06-07 09:00:00,,0,,,
8dd4a57c-0cd4-49a9-bdf9-cdb90681b446,2026-06-07 12:00:00,,0,,,
8dd4a57c-0cd4-49a9-bdf9-cdb90681b446,2026-06-07 15:00:00,,0,,,
8dd4a57c-0cd4-49a9-bdf9-cdb90681b446,2026-06-07 18:00:00,,0,,,
8dd4a57c-0cd4-49a9-bdf9-cdb90681b446,2026-06-07 21:00:00,,0,,,
930c9da9-c13e-4f31-a6cd-5f260686abbc,2026-06-01 09:00:00,,0,,,
930c9da9-c13e-4f31-a6cd-5f260686abbc,2026-06-01 12:00:00,,0,,,
930c9da9-c13e-4f31-a6cd-5f260686abbc,2026-06-01 15:00:00,,0,,,
930c9da9-c13e-4f31-a6cd-5f260686abbc,2026-06-01 18:00:00,,0,,,
930c9da9-c13e-4f31-a6cd-5f260686abbc,2026-06-01 21:00:00,,0,,,
930c9da9-c13e-4f31-a6cd-5f260686abbc,2026-06-02 09:00:00,,0,,,
930c9da9-c13e-4f31-a6cd-5f260686abbc,2026-06-02 12:00:00,,0,,,
930c9da9-c13e-4f31-a6cd-5f260686abbc,2026-06-02 15:00:00,,0,,,
930c9da9-c13e-4f31-a6cd-5f260686abbc,2026-06-02 18:00:00,,0,,,
930c9da9-c13e-4f31-a6cd-5f260686abbc,2026-06-02 21:00:00,,0,,,
930c9da9-c13e-4f31-a6cd-5f260686abbc,2026-06-03 09:00:00,,0,,,
930c9da9-c13e-4f31-a6cd-5f260686abbc,2026-06-03 12:00:00,,0,,,
930c9da9-c13e-4f31-a6cd-5f260686abbc,2026-06-03 15:00:00,,0,,,
930c9da9-c13e-4f31-a6cd-5f260686abbc,2026-06-03 18:00:00,,0,,,
930c9da9-c13e-4f31-a6cd-5f260686abbc,2026-06-03 21:00:00,,0,,,
930c9da9-c13e-4f31-a6cd-5f260686abbc,2026-06-04 09:00:00,,0,,,
930c9da9-c13e-4f31-a6cd-5f260686abbc,2026-06-04 12:00:00,,0,,,
930c9da9-c13e-4f31-a6cd-5f260686abbc,2026-06-04 15:00:00,,0,,,
930c9da9-c13e-4f31-a6cd-5f260686abbc,2026-06-04 18:00:00,,0,,,
930c9da9-c13e-4f31-a6cd-5f260686abbc,2026-06-04 21:00:00,,0,,,
930c9da9-c13e-4f31-a6cd-5f260686abbc,2026-06-05 09:00:00,,0,,,
930c9da9-c13e-4f31-a6cd-5f260686abbc,2026-06-05 12:00:00,,0,,,
930c9da9-c13e-4f31-a6cd-5f260686abbc,2026-06-05 15:00:00,,0,,,
930c9da9-c13e-4f31-a6cd-5f260686abbc,2026-06-05 18:00:00,,0,,,
930c9da9-c13e-4f31-a6cd-5f260686abbc,2026-06-05 21:00:00,,0,,,
930c9da9-c13e-4f31-a6cd-5f260686abbc,2026-06-06 09:00:00,,0,,,
930c9da9-c13e-4f31-a6cd-5f260686abbc,2026-06-06 12:00:00,,0,,,
930c9da9-c13e-4f31-a6cd-5f260686abbc,2026-06-06 15:00:00,,0,,,
930c9da9-c13e-4f31-a6cd-5f260686abbc,2026-06-06 18:00:00,,0,,,
930c9da9-c13e-4f31-a6cd-5f260686abbc,2026-06-06 21:00:00,,0,,,
930c9da9-c13e-4f31-a6cd-5f260686abbc,2026-06-07 09:00:00,,0,,,
930c9da9-c13e-4f31-a6cd-5f260686abbc,2026-06-07 12:00:00,,0,,,
930c9da9-c13e-4f31-a6cd-5f260686abbc,2026-06-07 15:00:00,,0,,,
930c9da9-c13e-4f31-a6cd-5f260686abbc,2026-06-07 18:00:00,,0,,,
930c9da9-c13e-4f31-a6cd-5f260686abbc,2026-06-07 21:00:00,,0,,,
97b62226-9627-484c-9e08-c2124d07e57b,2026-06-01 09:00:00,,0,,,
97b62226-9627-484c-9e08-c2124d07e57b,2026-06-01 12:00:00,,0,,,
97b62226-9627-484c-9e08-c2124d07e57b,2026-06-01 15:00:00,,0,,,
97b62226-9627-484c-9e08-c2124d07e57b,2026-06-01 18:00:00,,0,,,
97b62226-9627-484c-9e08-c2124d07e57b,2026-06-01 21:00:00,,0,,,
97b62226-9627-484c-9e08-c2124d07e57b,2026-06-02 09:00:00,,0,,,
97b62226-9627-484c-9e08-c2124d07e57b,2026-06-02 12:00:00,,0,,,
97b62226-9627-484c-9e08-c2124d07e57b,2026-06-02 15:00:00,,0,,,
97b62226-9627-484c-9e08-c2124d07e57b,2026-06-02 18:00:00,,0,,,
97b62226-9627-484c-9e08-c2124d07e57b,2026-06-02 21:00:00,,0,,,
97b62226-9627-484c-9e08-c2124d07e57b,2026-06-03 09:00:00,,0,,,
97b62226-9627-484c-9e08-c2124d07e57b,2026-06-03 12:00:00,,0,,,
97b62226-9627-484c-9e08-c2124d07e57b,2026-06-03 15:00:00,,0,,,
97b62226-9627-484c-9e08-c2124d07e57b,2026-06-03 18:00:00,,0,,,
97b62226-9627-484c-9e08-c2124d07e57b,2026-06-03 21:00:00,,0,,,
97b62226-9627-484c-9e08-c2124d07e57b,2026-06-04 09:00:00,,0,,,
97b62226-9627-484c-9e08-c2124d07e57b,2026-06-04 12:00:00,,0,,,
97b62226-9627-484c-9e08-c2124d07e57b,2026-06-04 15:00:00,,0,,,
97b62226-9627-484c-9e08-c2124d07e57b,2026-06-04 18:00:00,,0,,,
97b62226-9627-484c-9e08-c2124d07e57b,2026-06-04 21:00:00,,0,,,
97b62226-9627-484c-9e08-c2124d07e57b,2026-06-05 09:00:00,,0,,,
97b62226-9627-484c-9e08-c2124d07e57b,2026-06-05 12:00:00,,0,,,
97b62226-9627-484c-9e08-c2124d07e57b,2026-06-05 15:00:00,,0,,,
97b62226-9627-484c-9e08-c2124d07e57b,2026-06-05 18:00:00,,0,,,
97b62226-9627-484c-9e08-c2124d07e57b,2026-06-05 21:00:00,,0,,,
97b62226-9627-484c-9e08-c2124d07e57b,2026-06-06 09:00:00,,0,,,
97b62226-9627-484c-9e08-c2124d07e57b,2026-06-06 12:00:00,,0,,,
97b62226-9627-484c-9e08-c2124d07e57b,2026-06-06 15:00:00,,0,,,
97b62226-9627-484c-9e08-c2124d07e57b,2026-06-06 18:00:00,,0,,,
97b62226-9627-484c-9e08-c2124d07e57b,2026-06-06 21:00:00,,0,,,
97b62226-9627-484c-9e08-c2124d07e57b,2026-06-07 09:00:00,,0,,,
97b62226-9627-484c-9e08-c2124d07e57b,2026-06-07 12:00:00,,0,,,
97b62226-9627-484c-9e08-c2124d07e57b,2026-06-07 15:00:00,,0,,,
97b62226-9627-484c-9e08-c2124d07e57b,2026-06-07 18:00:00,,0,,,
97b62226-9627-484c-9e08-c2124d07e57b,2026-06-07 21:00:00,,0,,,
97df6bcd-cb9a-42c2-89f5-737aae22deec,2026-06-01 09:00:00,,0,,,
97df6bcd-cb9a-42c2-89f5-737aae22deec,2026-06-01 12:00:00,,0,,,
97df6bcd-cb9a-42c2-89f5-737aae22deec,2026-06-01 15:00:00,,0,,,
97df6bcd-cb9a-42c2-89f5-737aae22deec,2026-06-01 18:00:00,,0,,,
97df6bcd-cb9a-42c2-89f5-737aae22deec,2026-06-01 21:00:00,,0,,,
97df6bcd-cb9a-42c2-89f5-737aae22deec,2026-06-02 09:00:00,,0,,,
97df6bcd-cb9a-42c2-89f5-737aae22deec,2026-06-02 12:00:00,,0,,,
97df6bcd-cb9a-42c2-89f5-737aae22deec,2026-06-02 15:00:00,,0,,,
97df6bcd-cb9a-42c2-89f5-737aae22deec,2026-06-02 18:00:00,,0,,,
97df6bcd-cb9a-42c2-89f5-737aae22deec,2026-06-02 21:00:00,,0,,,
97df6bcd-cb9a-42c2-89f5-737aae22deec,2026-06-03 09:00:00,,0,,,
97df6bcd-cb9a-42c2-89f5-737aae22deec,2026-06-03 12:00:00,,0,,,
97df6bcd-cb9a-42c2-89f5-737aae22deec,2026-06-03 15:00:00,,0,,,
97df6bcd-cb9a-42c2-89f5-737aae22deec,2026-06-03 18:00:00,,0,,,
97df6bcd-cb9a-42c2-89f5-737aae22deec,2026-06-03 21:00:00,,0,,,
97df6bcd-cb9a-42c2-89f5-737aae22deec,2026-06-04 09:00:00,,0,,,
97df6bcd-cb9a-42c2-89f5-737aae22deec,2026-06-04 12:00:00,,0,,,
97df6bcd-cb9a-42c2-89f5-737aae22deec,2026-06-04 15:00:00,,0,,,
97df6bcd-cb9a-42c2-89f5-737aae22deec,2026-06-04 18:00:00,,0,,,
97df6bcd-cb9a-42c2-89f5-737aae22deec,2026-06-04 21:00:00,,0,,,
97df6bcd-cb9a-42c2-89f5-737aae22deec,2026-06-05 09:00:00,,0,,,
97df6bcd-cb9a-42c2-89f5-737aae22deec,2026-06-05 12:00:00,,0,,,
97df6bcd-cb9a-42c2-89f5-737aae22deec,2026-06-05 15:00:00,,0,,,
97df6bcd-cb9a-42c2-89f5-737aae22deec,2026-06-05 18:00:00,,0,,,
97df6bcd-cb9a-42c2-89f5-737aae22deec,2026-06-05 21:00:00,,0,,,
97df6bcd-cb9a-42c2-89f5-737aae22deec,2026-06-06 09:00:00,,0,,,
97df6bcd-cb9a-42c2-89f5-737aae22deec,2026-06-06 12:00:00,,0,,,
97df6bcd-cb9a-42c2-89f5-737aae22deec,2026-06-06 15:00:00,,0,,,
97df6bcd-cb9a-42c2-89f5-737aae22deec,2026-06-06 18:00:00,,0,,,
97df6bcd-cb9a-42c2-89f5-737aae22deec,2026-06-06 21:00:00,,0,,,
97df6bcd-cb9a-42c2-89f5-737aae22deec,2026-06-07 09:00:00,,0,,,
97df6bcd-cb9a-42c2-89f5-737aae22deec,2026-06-07 12:00:00,,0,,,
97df6bcd-cb9a-42c2-89f5-737aae22deec,2026-06-07 15:00:00,,0,,,
97df6bcd-cb9a-42c2-89f5-737aae22deec,2026-06-07 18:00:00,,0,,,
97df6bcd-cb9a-42c2-89f5-737aae22deec,2026-06-07 21:00:00,,0,,,
992e70d7-ef99-4f1f-8b31-b2a4a67af621,2026-06-01 09:00:00,,0,,,
992e70d7-ef99-4f1f-8b31-b2a4a67af621,2026-06-01 12:00:00,,0,,,
992e70d7-ef99-4f1f-8b31-b2a4a67af621,2026-06-01 15:00:00,,0,,,
992e70d7-ef99-4f1f-8b31-b2a4a67af621,2026-06-01 18:00:00,,0,,,
992e70d7-ef99-4f1f-8b31-b2a4a67af621,2026-06-01 21:00:00,,0,,,
992e70d7-ef99-4f1f-8b31-b2a4a67af621,2026-06-02 09:00:00,,0,,,
992e70d7-ef99-4f1f-8b31-b2a4a67af621,2026-06-02 12:00:00,,0,,,
992e70d7-ef99-4f1f-8b31-b2a4a67af621,2026-06-02 15:00:00,,0,,,
992e70d7-ef99-4f1f-8b31-b2a4a67af621,2026-06-02 18:00:00,,0,,,
992e70d7-ef99-4f1f-8b31-b2a4a67af621,2026-06-02 21:00:00,,0,,,
992e70d7-ef99-4f1f-8b31-b2a4a67af621,2026-06-03 09:00:00,,0,,,
992e70d7-ef99-4f1f-8b31-b2a4a67af621,2026-06-03 12:00:00,,0,,,
992e70d7-ef99-4f1f-8b31-b2a4a67af621,2026-06-03 15:00:00,,0,,,
992e70d7-ef99-4f1f-8b31-b2a4a67af621,2026-06-03 18:00:00,,0,,,
992e70d7-ef99-4f1f-8b31-b2a4a67af621,2026-06-03 21:00:00,,0,,,
992e70d7-ef99-4f1f-8b31-b2a4a67af621,2026-06-04 09:00:00,,0,,,
992e70d7-ef99-4f1f-8b31-b2a4a67af621,2026-06-04 12:00:00,,0,,,
992e70d7-ef99-4f1f-8b31-b2a4a67af621,2026-06-04 15:00:00,,0,,,
992e70d7-ef99-4f1f-8b31-b2a4a67af621,2026-06-04 18:00:00,,0,,,
992e70d7-ef99-4f1f-8b31-b2a4a67af621,2026-06-04 21:00:00,,0,,,
992e70d7-ef99-4f1f-8b31-b2a4a67af621,2026-06-05 09:00:00,,0,,,
992e70d7-ef99-4f1f-8b31-b2a4a67af621,2026-06-05 12:00:00,,0,,,
992e70d7-ef99-4f1f-8b31-b2a4a67af621,2026-06-05 15:00:00,,0,,,
992e70d7-ef99-4f1f-8b31-b2a4a67af621,2026-06-05 18:00:00,,0,,,
992e70d7-ef99-4f1f-8b31-b2a4a67af621,2026-06-05 21:00:00,,0,,,
992e70d7-ef99-4f1f-8b31-b2a4a67af621,2026-06-06 09:00:00,,0,,,
992e70d7-ef99-4f1f-8b31-b2a4a67af621,2026-06-06 12:00:00,,0,,,
992e70d7-ef99-4f1f-8b31-b2a4a67af621,2026-06-06 15:00:00,,0,,,
992e70d7-ef99-4f1f-8b31-b2a4a67af621,2026-06-06 18:00:00,,0,,,
992e70d7-ef99-4f1f-8b31-b2a4a67af621,2026-06-06 21:00:00,,0,,,
992e70d7-ef99-4f1f-8b31-b2a4a67af621,2026-06-07 09:00:00,,0,,,
992e70d7-ef99-4f1f-8b31-b2a4a67af621,2026-06-07 12:00:00,,0,,,
992e70d7-ef99-4f1f-8b31-b2a4a67af621,2026-06-07 15:00:00,,0,,,
992e70d7-ef99-4f1f-8b31-b2a4a67af621,2026-06-07 18:00:00,,0,,,
992e70d7-ef99-4f1f-8b31-b2a4a67af621,2026-06-07 21:00:00,,0,,,
99d12896-4f4d-4fb1-a073-3a8063ff0a0b,2026-06-01 09:00:00,,0,,,
99d12896-4f4d-4fb1-a073-3a8063ff0a0b,2026-06-01 12:00:00,,0,,,
99d12896-4f4d-4fb1-a073-3a8063ff0a0b,2026-06-01 15:00:00,,0,,,
99d12896-4f4d-4fb1-a073-3a8063ff0a0b,2026-06-01 18:00:00,,0,,,
99d12896-4f4d-4fb1-a073-3a8063ff0a0b,2026-06-01 21:00:00,,0,,,
99d12896-4f4d-4fb1-a073-3a8063ff0a0b,2026-06-02 09:00:00,,0,,,
99d12896-4f4d-4fb1-a073-3a8063ff0a0b,2026-06-02 12:00:00,,0,,,
99d12896-4f4d-4fb1-a073-3a8063ff0a0b,2026-06-02 15:00:00,,0,,,
99d12896-4f4d-4fb1-a073-3a8063ff0a0b,2026-06-02 18:00:00,,0,,,
99d12896-4f4d-4fb1-a073-3a8063ff0a0b,2026-06-02 21:00:00,,0,,,
99d12896-4f4d-4fb1-a073-3a8063ff0a0b,2026-06-03 09:00:00,,0,,,
99d12896-4f4d-4fb1-a073-3a8063ff0a0b,2026-06-03 12:00:00,,0,,,
99d12896-4f4d-4fb1-a073-3a8063ff0a0b,2026-06-03 15:00:00,,0,,,
99d12896-4f4d-4fb1-a073-3a8063ff0a0b,2026-06-03 18:00:00,,0,,,
99d12896-4f4d-4fb1-a073-3a8063ff0a0b,2026-06-03 21:00:00,,0,,,
99d12896-4f4d-4fb1-a073-3a8063ff0a0b,2026-06-04 09:00:00,,0,,,
99d12896-4f4d-4fb1-a073-3a8063ff0a0b,2026-06-04 12:00:00,,0,,,
99d12896-4f4d-4fb1-a073-3a8063ff0a0b,2026-06-04 15:00:00,,0,,,
99d12896-4f4d-4fb1-a073-3a8063ff0a0b,2026-06-04 18:00:00,,0,,,
99d12896-4f4d-4fb1-a073-3a8063ff0a0b,2026-06-04 21:00:00,,0,,,
99d12896-4f4d-4fb1-a073-3a8063ff0a0b,2026-06-05 09:00:00,,0,,,
99d12896-4f4d-4fb1-a073-3a8063ff0a0b,2026-06-05 12:00:00,,0,,,
99d12896-4f4d-4fb1-a073-3a8063ff0a0b,2026-06-05 15:00:00,,0,,,
99d12896-4f4d-4fb1-a073-3a8063ff0a0b,2026-06-05 18:00:00,,0,,,
99d12896-4f4d-4fb1-a073-3a8063ff0a0b,2026-06-05 21:00:00,,0,,,
99d12896-4f4d-4fb1-a073-3a8063ff0a0b,2026-06-06 09:00:00,,0,,,
99d12896-4f4d-4fb1-a073-3a8063ff0a0b,2026-06-06 12:00:00,,0,,,
99d12896-4f4d-4fb1-a073-3a8063ff0a0b,2026-06-06 15:00:00,,0,,,
99d12896-4f4d-4fb1-a073-3a8063ff0a0b,2026-06-06 18:00:00,,0,,,
99d12896-4f4d-4fb1-a073-3a8063ff0a0b,2026-06-06 21:00:00,,0,,,
99d12896-4f4d-4fb1-a073-3a8063ff0a0b,2026-06-07 09:00:00,,0,,,
99d12896-4f4d-4fb1-a073-3a8063ff0a0b,2026-06-07 12:00:00,,0,,,
99d12896-4f4d-4fb1-a073-3a8063ff0a0b,2026-06-07 15:00:00,,0,,,
99d12896-4f4d-4fb1-a073-3a8063ff0a0b,2026-06-07 18:00:00,,0,,,
99d12896-4f4d-4fb1-a073-3a8063ff0a0b,2026-06-07 21:00:00,,0,,,
9c31dc9d-9c4a-4fba-a2d8-39e2aca44e22,2026-06-01 09:00:00,,0,,,
9c31dc9d-9c4a-4fba-a2d8-39e2aca44e22,2026-06-01 12:00:00,,0,,,
9c31dc9d-9c4a-4fba-a2d8-39e2aca44e22,2026-06-01 15:00:00,,0,,,
9c31dc9d-9c4a-4fba-a2d8-39e2aca44e22,2026-06-01 18:00:00,,0,,,
9c31dc9d-9c4a-4fba-a2d8-39e2aca44e22,2026-06-01 21:00:00,,0,,,
9c31dc9d-9c4a-4fba-a2d8-39e2aca44e22,2026-06-02 09:00:00,,0,,,
9c31dc9d-9c4a-4fba-a2d8-39e2aca44e22,2026-06-02 12:00:00,,0,,,
9c31dc9d-9c4a-4fba-a2d8-39e2aca44e22,2026-06-02 15:00:00,,0,,,
9c31dc9d-9c4a-4fba-a2d8-39e2aca44e22,2026-06-02 18:00:00,,0,,,
9c31dc9d-9c4a-4fba-a2d8-39e2aca44e22,2026-06-02 21:00:00,,0,,,
9c31dc9d-9c4a-4fba-a2d8-39e2aca44e22,2026-06-03 09:00:00,,0,,,
9c31dc9d-9c4a-4fba-a2d8-39e2aca44e22,2026-06-03 12:00:00,,0,,,
9c31dc9d-9c4a-4fba-a2d8-39e2aca44e22,2026-06-03 15:00:00,,0,,,
9c31dc9d-9c4a-4fba-a2d8-39e2aca44e22,2026-06-03 18:00:00,,0,,,
9c31dc9d-9c4a-4fba-a2d8-39e2aca44e22,2026-06-03 21:00:00,,0,,,
9c31dc9d-9c4a-4fba-a2d8-39e2aca44e22,2026-06-04 09:00:00,,0,,,
9c31dc9d-9c4a-4fba-a2d8-39e2aca44e22,2026-06-04 12:00:00,,0,,,
9c31dc9d-9c4a-4fba-a2d8-39e2aca44e22,2026-06-04 15:00:00,,0,,,
9c31dc9d-9c4a-4fba-a2d8-39e2aca44e22,2026-06-04 18:00:00,,0,,,
9c31dc9d-9c4a-4fba-a2d8-39e2aca44e22,2026-06-04 21:00:00,,0,,,
9c31dc9d-9c4a-4fba-a2d8-39e2aca44e22,2026-06-05 09:00:00,,0,,,
9c31dc9d-9c4a-4fba-a2d8-39e2aca44e22,2026-06-05 12:00:00,,0,,,
9c31dc9d-9c4a-4fba-a2d8-39e2aca44e22,2026-06-05 15:00:00,,0,,,
9c31dc9d-9c4a-4fba-a2d8-39e2aca44e22,2026-06-05 18:00:00,,0,,,
9c31dc9d-9c4a-4fba-a2d8-39e2aca44e22,2026-06-05 21:00:00,,0,,,
9c31dc9d-9c4a-4fba-a2d8-39e2aca44e22,2026-06-06 09:00:00,,0,,,
9c31dc9d-9c4a-4fba-a2d8-39e2aca44e22,2026-06-06 12:00:00,,0,,,
9c31dc9d-9c4a-4fba-a2d8-39e2aca44e22,2026-06-06 15:00:00,,0,,,
9c31dc9d-9c4a-4fba-a2d8-39e2aca44e22,2026-06-06 18:00:00,,0,,,
9c31dc9d-9c4a-4fba-a2d8-39e2aca44e22,2026-06-06 21:00:00,,0,,,
9c31dc9d-9c4a-4fba-a2d8-39e2aca44e22,2026-06-07 09:00:00,,0,,,
9c31dc9d-9c4a-4fba-a2d8-39e2aca44e22,2026-06-07 12:00:00,,0,,,
9c31dc9d-9c4a-4fba-a2d8-39e2aca44e22,2026-06-07 15:00:00,,0,,,
9c31dc9d-9c4a-4fba-a2d8-39e2aca44e22,2026-06-07 18:00:00,,0,,,
9c31dc9d-9c4a-4fba-a2d8-39e2aca44e22,2026-06-07 21:00:00,,0,,,
9e55b1de-7234-411a-a1a2-bc680c3e06c7,2026-06-01 09:00:00,,0,,,
9e55b1de-7234-411a-a1a2-bc680c3e06c7,2026-06-01 12:00:00,,0,,,
9e55b1de-7234-411a-a1a2-bc680c3e06c7,2026-06-01 15:00:00,,0,,,
9e55b1de-7234-411a-a1a2-bc680c3e06c7,2026-06-01 18:00:00,,0,,,
9e55b1de-7234-411a-a1a2-bc680c3e06c7,2026-06-01 21:00:00,,0,,,
9e55b1de-7234-411a-a1a2-bc680c3e06c7,2026-06-02 09:00:00,,0,,,
9e55b1de-7234-411a-a1a2-bc680c3e06c7,2026-06-02 12:00:00,,0,,,
9e55b1de-7234-411a-a1a2-bc680c3e06c7,2026-06-02 15:00:00,,0,,,
9e55b1de-7234-411a-a1a2-bc680c3e06c7,2026-06-02 18:00:00,,0,,,
9e55b1de-7234-411a-a1a2-bc680c3e06c7,2026-06-02 21:00:00,,0,,,
9e55b1de-7234-411a-a1a2-bc680c3e06c7,2026-06-03 09:00:00,,0,,,
9e55b1de-7234-411a-a1a2-bc680c3e06c7,2026-06-03 12:00:00,,0,,,
9e55b1de-7234-411a-a1a2-bc680c3e06c7,2026-06-03 15:00:00,,0,,,
9e55b1de-7234-411a-a1a2-bc680c3e06c7,2026-06-03 18:00:00,,0,,,
9e55b1de-7234-411a-a1a2-bc680c3e06c7,2026-06-03 21:00:00,,0,,,
9e55b1de-7234-411a-a1a2-bc680c3e06c7,2026-06-04 09:00:00,,0,,,
9e55b1de-7234-411a-a1a2-bc680c3e06c7,2026-06-04 12:00:00,,0,,,
9e55b1de-7234-411a-a1a2-bc680c3e06c7,2026-06-04 15:00:00,,0,,,
9e55b1de-7234-411a-a1a2-bc680c3e06c7,2026-06-04 18:00:00,,0,,,
9e55b1de-7234-411a-a1a2-bc680c3e06c7,2026-06-04 21:00:00,,0,,,
9e55b1de-7234-411a-a1a2-bc680c3e06c7,2026-06-05 09:00:00,,0,,,
9e55b1de-7234-411a-a1a2-bc680c3e06c7,2026-06-05 12:00:00,,0,,,
9e55b1de-7234-411a-a1a2-bc680c3e06c7,2026-06-05 15:00:00,,0,,,
9e55b1de-7234-411a-a1a2-bc680c3e06c7,2026-06-05 18:00:00,,0,,,
9e55b1de-7234-411a-a1a2-bc680c3e06c7,2026-06-05 21:00:00,,0,,,
9e55b1de-7234-411a-a1a2-bc680c3e06c7,2026-06-06 09:00:00,,0,,,
9e55b1de-7234-411a-a1a2-bc680c3e06c7,2026-06-06 12:00:00,,0,,,
9e55b1de-7234-411a-a1a2-bc680c3e06c7,2026-06-06 15:00:00,,0,,,
9e55b1de-7234-411a-a1a2-bc680c3e06c7,2026-06-06 18:00:00,,0,,,
9e55b1de-7234-411a-a1a2-bc680c3e06c7,2026-06-06 21:00:00,,0,,,
9e55b1de-7234-411a-a1a2-bc680c3e06c7,2026-06-07 09:00:00,,0,,,
9e55b1de-7234-411a-a1a2-bc680c3e06c7,2026-06-07 12:00:00,,0,,,
9e55b1de-7234-411a-a1a2-bc680c3e06c7,2026-06-07 15:00:00,,0,,,
9e55b1de-7234-411a-a1a2-bc680c3e06c7,2026-06-07 18:00:00,,0,,,
9e55b1de-7234-411a-a1a2-bc680c3e06c7,2026-06-07 21:00:00,,0,,,
9e9e1a99-edb5-4235-a95d-ecf8ab80ce56,2026-06-01 09:00:00,,0,,,
9e9e1a99-edb5-4235-a95d-ecf8ab80ce56,2026-06-01 12:00:00,,0,,,
9e9e1a99-edb5-4235-a95d-ecf8ab80ce56,2026-06-01 15:00:00,,0,,,
9e9e1a99-edb5-4235-a95d-ecf8ab80ce56,2026-06-01 18:00:00,,0,,,
9e9e1a99-edb5-4235-a95d-ecf8ab80ce56,2026-06-01 21:00:00,,0,,,
9e9e1a99-edb5-4235-a95d-ecf8ab80ce56,2026-06-02 09:00:00,,0,,,
9e9e1a99-edb5-4235-a95d-ecf8ab80ce56,2026-06-02 12:00:00,,0,,,
9e9e1a99-edb5-4235-a95d-ecf8ab80ce56,2026-06-02 15:00:00,,0,,,
9e9e1a99-edb5-4235-a95d-ecf8ab80ce56,2026-06-02 18:00:00,,0,,,
9e9e1a99-edb5-4235-a95d-ecf8ab80ce56,2026-06-02 21:00:00,,0,,,
9e9e1a99-edb5-4235-a95d-ecf8ab80ce56,2026-06-03 09:00:00,,0,,,
9e9e1a99-edb5-4235-a95d-ecf8ab80ce56,2026-06-03 12:00:00,,0,,,
9e9e1a99-edb5-4235-a95d-ecf8ab80ce56,2026-06-03 15:00:00,,0,,,
9e9e1a99-edb5-4235-a95d-ecf8ab80ce56,2026-06-03 18:00:00,,0,,,
9e9e1a99-edb5-4235-a95d-ecf8ab80ce56,2026-06-03 21:00:00,,0,,,
9e9e1a99-edb5-4235-a95d-ecf8ab80ce56,2026-06-04 09:00:00,,0,,,
9e9e1a99-edb5-4235-a95d-ecf8ab80ce56,2026-06-04 12:00:00,,0,,,
9e9e1a99-edb5-4235-a95d-ecf8ab80ce56,2026-06-04 15:00:00,,0,,,
9e9e1a99-edb5-4235-a95d-ecf8ab80ce56,2026-06-04 18:00:00,,0,,,
9e9e1a99-edb5-4235-a95d-ecf8ab80ce56,2026-06-04 21:00:00,,0,,,
9e9e1a99-edb5-4235-a95d-ecf8ab80ce56,2026-06-05 09:00:00,,0,,,
9e9e1a99-edb5-4235-a95d-ecf8ab80ce56,2026-06-05 12:00:00,,0,,,
9e9e1a99-edb5-4235-a95d-ecf8ab80ce56,2026-06-05 15:00:00,,0,,,
9e9e1a99-edb5-4235-a95d-ecf8ab80ce56,2026-06-05 18:00:00,,0,,,
9e9e1a99-edb5-4235-a95d-ecf8ab80ce56,2026-06-05 21:00:00,,0,,,
9e9e1a99-edb5-4235-a95d-ecf8ab80ce56,2026-06-06 09:00:00,,0,,,
9e9e1a99-edb5-4235-a95d-ecf8ab80ce56,2026-06-06 12:00:00,,0,,,
9e9e1a99-edb5-4235-a95d-ecf8ab80ce56,2026-06-06 15:00:00,,0,,,
9e9e1a99-edb5-4235-a95d-ecf8ab80ce56,2026-06-06 18:00:00,,0,,,
9e9e1a99-edb5-4235-a95d-ecf8ab80ce56,2026-06-06 21:00:00,,0,,,
9e9e1a99-edb5-4235-a95d-ecf8ab80ce56,2026-06-07 09:00:00,,0,,,
9e9e1a99-edb5-4235-a95d-ecf8ab80ce56,2026-06-07 12:00:00,,0,,,
9e9e1a99-edb5-4235-a95d-ecf8ab80ce56,2026-06-07 15:00:00,,0,,,
9e9e1a99-edb5-4235-a95d-ecf8ab80ce56,2026-06-07 18:00:00,,0,,,
9e9e1a99-edb5-4235-a95d-ecf8ab80ce56,2026-06-07 21:00:00,,0,,,
9f7b7d65-38bc-4b0d-a1ea-b5fac3437ab9,2026-06-01 09:00:00,,0,,,
9f7b7d65-38bc-4b0d-a1ea-b5fac3437ab9,2026-06-01 12:00:00,,0,,,
9f7b7d65-38bc-4b0d-a1ea-b5fac3437ab9,2026-06-01 15:00:00,,0,,,
9f7b7d65-38bc-4b0d-a1ea-b5fac3437ab9,2026-06-01 18:00:00,,0,,,
9f7b7d65-38bc-4b0d-a1ea-b5fac3437ab9,2026-06-01 21:00:00,,0,,,
9f7b7d65-38bc-4b0d-a1ea-b5fac3437ab9,2026-06-02 09:00:00,,0,,,
9f7b7d65-38bc-4b0d-a1ea-b5fac3437ab9,2026-06-02 12:00:00,,0,,,
9f7b7d65-38bc-4b0d-a1ea-b5fac3437ab9,2026-06-02 15:00:00,,0,,,
9f7b7d65-38bc-4b0d-a1ea-b5fac3437ab9,2026-06-02 18:00:00,,0,,,
9f7b7d65-38bc-4b0d-a1ea-b5fac3437ab9,2026-06-02 21:00:00,,0,,,
9f7b7d65-38bc-4b0d-a1ea-b5fac3437ab9,2026-06-03 09:00:00,,0,,,
9f7b7d65-38bc-4b0d-a1ea-b5fac3437ab9,2026-06-03 12:00:00,,0,,,
9f7b7d65-38bc-4b0d-a1ea-b5fac3437ab9,2026-06-03 15:00:00,,0,,,
9f7b7d65-38bc-4b0d-a1ea-b5fac3437ab9,2026-06-03 18:00:00,,0,,,
9f7b7d65-38bc-4b0d-a1ea-b5fac3437ab9,2026-06-03 21:00:00,,0,,,
9f7b7d65-38bc-4b0d-a1ea-b5fac3437ab9,2026-06-04 09:00:00,,0,,,
9f7b7d65-38bc-4b0d-a1ea-b5fac3437ab9,2026-06-04 12:00:00,,0,,,
9f7b7d65-38bc-4b0d-a1ea-b5fac3437ab9,2026-06-04 15:00:00,,0,,,
9f7b7d65-38bc-4b0d-a1ea-b5fac3437ab9,2026-06-04 18:00:00,,0,,,
9f7b7d65-38bc-4b0d-a1ea-b5fac3437ab9,2026-06-04 21:00:00,,0,,,
9f7b7d65-38bc-4b0d-a1ea-b5fac3437ab9,2026-06-05 09:00:00,,0,,,
9f7b7d65-38bc-4b0d-a1ea-b5fac3437ab9,2026-06-05 12:00:00,,0,,,
9f7b7d65-38bc-4b0d-a1ea-b5fac3437ab9,2026-06-05 15:00:00,,0,,,
9f7b7d65-38bc-4b0d-a1ea-b5fac3437ab9,2026-06-05 18:00:00,,0,,,
9f7b7d65-38bc-4b0d-a1ea-b5fac3437ab9,2026-06-05 21:00:00,,0,,,
9f7b7d65-38bc-4b0d-a1ea-b5fac3437ab9,2026-06-06 09:00:00,,0,,,
9f7b7d65-38bc-4b0d-a1ea-b5fac3437ab9,2026-06-06 12:00:00,,0,,,
9f7b7d65-38bc-4b0d-a1ea-b5fac3437ab9,2026-06-06 15:00:00,,0,,,
9f7b7d65-38bc-4b0d-a1ea-b5fac3437ab9,2026-06-06 18:00:00,,0,,,
9f7b7d65-38bc-4b0d-a1ea-b5fac3437ab9,2026-06-06 21:00:00,,0,,,
9f7b7d65-38bc-4b0d-a1ea-b5fac3437ab9,2026-06-07 09:00:00,,0,,,
9f7b7d65-38bc-4b0d-a1ea-b5fac3437ab9,2026-06-07 12:00:00,,0,,,
9f7b7d65-38bc-4b0d-a1ea-b5fac3437ab9,2026-06-07 15:00:00,,0,,,
9f7b7d65-38bc-4b0d-a1ea-b5fac3437ab9,2026-06-07 18:00:00,,0,,,
9f7b7d65-38bc-4b0d-a1ea-b5fac3437ab9,2026-06-07 21:00:00,,0,,,
a78921e7-ca17-4512-a610-927c4764a2a1,2026-06-01 09:00:00,,0,,,
a78921e7-ca17-4512-a610-927c4764a2a1,2026-06-01 12:00:00,,0,,,
a78921e7-ca17-4512-a610-927c4764a2a1,2026-06-01 15:00:00,,0,,,
a78921e7-ca17-4512-a610-927c4764a2a1,2026-06-01 18:00:00,,0,,,
a78921e7-ca17-4512-a610-927c4764a2a1,2026-06-01 21:00:00,,0,,,
a78921e7-ca17-4512-a610-927c4764a2a1,2026-06-02 09:00:00,,0,,,
a78921e7-ca17-4512-a610-927c4764a2a1,2026-06-02 12:00:00,,0,,,
a78921e7-ca17-4512-a610-927c4764a2a1,2026-06-02 15:00:00,,0,,,
a78921e7-ca17-4512-a610-927c4764a2a1,2026-06-02 18:00:00,,0,,,
a78921e7-ca17-4512-a610-927c4764a2a1,2026-06-02 21:00:00,,0,,,
a78921e7-ca17-4512-a610-927c4764a2a1,2026-06-03 09:00:00,,0,,,
a78921e7-ca17-4512-a610-927c4764a2a1,2026-06-03 12:00:00,,0,,,
a78921e7-ca17-4512-a610-927c4764a2a1,2026-06-03 15:00:00,,0,,,
a78921e7-ca17-4512-a610-927c4764a2a1,2026-06-03 18:00:00,,0,,,
a78921e7-ca17-4512-a610-927c4764a2a1,2026-06-03 21:00:00,,0,,,
a78921e7-ca17-4512-a610-927c4764a2a1,2026-06-04 09:00:00,,0,,,
a78921e7-ca17-4512-a610-927c4764a2a1,2026-06-04 12:00:00,,0,,,
a78921e7-ca17-4512-a610-927c4764a2a1,2026-06-04 15:00:00,,0,,,
a78921e7-ca17-4512-a610-927c4764a2a1,2026-06-04 18:00:00,,0,,,
a78921e7-ca17-4512-a610-927c4764a2a1,2026-06-04 21:00:00,,0,,,
a78921e7-ca17-4512-a610-927c4764a2a1,2026-06-05 09:00:00,,0,,,
a78921e7-ca17-4512-a610-927c4764a2a1,2026-06-05 12:00:00,,0,,,
a78921e7-ca17-4512-a610-927c4764a2a1,2026-06-05 15:00:00,,0,,,
a78921e7-ca17-4512-a610-927c4764a2a1,2026-06-05 18:00:00,,0,,,
a78921e7-ca17-4512-a610-927c4764a2a1,2026-06-05 21:00:00,,0,,,
a78921e7-ca17-4512-a610-927c4764a2a1,2026-06-06 09:00:00,,0,,,
a78921e7-ca17-4512-a610-927c4764a2a1,2026-06-06 12:00:00,,0,,,
a78921e7-ca17-4512-a610-927c4764a2a1,2026-06-06 15:00:00,,0,,,
a78921e7-ca17-4512-a610-927c4764a2a1,2026-06-06 18:00:00,,0,,,
a78921e7-ca17-4512-a610-927c4764a2a1,2026-06-06 21:00:00,,0,,,
a78921e7-ca17-4512-a610-927c4764a2a1,2026-06-07 09:00:00,,0,,,
a78921e7-ca17-4512-a610-927c4764a2a1,2026-06-07 12:00:00,,0,,,
a78921e7-ca17-4512-a610-927c4764a2a1,2026-06-07 15:00:00,,0,,,
a78921e7-ca17-4512-a610-927c4764a2a1,2026-06-07 18:00:00,,0,,,
a78921e7-ca17-4512-a610-927c4764a2a1,2026-06-07 21:00:00,,0,,,
abe319d8-7c67-4a94-a361-ba3048bff7be,2026-06-01 09:00:00,,0,,,
abe319d8-7c67-4a94-a361-ba3048bff7be,2026-06-01 12:00:00,,0,,,
abe319d8-7c67-4a94-a361-ba3048bff7be,2026-06-01 15:00:00,,0,,,
abe319d8-7c67-4a94-a361-ba3048bff7be,2026-06-01 18:00:00,,0,,,
abe319d8-7c67-4a94-a361-ba3048bff7be,2026-06-01 21:00:00,,0,,,
abe319d8-7c67-4a94-a361-ba3048bff7be,2026-06-02 09:00:00,,0,,,
abe319d8-7c67-4a94-a361-ba3048bff7be,2026-06-02 12:00:00,,0,,,
abe319d8-7c67-4a94-a361-ba3048bff7be,2026-06-02 15:00:00,,0,,,
abe319d8-7c67-4a94-a361-ba3048bff7be,2026-06-02 18:00:00,,0,,,
abe319d8-7c67-4a94-a361-ba3048bff7be,2026-06-02 21:00:00,,0,,,
abe319d8-7c67-4a94-a361-ba3048bff7be,2026-06-03 09:00:00,,0,,,
abe319d8-7c67-4a94-a361-ba3048bff7be,2026-06-03 12:00:00,,0,,,
abe319d8-7c67-4a94-a361-ba3048bff7be,2026-06-03 15:00:00,,0,,,
abe319d8-7c67-4a94-a361-ba3048bff7be,2026-06-03 18:00:00,,0,,,
abe319d8-7c67-4a94-a361-ba3048bff7be,2026-06-03 21:00:00,,0,,,
abe319d8-7c67-4a94-a361-ba3048bff7be,2026-06-04 09:00:00,,0,,,
abe319d8-7c67-4a94-a361-ba3048bff7be,2026-06-04 12:00:00,,0,,,
abe319d8-7c67-4a94-a361-ba3048bff7be,2026-06-04 15:00:00,,0,,,
abe319d8-7c67-4a94-a361-ba3048bff7be,2026-06-04 18:00:00,,0,,,
abe319d8-7c67-4a94-a361-ba3048bff7be,2026-06-04 21:00:00,,0,,,
abe319d8-7c67-4a94-a361-ba3048bff7be,2026-06-05 09:00:00,,0,,,
abe319d8-7c67-4a94-a361-ba3048bff7be,2026-06-05 12:00:00,,0,,,
abe319d8-7c67-4a94-a361-ba3048bff7be,2026-06-05 15:00:00,,0,,,
abe319d8-7c67-4a94-a361-ba3048bff7be,2026-06-05 18:00:00,,0,,,
abe319d8-7c67-4a94-a361-ba3048bff7be,2026-06-05 21:00:00,,0,,,
abe319d8-7c67-4a94-a361-ba3048bff7be,2026-06-06 09:00:00,,0,,,
abe319d8-7c67-4a94-a361-ba3048bff7be,2026-06-06 12:00:00,,0,,,
abe319d8-7c67-4a94-a361-ba3048bff7be,2026-06-06 15:00:00,,0,,,
abe319d8-7c67-4a94-a361-ba3048bff7be,2026-06-06 18:00:00,,0,,,
abe319d8-7c67-4a94-a361-ba3048bff7be,2026-06-06 21:00:00,,0,,,
abe319d8-7c67-4a94-a361-ba3048bff7be,2026-06-07 09:00:00,,0,,,
abe319d8-7c67-4a94-a361-ba3048bff7be,2026-06-07 12:00:00,,0,,,
abe319d8-7c67-4a94-a361-ba3048bff7be,2026-06-07 15:00:00,,0,,,
abe319d8-7c67-4a94-a361-ba3048bff7be,2026-06-07 18:00:00,,0,,,
abe319d8-7c67-4a94-a361-ba3048bff7be,2026-06-07 21:00:00,,0,,,
acbb0a67-e05c-4cd5-8305-2063c1fd92c5,2026-06-01 09:00:00,,0,,,
acbb0a67-e05c-4cd5-8305-2063c1fd92c5,2026-06-01 12:00:00,,0,,,
acbb0a67-e05c-4cd5-8305-2063c1fd92c5,2026-06-01 15:00:00,,0,,,
acbb0a67-e05c-4cd5-8305-2063c1fd92c5,2026-06-01 18:00:00,,0,,,
acbb0a67-e05c-4cd5-8305-2063c1fd92c5,2026-06-01 21:00:00,,0,,,
acbb0a67-e05c-4cd5-8305-2063c1fd92c5,2026-06-02 09:00:00,,0,,,
acbb0a67-e05c-4cd5-8305-2063c1fd92c5,2026-06-02 12:00:00,,0,,,
acbb0a67-e05c-4cd5-8305-2063c1fd92c5,2026-06-02 15:00:00,,0,,,
acbb0a67-e05c-4cd5-8305-2063c1fd92c5,2026-06-02 18:00:00,,0,,,
acbb0a67-e05c-4cd5-8305-2063c1fd92c5,2026-06-02 21:00:00,,0,,,
acbb0a67-e05c-4cd5-8305-2063c1fd92c5,2026-06-03 09:00:00,,0,,,
acbb0a67-e05c-4cd5-8305-2063c1fd92c5,2026-06-03 12:00:00,,0,,,
acbb0a67-e05c-4cd5-8305-2063c1fd92c5,2026-06-03 15:00:00,,0,,,
acbb0a67-e05c-4cd5-8305-2063c1fd92c5,2026-06-03 18:00:00,,0,,,
acbb0a67-e05c-4cd5-8305-2063c1fd92c5,2026-06-03 21:00:00,,0,,,
acbb0a67-e05c-4cd5-8305-2063c1fd92c5,2026-06-04 09:00:00,,0,,,
acbb0a67-e05c-4cd5-8305-2063c1fd92c5,2026-06-04 12:00:00,,0,,,
acbb0a67-e05c-4cd5-8305-2063c1fd92c5,2026-06-04 15:00:00,,0,,,
acbb0a67-e05c-4cd5-8305-2063c1fd92c5,2026-06-04 18:00:00,,0,,,
acbb0a67-e05c-4cd5-8305-2063c1fd92c5,2026-06-04 21:00:00,,0,,,
acbb0a67-e05c-4cd5-8305-2063c1fd92c5,2026-06-05 09:00:00,,0,,,
acbb0a67-e05c-4cd5-8305-2063c1fd92c5,2026-06-05 12:00:00,,0,,,
acbb0a67-e05c-4cd5-8305-2063c1fd92c5,2026-06-05 15:00:00,,0,,,
acbb0a67-e05c-4cd5-8305-2063c1fd92c5,2026-06-05 18:00:00,,0,,,
acbb0a67-e05c-4cd5-8305-2063c1fd92c5,2026-06-05 21:00:00,,0,,,
acbb0a67-e05c-4cd5-8305-2063c1fd92c5,2026-06-06 09:00:00,,0,,,
acbb0a67-e05c-4cd5-8305-2063c1fd92c5,2026-06-06 12:00:00,,0,,,
acbb0a67-e05c-4cd5-8305-2063c1fd92c5,2026-06-06 15:00:00,,0,,,
acbb0a67-e05c-4cd5-8305-2063c1fd92c5,2026-06-06 18:00:00,,0,,,
acbb0a67-e05c-4cd5-8305-2063c1fd92c5,2026-06-06 21:00:00,,0,,,
acbb0a67-e05c-4cd5-8305-2063c1fd92c5,2026-06-07 09:00:00,,0,,,
acbb0a67-e05c-4cd5-8305-2063c1fd92c5,2026-06-07 12:00:00,,0,,,
acbb0a67-e05c-4cd5-8305-2063c1fd92c5,2026-06-07 15:00:00,,0,,,
acbb0a67-e05c-4cd5-8305-2063c1fd92c5,2026-06-07 18:00:00,,0,,,
acbb0a67-e05c-4cd5-8305-2063c1fd92c5,2026-06-07 21:00:00,,0,,,
afec95a8-f498-49ce-8ddc-5467cc423e7d,2026-06-01 09:00:00,,0,,,
afec95a8-f498-49ce-8ddc-5467cc423e7d,2026-06-01 12:00:00,,0,,,
afec95a8-f498-49ce-8ddc-5467cc423e7d,2026-06-01 15:00:00,,0,,,
afec95a8-f498-49ce-8ddc-5467cc423e7d,2026-06-01 18:00:00,,0,,,
afec95a8-f498-49ce-8ddc-5467cc423e7d,2026-06-01 21:00:00,,0,,,
afec95a8-f498-49ce-8ddc-5467cc423e7d,2026-06-02 09:00:00,,0,,,
afec95a8-f498-49ce-8ddc-5467cc423e7d,2026-06-02 12:00:00,,0,,,
afec95a8-f498-49ce-8ddc-5467cc423e7d,2026-06-02 15:00:00,,0,,,
afec95a8-f498-49ce-8ddc-5467cc423e7d,2026-06-02 18:00:00,,0,,,
afec95a8-f498-49ce-8ddc-5467cc423e7d,2026-06-02 21:00:00,,0,,,
afec95a8-f498-49ce-8ddc-5467cc423e7d,2026-06-03 09:00:00,,0,,,
afec95a8-f498-49ce-8ddc-5467cc423e7d,2026-06-03 12:00:00,,0,,,
afec95a8-f498-49ce-8ddc-5467cc423e7d,2026-06-03 15:00:00,,0,,,
afec95a8-f498-49ce-8ddc-5467cc423e7d,2026-06-03 18:00:00,,0,,,
afec95a8-f498-49ce-8ddc-5467cc423e7d,2026-06-03 21:00:00,,0,,,
afec95a8-f498-49ce-8ddc-5467cc423e7d,2026-06-04 09:00:00,,0,,,
afec95a8-f498-49ce-8ddc-5467cc423e7d,2026-06-04 12:00:00,,0,,,
afec95a8-f498-49ce-8ddc-5467cc423e7d,2026-06-04 15:00:00,,0,,,
afec95a8-f498-49ce-8ddc-5467cc423e7d,2026-06-04 18:00:00,,0,,,
afec95a8-f498-49ce-8ddc-5467cc423e7d,2026-06-04 21:00:00,,0,,,
afec95a8-f498-49ce-8ddc-5467cc423e7d,2026-06-05 09:00:00,,0,,,
afec95a8-f498-49ce-8ddc-5467cc423e7d,2026-06-05 12:00:00,,0,,,
afec95a8-f498-49ce-8ddc-5467cc423e7d,2026-06-05 15:00:00,,0,,,
afec95a8-f498-49ce-8ddc-5467cc423e7d,2026-06-05 18:00:00,,0,,,
afec95a8-f498-49ce-8ddc-5467cc423e7d,2026-06-05 21:00:00,,0,,,
afec95a8-f498-49ce-8ddc-5467cc423e7d,2026-06-06 09:00:00,,0,,,
afec95a8-f498-49ce-8ddc-5467cc423e7d,2026-06-06 12:00:00,,0,,,
afec95a8-f498-49ce-8ddc-5467cc423e7d,2026-06-06 15:00:00,,0,,,
afec95a8-f498-49ce-8ddc-5467cc423e7d,2026-06-06 18:00:00,,0,,,
afec95a8-f498-49ce-8ddc-5467cc423e7d,2026-06-06 21:00:00,,0,,,
afec95a8-f498-49ce-8ddc-5467cc423e7d,2026-06-07 09:00:00,,0,,,
afec95a8-f498-49ce-8ddc-5467cc423e7d,2026-06-07 12:00:00,,0,,,
afec95a8-f498-49ce-8ddc-5467cc423e7d,2026-06-07 15:00:00,,0,,,
afec95a8-f498-49ce-8ddc-5467cc423e7d,2026-06-07 18:00:00,,0,,,
afec95a8-f498-49ce-8ddc-5467cc423e7d,2026-06-07 21:00:00,,0,,,
b023f31e-8dd7-41a4-bba1-09fc532184cc,2026-06-01 09:00:00,,0,,,
b023f31e-8dd7-41a4-bba1-09fc532184cc,2026-06-01 12:00:00,,0,,,
b023f31e-8dd7-41a4-bba1-09fc532184cc,2026-06-01 15:00:00,,0,,,
b023f31e-8dd7-41a4-bba1-09fc532184cc,2026-06-01 18:00:00,,0,,,
b023f31e-8dd7-41a4-bba1-09fc532184cc,2026-06-01 21:00:00,,0,,,
b023f31e-8dd7-41a4-bba1-09fc532184cc,2026-06-02 09:00:00,,0,,,
b023f31e-8dd7-41a4-bba1-09fc532184cc,2026-06-02 12:00:00,,0,,,
b023f31e-8dd7-41a4-bba1-09fc532184cc,2026-06-02 15:00:00,,0,,,
b023f31e-8dd7-41a4-bba1-09fc532184cc,2026-06-02 18:00:00,,0,,,
b023f31e-8dd7-41a4-bba1-09fc532184cc,2026-06-02 21:00:00,,0,,,
b023f31e-8dd7-41a4-bba1-09fc532184cc,2026-06-03 09:00:00,,0,,,
b023f31e-8dd7-41a4-bba1-09fc532184cc,2026-06-03 12:00:00,,0,,,
b023f31e-8dd7-41a4-bba1-09fc532184cc,2026-06-03 15:00:00,,0,,,
b023f31e-8dd7-41a4-bba1-09fc532184cc,2026-06-03 18:00:00,,0,,,
b023f31e-8dd7-41a4-bba1-09fc532184cc,2026-06-03 21:00:00,,0,,,
b023f31e-8dd7-41a4-bba1-09fc532184cc,2026-06-04 09:00:00,,0,,,
b023f31e-8dd7-41a4-bba1-09fc532184cc,2026-06-04 12:00:00,,0,,,
b023f31e-8dd7-41a4-bba1-09fc532184cc,2026-06-04 15:00:00,,0,,,
b023f31e-8dd7-41a4-bba1-09fc532184cc,2026-06-04 18:00:00,,0,,,
b023f31e-8dd7-41a4-bba1-09fc532184cc,2026-06-04 21:00:00,,0,,,
b023f31e-8dd7-41a4-bba1-09fc532184cc,2026-06-05 09:00:00,,0,,,
b023f31e-8dd7-41a4-bba1-09fc532184cc,2026-06-05 12:00:00,,0,,,
b023f31e-8dd7-41a4-bba1-09fc532184cc,2026-06-05 15:00:00,,0,,,
b023f31e-8dd7-41a4-bba1-09fc532184cc,2026-06-05 18:00:00,,0,,,
b023f31e-8dd7-41a4-bba1-09fc532184cc,2026-06-05 21:00:00,,0,,,
b023f31e-8dd7-41a4-bba1-09fc532184cc,2026-06-06 09:00:00,,0,,,
b023f31e-8dd7-41a4-bba1-09fc532184cc,2026-06-06 12:00:00,,0,,,
b023f31e-8dd7-41a4-bba1-09fc532184cc,2026-06-06 15:00:00,,0,,,
b023f31e-8dd7-41a4-bba1-09fc532184cc,2026-06-06 18:00:00,,0,,,
b023f31e-8dd7-41a4-bba1-09fc532184cc,2026-06-06 21:00:00,,0,,,
b023f31e-8dd7-41a4-bba1-09fc532184cc,2026-06-07 09:00:00,,0,,,
b023f31e-8dd7-41a4-bba1-09fc532184cc,2026-06-07 12:00:00,,0,,,
b023f31e-8dd7-41a4-bba1-09fc532184cc,2026-06-07 15:00:00,,0,,,
b023f31e-8dd7-41a4-bba1-09fc532184cc,2026-06-07 18:00:00,,0,,,
b023f31e-8dd7-41a4-bba1-09fc532184cc,2026-06-07 21:00:00,,0,,,
b403c16f-ea48-494c-85bc-214633dd5ab7,2026-06-01 09:00:00,,0,,,
b403c16f-ea48-494c-85bc-214633dd5ab7,2026-06-01 12:00:00,,0,,,
b403c16f-ea48-494c-85bc-214633dd5ab7,2026-06-01 15:00:00,,0,,,
b403c16f-ea48-494c-85bc-214633dd5ab7,2026-06-01 18:00:00,,0,,,
b403c16f-ea48-494c-85bc-214633dd5ab7,2026-06-01 21:00:00,,0,,,
b403c16f-ea48-494c-85bc-214633dd5ab7,2026-06-02 09:00:00,,0,,,
b403c16f-ea48-494c-85bc-214633dd5ab7,2026-06-02 12:00:00,,0,,,
b403c16f-ea48-494c-85bc-214633dd5ab7,2026-06-02 15:00:00,,0,,,
b403c16f-ea48-494c-85bc-214633dd5ab7,2026-06-02 18:00:00,,0,,,
b403c16f-ea48-494c-85bc-214633dd5ab7,2026-06-02 21:00:00,,0,,,
b403c16f-ea48-494c-85bc-214633dd5ab7,2026-06-03 09:00:00,,0,,,
b403c16f-ea48-494c-85bc-214633dd5ab7,2026-06-03 12:00:00,,0,,,
b403c16f-ea48-494c-85bc-214633dd5ab7,2026-06-03 15:00:00,,0,,,
b403c16f-ea48-494c-85bc-214633dd5ab7,2026-06-03 18:00:00,,0,,,
b403c16f-ea48-494c-85bc-214633dd5ab7,2026-06-03 21:00:00,,0,,,
b403c16f-ea48-494c-85bc-214633dd5ab7,2026-06-04 09:00:00,,0,,,
b403c16f-ea48-494c-85bc-214633dd5ab7,2026-06-04 12:00:00,,0,,,
b403c16f-ea48-494c-85bc-214633dd5ab7,2026-06-04 15:00:00,,0,,,
b403c16f-ea48-494c-85bc-214633dd5ab7,2026-06-04 18:00:00,,0,,,
b403c16f-ea48-494c-85bc-214633dd5ab7,2026-06-04 21:00:00,,0,,,
b403c16f-ea48-494c-85bc-214633dd5ab7,2026-06-05 09:00:00,,0,,,
b403c16f-ea48-494c-85bc-214633dd5ab7,2026-06-05 12:00:00,,0,,,
b403c16f-ea48-494c-85bc-214633dd5ab7,2026-06-05 15:00:00,,0,,,
b403c16f-ea48-494c-85bc-214633dd5ab7,2026-06-05 18:00:00,,0,,,
b403c16f-ea48-494c-85bc-214633dd5ab7,2026-06-05 21:00:00,,0,,,
b403c16f-ea48-494c-85bc-214633dd5ab7,2026-06-06 09:00:00,,0,,,
b403c16f-ea48-494c-85bc-214633dd5ab7,2026-06-06 12:00:00,,0,,,
b403c16f-ea48-494c-85bc-214633dd5ab7,2026-06-06 15:00:00,,0,,,
b403c16f-ea48-494c-85bc-214633dd5ab7,2026-06-06 18:00:00,,0,,,
b403c16f-ea48-494c-85bc-214633dd5ab7,2026-06-06 21:00:00,,0,,,
b403c16f-ea48-494c-85bc-214633dd5ab7,2026-06-07 09:00:00,,0,,,
b403c16f-ea48-494c-85bc-214633dd5ab7,2026-06-07 12:00:00,,0,,,
b403c16f-ea48-494c-85bc-214633dd5ab7,2026-06-07 15:00:00,,0,,,
b403c16f-ea48-494c-85bc-214633dd5ab7,2026-06-07 18:00:00,,0,,,
b403c16f-ea48-494c-85bc-214633dd5ab7,2026-06-07 21:00:00,,0,,,
b4668338-d127-4eb2-b6c8-63f14dd97e8d,2026-06-01 09:00:00,,0,,,
b4668338-d127-4eb2-b6c8-63f14dd97e8d,2026-06-01 12:00:00,,0,,,
b4668338-d127-4eb2-b6c8-63f14dd97e8d,2026-06-01 15:00:00,,0,,,
b4668338-d127-4eb2-b6c8-63f14dd97e8d,2026-06-01 18:00:00,,0,,,
b4668338-d127-4eb2-b6c8-63f14dd97e8d,2026-06-01 21:00:00,,0,,,
b4668338-d127-4eb2-b6c8-63f14dd97e8d,2026-06-02 09:00:00,,0,,,
b4668338-d127-4eb2-b6c8-63f14dd97e8d,2026-06-02 12:00:00,,0,,,
b4668338-d127-4eb2-b6c8-63f14dd97e8d,2026-06-02 15:00:00,,0,,,
b4668338-d127-4eb2-b6c8-63f14dd97e8d,2026-06-02 18:00:00,,0,,,
b4668338-d127-4eb2-b6c8-63f14dd97e8d,2026-06-02 21:00:00,,0,,,
b4668338-d127-4eb2-b6c8-63f14dd97e8d,2026-06-03 09:00:00,,0,,,
b4668338-d127-4eb2-b6c8-63f14dd97e8d,2026-06-03 12:00:00,,0,,,
b4668338-d127-4eb2-b6c8-63f14dd97e8d,2026-06-03 15:00:00,,0,,,
b4668338-d127-4eb2-b6c8-63f14dd97e8d,2026-06-03 18:00:00,,0,,,
b4668338-d127-4eb2-b6c8-63f14dd97e8d,2026-06-03 21:00:00,,0,,,
b4668338-d127-4eb2-b6c8-63f14dd97e8d,2026-06-04 09:00:00,,0,,,
b4668338-d127-4eb2-b6c8-63f14dd97e8d,2026-06-04 12:00:00,,0,,,
b4668338-d127-4eb2-b6c8-63f14dd97e8d,2026-06-04 15:00:00,,0,,,
b4668338-d127-4eb2-b6c8-63f14dd97e8d,2026-06-04 18:00:00,,0,,,
b4668338-d127-4eb2-b6c8-63f14dd97e8d,2026-06-04 21:00:00,,0,,,
b4668338-d127-4eb2-b6c8-63f14dd97e8d,2026-06-05 09:00:00,,0,,,
b4668338-d127-4eb2-b6c8-63f14dd97e8d,2026-06-05 12:00:00,,0,,,
b4668338-d127-4eb2-b6c8-63f14dd97e8d,2026-06-05 15:00:00,,0,,,
b4668338-d127-4eb2-b6c8-63f14dd97e8d,2026-06-05 18:00:00,,0,,,
b4668338-d127-4eb2-b6c8-63f14dd97e8d,2026-06-05 21:00:00,,0,,,
b4668338-d127-4eb2-b6c8-63f14dd97e8d,2026-06-06 09:00:00,,0,,,
b4668338-d127-4eb2-b6c8-63f14dd97e8d,2026-06-06 12:00:00,,0,,,
b4668338-d127-4eb2-b6c8-63f14dd97e8d,2026-06-06 15:00:00,,0,,,
b4668338-d127-4eb2-b6c8-63f14dd97e8d,2026-06-06 18:00:00,,0,,,
b4668338-d127-4eb2-b6c8-63f14dd97e8d,2026-06-06 21:00:00,,0,,,
b4668338-d127-4eb2-b6c8-63f14dd97e8d,2026-06-07 09:00:00,,0,,,
b4668338-d127-4eb2-b6c8-63f14dd97e8d,2026-06-07 12:00:00,,0,,,
b4668338-d127-4eb2-b6c8-63f14dd97e8d,2026-06-07 15:00:00,,0,,,
b4668338-d127-4eb2-b6c8-63f14dd97e8d,2026-06-07 18:00:00,,0,,,
b4668338-d127-4eb2-b6c8-63f14dd97e8d,2026-06-07 21:00:00,,0,,,
b79cd41b-fc5a-4595-8533-1437ecb86d2c,2026-06-01 09:00:00,,0,,,
b79cd41b-fc5a-4595-8533-1437ecb86d2c,2026-06-01 12:00:00,,0,,,
b79cd41b-fc5a-4595-8533-1437ecb86d2c,2026-06-01 15:00:00,,0,,,
b79cd41b-fc5a-4595-8533-1437ecb86d2c,2026-06-01 18:00:00,,0,,,
b79cd41b-fc5a-4595-8533-1437ecb86d2c,2026-06-01 21:00:00,,0,,,
b79cd41b-fc5a-4595-8533-1437ecb86d2c,2026-06-02 09:00:00,,0,,,
b79cd41b-fc5a-4595-8533-1437ecb86d2c,2026-06-02 12:00:00,,0,,,
b79cd41b-fc5a-4595-8533-1437ecb86d2c,2026-06-02 15:00:00,,0,,,
b79cd41b-fc5a-4595-8533-1437ecb86d2c,2026-06-02 18:00:00,,0,,,
b79cd41b-fc5a-4595-8533-1437ecb86d2c,2026-06-02 21:00:00,,0,,,
b79cd41b-fc5a-4595-8533-1437ecb86d2c,2026-06-03 09:00:00,,0,,,
b79cd41b-fc5a-4595-8533-1437ecb86d2c,2026-06-03 12:00:00,,0,,,
b79cd41b-fc5a-4595-8533-1437ecb86d2c,2026-06-03 15:00:00,,0,,,
b79cd41b-fc5a-4595-8533-1437ecb86d2c,2026-06-03 18:00:00,,0,,,
b79cd41b-fc5a-4595-8533-1437ecb86d2c,2026-06-03 21:00:00,,0,,,
b79cd41b-fc5a-4595-8533-1437ecb86d2c,2026-06-04 09:00:00,,0,,,
b79cd41b-fc5a-4595-8533-1437ecb86d2c,2026-06-04 12:00:00,,0,,,
b79cd41b-fc5a-4595-8533-1437ecb86d2c,2026-06-04 15:00:00,,0,,,
b79cd41b-fc5a-4595-8533-1437ecb86d2c,2026-06-04 18:00:00,,0,,,
b79cd41b-fc5a-4595-8533-1437ecb86d2c,2026-06-04 21:00:00,,0,,,
b79cd41b-fc5a-4595-8533-1437ecb86d2c,2026-06-05 09:00:00,,0,,,
b79cd41b-fc5a-4595-8533-1437ecb86d2c,2026-06-05 12:00:00,,0,,,
b79cd41b-fc5a-4595-8533-1437ecb86d2c,2026-06-05 15:00:00,,0,,,
b79cd41b-fc5a-4595-8533-1437ecb86d2c,2026-06-05 18:00:00,,0,,,
b79cd41b-fc5a-4595-8533-1437ecb86d2c,2026-06-05 21:00:00,,0,,,
b79cd41b-fc5a-4595-8533-1437ecb86d2c,2026-06-06 09:00:00,,0,,,
b79cd41b-fc5a-4595-8533-1437ecb86d2c,2026-06-06 12:00:00,,0,,,
b79cd41b-fc5a-4595-8533-1437ecb86d2c,2026-06-06 15:00:00,,0,,,
b79cd41b-fc5a-4595-8533-1437ecb86d2c,2026-06-06 18:00:00,,0,,,
b79cd41b-fc5a-4595-8533-1437ecb86d2c,2026-06-06 21:00:00,,0,,,
b79cd41b-fc5a-4595-8533-1437ecb86d2c,2026-06-07 09:00:00,,0,,,
b79cd41b-fc5a-4595-8533-1437ecb86d2c,2026-06-07 12:00:00,,0,,,
b79cd41b-fc5a-4595-8533-1437ecb86d2c,2026-06-07 15:00:00,,0,,,
b79cd41b-fc5a-4595-8533-1437ecb86d2c,2026-06-07 18:00:00,,0,,,
b79cd41b-fc5a-4595-8533-1437ecb86d2c,2026-06-07 21:00:00,,0,,,
b89e49f4-3254-4aed-a842-c90193366783,2026-06-01 09:00:00,,0,,,
b89e49f4-3254-4aed-a842-c90193366783,2026-06-01 12:00:00,,0,,,
b89e49f4-3254-4aed-a842-c90193366783,2026-06-01 15:00:00,,0,,,
b89e49f4-3254-4aed-a842-c90193366783,2026-06-01 18:00:00,,0,,,
b89e49f4-3254-4aed-a842-c90193366783,2026-06-01 21:00:00,,0,,,
b89e49f4-3254-4aed-a842-c90193366783,2026-06-02 09:00:00,,0,,,
b89e49f4-3254-4aed-a842-c90193366783,2026-06-02 12:00:00,,0,,,
b89e49f4-3254-4aed-a842-c90193366783,2026-06-02 15:00:00,,0,,,
b89e49f4-3254-4aed-a842-c90193366783,2026-06-02 18:00:00,,0,,,
b89e49f4-3254-4aed-a842-c90193366783,2026-06-02 21:00:00,,0,,,
b89e49f4-3254-4aed-a842-c90193366783,2026-06-03 09:00:00,,0,,,
b89e49f4-3254-4aed-a842-c90193366783,2026-06-03 12:00:00,,0,,,
b89e49f4-3254-4aed-a842-c90193366783,2026-06-03 15:00:00,,0,,,
b89e49f4-3254-4aed-a842-c90193366783,2026-06-03 18:00:00,,0,,,
b89e49f4-3254-4aed-a842-c90193366783,2026-06-03 21:00:00,,0,,,
b89e49f4-3254-4aed-a842-c90193366783,2026-06-04 09:00:00,,0,,,
b89e49f4-3254-4aed-a842-c90193366783,2026-06-04 12:00:00,,0,,,
b89e49f4-3254-4aed-a842-c90193366783,2026-06-04 15:00:00,,0,,,
b89e49f4-3254-4aed-a842-c90193366783,2026-06-04 18:00:00,,0,,,
b89e49f4-3254-4aed-a842-c90193366783,2026-06-04 21:00:00,,0,,,
b89e49f4-3254-4aed-a842-c90193366783,2026-06-05 09:00:00,,0,,,
b89e49f4-3254-4aed-a842-c90193366783,2026-06-05 12:00:00,,0,,,
b89e49f4-3254-4aed-a842-c90193366783,2026-06-05 15:00:00,,0,,,
b89e49f4-3254-4aed-a842-c90193366783,2026-06-05 18:00:00,,0,,,
b89e49f4-3254-4aed-a842-c90193366783,2026-06-05 21:00:00,,0,,,
b89e49f4-3254-4aed-a842-c90193366783,2026-06-06 09:00:00,,0,,,
b89e49f4-3254-4aed-a842-c90193366783,2026-06-06 12:00:00,,0,,,
b89e49f4-3254-4aed-a842-c90193366783,2026-06-06 15:00:00,,0,,,
b89e49f4-3254-4aed-a842-c90193366783,2026-06-06 18:00:00,,0,,,
b89e49f4-3254-4aed-a842-c90193366783,2026-06-06 21:00:00,,0,,,
b89e49f4-3254-4aed-a842-c90193366783,2026-06-07 09:00:00,,0,,,
b89e49f4-3254-4aed-a842-c90193366783,2026-06-07 12:00:00,,0,,,
b89e49f4-3254-4aed-a842-c90193366783,2026-06-07 15:00:00,,0,,,
b89e49f4-3254-4aed-a842-c90193366783,2026-06-07 18:00:00,,0,,,
b89e49f4-3254-4aed-a842-c90193366783,2026-06-07 21:00:00,,0,,,
b9d81571-ce2e-477c-9952-c3005d3973e5,2026-06-01 09:00:00,,0,,,
b9d81571-ce2e-477c-9952-c3005d3973e5,2026-06-01 12:00:00,,0,,,
b9d81571-ce2e-477c-9952-c3005d3973e5,2026-06-01 15:00:00,,0,,,
b9d81571-ce2e-477c-9952-c3005d3973e5,2026-06-01 18:00:00,,0,,,
b9d81571-ce2e-477c-9952-c3005d3973e5,2026-06-01 21:00:00,,0,,,
b9d81571-ce2e-477c-9952-c3005d3973e5,2026-06-02 09:00:00,,0,,,
b9d81571-ce2e-477c-9952-c3005d3973e5,2026-06-02 12:00:00,,0,,,
b9d81571-ce2e-477c-9952-c3005d3973e5,2026-06-02 15:00:00,,0,,,
b9d81571-ce2e-477c-9952-c3005d3973e5,2026-06-02 18:00:00,,0,,,
b9d81571-ce2e-477c-9952-c3005d3973e5,2026-06-02 21:00:00,,0,,,
b9d81571-ce2e-477c-9952-c3005d3973e5,2026-06-03 09:00:00,,0,,,
b9d81571-ce2e-477c-9952-c3005d3973e5,2026-06-03 12:00:00,,0,,,
b9d81571-ce2e-477c-9952-c3005d3973e5,2026-06-03 15:00:00,,0,,,
b9d81571-ce2e-477c-9952-c3005d3973e5,2026-06-03 18:00:00,,0,,,
b9d81571-ce2e-477c-9952-c3005d3973e5,2026-06-03 21:00:00,,0,,,
b9d81571-ce2e-477c-9952-c3005d3973e5,2026-06-04 09:00:00,,0,,,
b9d81571-ce2e-477c-9952-c3005d3973e5,2026-06-04 12:00:00,,0,,,
b9d81571-ce2e-477c-9952-c3005d3973e5,2026-06-04 15:00:00,,0,,,
b9d81571-ce2e-477c-9952-c3005d3973e5,2026-06-04 18:00:00,,0,,,
b9d81571-ce2e-477c-9952-c3005d3973e5,2026-06-04 21:00:00,,0,,,
b9d81571-ce2e-477c-9952-c3005d3973e5,2026-06-05 09:00:00,,0,,,
b9d81571-ce2e-477c-9952-c3005d3973e5,2026-06-05 12:00:00,,0,,,
b9d81571-ce2e-477c-9952-c3005d3973e5,2026-06-05 15:00:00,,0,,,
b9d81571-ce2e-477c-9952-c3005d3973e5,2026-06-05 18:00:00,,0,,,
b9d81571-ce2e-477c-9952-c3005d3973e5,2026-06-05 21:00:00,,0,,,
b9d81571-ce2e-477c-9952-c3005d3973e5,2026-06-06 09:00:00,,0,,,
b9d81571-ce2e-477c-9952-c3005d3973e5,2026-06-06 12:00:00,,0,,,
b9d81571-ce2e-477c-9952-c3005d3973e5,2026-06-06 15:00:00,,0,,,
b9d81571-ce2e-477c-9952-c3005d3973e5,2026-06-06 18:00:00,,0,,,
b9d81571-ce2e-477c-9952-c3005d3973e5,2026-06-06 21:00:00,,0,,,
b9d81571-ce2e-477c-9952-c3005d3973e5,2026-06-07 09:00:00,,0,,,
b9d81571-ce2e-477c-9952-c3005d3973e5,2026-06-07 12:00:00,,0,,,
b9d81571-ce2e-477c-9952-c3005d3973e5,2026-06-07 15:00:00,,0,,,
b9d81571-ce2e-477c-9952-c3005d3973e5,2026-06-07 18:00:00,,0,,,
b9d81571-ce2e-477c-9952-c3005d3973e5,2026-06-07 21:00:00,,0,,,
bd4794a9-3e5a-4d6c-9d21-c46945f5712a,2026-06-01 09:00:00,,0,,,
bd4794a9-3e5a-4d6c-9d21-c46945f5712a,2026-06-01 12:00:00,,0,,,
bd4794a9-3e5a-4d6c-9d21-c46945f5712a,2026-06-01 15:00:00,,0,,,
bd4794a9-3e5a-4d6c-9d21-c46945f5712a,2026-06-01 18:00:00,,0,,,
bd4794a9-3e5a-4d6c-9d21-c46945f5712a,2026-06-01 21:00:00,,0,,,
bd4794a9-3e5a-4d6c-9d21-c46945f5712a,2026-06-02 09:00:00,,0,,,
bd4794a9-3e5a-4d6c-9d21-c46945f5712a,2026-06-02 12:00:00,,0,,,
bd4794a9-3e5a-4d6c-9d21-c46945f5712a,2026-06-02 15:00:00,,0,,,
bd4794a9-3e5a-4d6c-9d21-c46945f5712a,2026-06-02 18:00:00,,0,,,
bd4794a9-3e5a-4d6c-9d21-c46945f5712a,2026-06-02 21:00:00,,0,,,
bd4794a9-3e5a-4d6c-9d21-c46945f5712a,2026-06-03 09:00:00,,0,,,
bd4794a9-3e5a-4d6c-9d21-c46945f5712a,2026-06-03 12:00:00,,0,,,
bd4794a9-3e5a-4d6c-9d21-c46945f5712a,2026-06-03 15:00:00,,0,,,
bd4794a9-3e5a-4d6c-9d21-c46945f5712a,2026-06-03 18:00:00,,0,,,
bd4794a9-3e5a-4d6c-9d21-c46945f5712a,2026-06-03 21:00:00,,0,,,
bd4794a9-3e5a-4d6c-9d21-c46945f5712a,2026-06-04 09:00:00,,0,,,
bd4794a9-3e5a-4d6c-9d21-c46945f5712a,2026-06-04 12:00:00,,0,,,
bd4794a9-3e5a-4d6c-9d21-c46945f5712a,2026-06-04 15:00:00,,0,,,
bd4794a9-3e5a-4d6c-9d21-c46945f5712a,2026-06-04 18:00:00,,0,,,
bd4794a9-3e5a-4d6c-9d21-c46945f5712a,2026-06-04 21:00:00,,0,,,
bd4794a9-3e5a-4d6c-9d21-c46945f5712a,2026-06-05 09:00:00,,0,,,
bd4794a9-3e5a-4d6c-9d21-c46945f5712a,2026-06-05 12:00:00,,0,,,
bd4794a9-3e5a-4d6c-9d21-c46945f5712a,2026-06-05 15:00:00,,0,,,
bd4794a9-3e5a-4d6c-9d21-c46945f5712a,2026-06-05 18:00:00,,0,,,
bd4794a9-3e5a-4d6c-9d21-c46945f5712a,2026-06-05 21:00:00,,0,,,
bd4794a9-3e5a-4d6c-9d21-c46945f5712a,2026-06-06 09:00:00,,0,,,
bd4794a9-3e5a-4d6c-9d21-c46945f5712a,2026-06-06 12:00:00,,0,,,
bd4794a9-3e5a-4d6c-9d21-c46945f5712a,2026-06-06 15:00:00,,0,,,
bd4794a9-3e5a-4d6c-9d21-c46945f5712a,2026-06-06 18:00:00,,0,,,
bd4794a9-3e5a-4d6c-9d21-c46945f5712a,2026-06-06 21:00:00,,0,,,
bd4794a9-3e5a-4d6c-9d21-c46945f5712a,2026-06-07 09:00:00,,0,,,
bd4794a9-3e5a-4d6c-9d21-c46945f5712a,2026-06-07 12:00:00,,0,,,
bd4794a9-3e5a-4d6c-9d21-c46945f5712a,2026-06-07 15:00:00,,0,,,
bd4794a9-3e5a-4d6c-9d21-c46945f5712a,2026-06-07 18:00:00,,0,,,
bd4794a9-3e5a-4d6c-9d21-c46945f5712a,2026-06-07 21:00:00,,0,,,
be24c563-cc7d-44dc-85f9-887bfed6eeae,2026-06-01 09:00:00,,0,,,
be24c563-cc7d-44dc-85f9-887bfed6eeae,2026-06-01 12:00:00,,0,,,
be24c563-cc7d-44dc-85f9-887bfed6eeae,2026-06-01 15:00:00,,0,,,
be24c563-cc7d-44dc-85f9-887bfed6eeae,2026-06-01 18:00:00,,0,,,
be24c563-cc7d-44dc-85f9-887bfed6eeae,2026-06-01 21:00:00,,0,,,
be24c563-cc7d-44dc-85f9-887bfed6eeae,2026-06-02 09:00:00,,0,,,
be24c563-cc7d-44dc-85f9-887bfed6eeae,2026-06-02 12:00:00,,0,,,
be24c563-cc7d-44dc-85f9-887bfed6eeae,2026-06-02 15:00:00,,0,,,
be24c563-cc7d-44dc-85f9-887bfed6eeae,2026-06-02 18:00:00,,0,,,
be24c563-cc7d-44dc-85f9-887bfed6eeae,2026-06-02 21:00:00,,0,,,
be24c563-cc7d-44dc-85f9-887bfed6eeae,2026-06-03 09:00:00,,0,,,
be24c563-cc7d-44dc-85f9-887bfed6eeae,2026-06-03 12:00:00,,0,,,
be24c563-cc7d-44dc-85f9-887bfed6eeae,2026-06-03 15:00:00,,0,,,
be24c563-cc7d-44dc-85f9-887bfed6eeae,2026-06-03 18:00:00,,0,,,
be24c563-cc7d-44dc-85f9-887bfed6eeae,2026-06-03 21:00:00,,0,,,
be24c563-cc7d-44dc-85f9-887bfed6eeae,2026-06-04 09:00:00,,0,,,
be24c563-cc7d-44dc-85f9-887bfed6eeae,2026-06-04 12:00:00,,0,,,
be24c563-cc7d-44dc-85f9-887bfed6eeae,2026-06-04 15:00:00,,0,,,
be24c563-cc7d-44dc-85f9-887bfed6eeae,2026-06-04 18:00:00,,0,,,
be24c563-cc7d-44dc-85f9-887bfed6eeae,2026-06-04 21:00:00,,0,,,
be24c563-cc7d-44dc-85f9-887bfed6eeae,2026-06-05 09:00:00,,0,,,
be24c563-cc7d-44dc-85f9-887bfed6eeae,2026-06-05 12:00:00,,0,,,
be24c563-cc7d-44dc-85f9-887bfed6eeae,2026-06-05 15:00:00,,0,,,
be24c563-cc7d-44dc-85f9-887bfed6eeae,2026-06-05 18:00:00,,0,,,
be24c563-cc7d-44dc-85f9-887bfed6eeae,2026-06-05 21:00:00,,0,,,
be24c563-cc7d-44dc-85f9-887bfed6eeae,2026-06-06 09:00:00,,0,,,
be24c563-cc7d-44dc-85f9-887bfed6eeae,2026-06-06 12:00:00,,0,,,
be24c563-cc7d-44dc-85f9-887bfed6eeae,2026-06-06 15:00:00,,0,,,
be24c563-cc7d-44dc-85f9-887bfed6eeae,2026-06-06 18:00:00,,0,,,
be24c563-cc7d-44dc-85f9-887bfed6eeae,2026-06-06 21:00:00,,0,,,
be24c563-cc7d-44dc-85f9-887bfed6eeae,2026-06-07 09:00:00,,0,,,
be24c563-cc7d-44dc-85f9-887bfed6eeae,2026-06-07 12:00:00,,0,,,
be24c563-cc7d-44dc-85f9-887bfed6eeae,2026-06-07 15:00:00,,0,,,
be24c563-cc7d-44dc-85f9-887bfed6eeae,2026-06-07 18:00:00,,0,,,
be24c563-cc7d-44dc-85f9-887bfed6eeae,2026-06-07 21:00:00,,0,,,
be61fc7b-4560-469a-822f-cf7e9ba44468,2026-06-01 09:00:00,,0,,,
be61fc7b-4560-469a-822f-cf7e9ba44468,2026-06-01 12:00:00,,0,,,
be61fc7b-4560-469a-822f-cf7e9ba44468,2026-06-01 15:00:00,,0,,,
be61fc7b-4560-469a-822f-cf7e9ba44468,2026-06-01 18:00:00,,0,,,
be61fc7b-4560-469a-822f-cf7e9ba44468,2026-06-01 21:00:00,,0,,,
be61fc7b-4560-469a-822f-cf7e9ba44468,2026-06-02 09:00:00,,0,,,
be61fc7b-4560-469a-822f-cf7e9ba44468,2026-06-02 12:00:00,,0,,,
be61fc7b-4560-469a-822f-cf7e9ba44468,2026-06-02 15:00:00,,0,,,
be61fc7b-4560-469a-822f-cf7e9ba44468,2026-06-02 18:00:00,,0,,,
be61fc7b-4560-469a-822f-cf7e9ba44468,2026-06-02 21:00:00,,0,,,
be61fc7b-4560-469a-822f-cf7e9ba44468,2026-06-03 09:00:00,,0,,,
be61fc7b-4560-469a-822f-cf7e9ba44468,2026-06-03 12:00:00,,0,,,
be61fc7b-4560-469a-822f-cf7e9ba44468,2026-06-03 15:00:00,,0,,,
be61fc7b-4560-469a-822f-cf7e9ba44468,2026-06-03 18:00:00,,0,,,
be61fc7b-4560-469a-822f-cf7e9ba44468,2026-06-03 21:00:00,,0,,,
be61fc7b-4560-469a-822f-cf7e9ba44468,2026-06-04 09:00:00,,0,,,
be61fc7b-4560-469a-822f-cf7e9ba44468,2026-06-04 12:00:00,,0,,,
be61fc7b-4560-469a-822f-cf7e9ba44468,2026-06-04 15:00:00,,0,,,
be61fc7b-4560-469a-822f-cf7e9ba44468,2026-06-04 18:00:00,,0,,,
be61fc7b-4560-469a-822f-cf7e9ba44468,2026-06-04 21:00:00,,0,,,
be61fc7b-4560-469a-822f-cf7e9ba44468,2026-06-05 09:00:00,,0,,,
be61fc7b-4560-469a-822f-cf7e9ba44468,2026-06-05 12:00:00,,0,,,
be61fc7b-4560-469a-822f-cf7e9ba44468,2026-06-05 15:00:00,,0,,,
be61fc7b-4560-469a-822f-cf7e9ba44468,2026-06-05 18:00:00,,0,,,
be61fc7b-4560-469a-822f-cf7e9ba44468,2026-06-05 21:00:00,,0,,,
be61fc7b-4560-469a-822f-cf7e9ba44468,2026-06-06 09:00:00,,0,,,
be61fc7b-4560-469a-822f-cf7e9ba44468,2026-06-06 12:00:00,,0,,,
be61fc7b-4560-469a-822f-cf7e9ba44468,2026-06-06 15:00:00,,0,,,
be61fc7b-4560-469a-822f-cf7e9ba44468,2026-06-06 18:00:00,,0,,,
be61fc7b-4560-469a-822f-cf7e9ba44468,2026-06-06 21:00:00,,0,,,
be61fc7b-4560-469a-822f-cf7e9ba44468,2026-06-07 09:00:00,,0,,,
be61fc7b-4560-469a-822f-cf7e9ba44468,2026-06-07 12:00:00,,0,,,
be61fc7b-4560-469a-822f-cf7e9ba44468,2026-06-07 15:00:00,,0,,,
be61fc7b-4560-469a-822f-cf7e9ba44468,2026-06-07 18:00:00,,0,,,
be61fc7b-4560-469a-822f-cf7e9ba44468,2026-06-07 21:00:00,,0,,,
cac0eed5-50c6-4ef3-b1a2-3880d6921cf3,2026-06-01 09:00:00,,0,,,
cac0eed5-50c6-4ef3-b1a2-3880d6921cf3,2026-06-01 12:00:00,,0,,,
cac0eed5-50c6-4ef3-b1a2-3880d6921cf3,2026-06-01 15:00:00,,0,,,
cac0eed5-50c6-4ef3-b1a2-3880d6921cf3,2026-06-01 18:00:00,,0,,,
cac0eed5-50c6-4ef3-b1a2-3880d6921cf3,2026-06-01 21:00:00,,0,,,
cac0eed5-50c6-4ef3-b1a2-3880d6921cf3,2026-06-02 09:00:00,,0,,,
cac0eed5-50c6-4ef3-b1a2-3880d6921cf3,2026-06-02 12:00:00,,0,,,
cac0eed5-50c6-4ef3-b1a2-3880d6921cf3,2026-06-02 15:00:00,,0,,,
cac0eed5-50c6-4ef3-b1a2-3880d6921cf3,2026-06-02 18:00:00,,0,,,
cac0eed5-50c6-4ef3-b1a2-3880d6921cf3,2026-06-02 21:00:00,,0,,,
cac0eed5-50c6-4ef3-b1a2-3880d6921cf3,2026-06-03 09:00:00,,0,,,
cac0eed5-50c6-4ef3-b1a2-3880d6921cf3,2026-06-03 12:00:00,,0,,,
cac0eed5-50c6-4ef3-b1a2-3880d6921cf3,2026-06-03 15:00:00,,0,,,
cac0eed5-50c6-4ef3-b1a2-3880d6921cf3,2026-06-03 18:00:00,,0,,,
cac0eed5-50c6-4ef3-b1a2-3880d6921cf3,2026-06-03 21:00:00,,0,,,
cac0eed5-50c6-4ef3-b1a2-3880d6921cf3,2026-06-04 09:00:00,,0,,,
cac0eed5-50c6-4ef3-b1a2-3880d6921cf3,2026-06-04 12:00:00,,0,,,
cac0eed5-50c6-4ef3-b1a2-3880d6921cf3,2026-06-04 15:00:00,,0,,,
cac0eed5-50c6-4ef3-b1a2-3880d6921cf3,2026-06-04 18:00:00,,0,,,
cac0eed5-50c6-4ef3-b1a2-3880d6921cf3,2026-06-04 21:00:00,,0,,,
cac0eed5-50c6-4ef3-b1a2-3880d6921cf3,2026-06-05 09:00:00,,0,,,
cac0eed5-50c6-4ef3-b1a2-3880d6921cf3,2026-06-05 12:00:00,,0,,,
cac0eed5-50c6-4ef3-b1a2-3880d6921cf3,2026-06-05 15:00:00,,0,,,
cac0eed5-50c6-4ef3-b1a2-3880d6921cf3,2026-06-05 18:00:00,,0,,,
cac0eed5-50c6-4ef3-b1a2-3880d6921cf3,2026-06-05 21:00:00,,0,,,
cac0eed5-50c6-4ef3-b1a2-3880d6921cf3,2026-06-06 09:00:00,,0,,,
cac0eed5-50c6-4ef3-b1a2-3880d6921cf3,2026-06-06 12:00:00,,0,,,
cac0eed5-50c6-4ef3-b1a2-3880d6921cf3,2026-06-06 15:00:00,,0,,,
cac0eed5-50c6-4ef3-b1a2-3880d6921cf3,2026-06-06 18:00:00,,0,,,
cac0eed5-50c6-4ef3-b1a2-3880d6921cf3,2026-06-06 21:00:00,,0,,,
cac0eed5-50c6-4ef3-b1a2-3880d6921cf3,2026-06-07 09:00:00,,0,,,
cac0eed5-50c6-4ef3-b1a2-3880d6921cf3,2026-06-07 12:00:00,,0,,,
cac0eed5-50c6-4ef3-b1a2-3880d6921cf3,2026-06-07 15:00:00,,0,,,
cac0eed5-50c6-4ef3-b1a2-3880d6921cf3,2026-06-07 18:00:00,,0,,,
cac0eed5-50c6-4ef3-b1a2-3880d6921cf3,2026-06-07 21:00:00,,0,,,
ced8a2b5-5644-458d-9d9c-42fccd4878d6,2026-06-01 09:00:00,,0,,,
ced8a2b5-5644-458d-9d9c-42fccd4878d6,2026-06-01 12:00:00,,0,,,
ced8a2b5-5644-458d-9d9c-42fccd4878d6,2026-06-01 15:00:00,,0,,,
ced8a2b5-5644-458d-9d9c-42fccd4878d6,2026-06-01 18:00:00,,0,,,
ced8a2b5-5644-458d-9d9c-42fccd4878d6,2026-06-01 21:00:00,,0,,,
ced8a2b5-5644-458d-9d9c-42fccd4878d6,2026-06-02 09:00:00,,0,,,
ced8a2b5-5644-458d-9d9c-42fccd4878d6,2026-06-02 12:00:00,,0,,,
ced8a2b5-5644-458d-9d9c-42fccd4878d6,2026-06-02 15:00:00,,0,,,
ced8a2b5-5644-458d-9d9c-42fccd4878d6,2026-06-02 18:00:00,,0,,,
ced8a2b5-5644-458d-9d9c-42fccd4878d6,2026-06-02 21:00:00,,0,,,
ced8a2b5-5644-458d-9d9c-42fccd4878d6,2026-06-03 09:00:00,,0,,,
ced8a2b5-5644-458d-9d9c-42fccd4878d6,2026-06-03 12:00:00,,0,,,
ced8a2b5-5644-458d-9d9c-42fccd4878d6,2026-06-03 15:00:00,,0,,,
ced8a2b5-5644-458d-9d9c-42fccd4878d6,2026-06-03 18:00:00,,0,,,
ced8a2b5-5644-458d-9d9c-42fccd4878d6,2026-06-03 21:00:00,,0,,,
ced8a2b5-5644-458d-9d9c-42fccd4878d6,2026-06-04 09:00:00,,0,,,
ced8a2b5-5644-458d-9d9c-42fccd4878d6,2026-06-04 12:00:00,,0,,,
ced8a2b5-5644-458d-9d9c-42fccd4878d6,2026-06-04 15:00:00,,0,,,
ced8a2b5-5644-458d-9d9c-42fccd4878d6,2026-06-04 18:00:00,,0,,,
ced8a2b5-5644-458d-9d9c-42fccd4878d6,2026-06-04 21:00:00,,0,,,
ced8a2b5-5644-458d-9d9c-42fccd4878d6,2026-06-05 09:00:00,,0,,,
ced8a2b5-5644-458d-9d9c-42fccd4878d6,2026-06-05 12:00:00,,0,,,
ced8a2b5-5644-458d-9d9c-42fccd4878d6,2026-06-05 15:00:00,,0,,,
ced8a2b5-5644-458d-9d9c-42fccd4878d6,2026-06-05 18:00:00,,0,,,
ced8a2b5-5644-458d-9d9c-42fccd4878d6,2026-06-05 21:00:00,,0,,,
ced8a2b5-5644-458d-9d9c-42fccd4878d6,2026-06-06 09:00:00,,0,,,
ced8a2b5-5644-458d-9d9c-42fccd4878d6,2026-06-06 12:00:00,,0,,,
ced8a2b5-5644-458d-9d9c-42fccd4878d6,2026-06-06 15:00:00,,0,,,
ced8a2b5-5644-458d-9d9c-42fccd4878d6,2026-06-06 18:00:00,,0,,,
ced8a2b5-5644-458d-9d9c-42fccd4878d6,2026-06-06 21:00:00,,0,,,
ced8a2b5-5644-458d-9d9c-42fccd4878d6,2026-06-07 09:00:00,,0,,,
ced8a2b5-5644-458d-9d9c-42fccd4878d6,2026-06-07 12:00:00,,0,,,
ced8a2b5-5644-458d-9d9c-42fccd4878d6,2026-06-07 15:00:00,,0,,,
ced8a2b5-5644-458d-9d9c-42fccd4878d6,2026-06-07 18:00:00,,0,,,
ced8a2b5-5644-458d-9d9c-42fccd4878d6,2026-06-07 21:00:00,,0,,,
d27bf6e7-d792-4df2-b45e-41c072530778,2026-06-01 09:00:00,,0,,,
d27bf6e7-d792-4df2-b45e-41c072530778,2026-06-01 12:00:00,,0,,,
d27bf6e7-d792-4df2-b45e-41c072530778,2026-06-01 15:00:00,,0,,,
d27bf6e7-d792-4df2-b45e-41c072530778,2026-06-01 18:00:00,,0,,,
d27bf6e7-d792-4df2-b45e-41c072530778,2026-06-01 21:00:00,,0,,,
d27bf6e7-d792-4df2-b45e-41c072530778,2026-06-02 09:00:00,,0,,,
d27bf6e7-d792-4df2-b45e-41c072530778,2026-06-02 12:00:00,,0,,,
d27bf6e7-d792-4df2-b45e-41c072530778,2026-06-02 15:00:00,,0,,,
d27bf6e7-d792-4df2-b45e-41c072530778,2026-06-02 18:00:00,,0,,,
d27bf6e7-d792-4df2-b45e-41c072530778,2026-06-02 21:00:00,,0,,,
d27bf6e7-d792-4df2-b45e-41c072530778,2026-06-03 09:00:00,,0,,,
d27bf6e7-d792-4df2-b45e-41c072530778,2026-06-03 12:00:00,,0,,,
d27bf6e7-d792-4df2-b45e-41c072530778,2026-06-03 15:00:00,,0,,,
d27bf6e7-d792-4df2-b45e-41c072530778,2026-06-03 18:00:00,,0,,,
d27bf6e7-d792-4df2-b45e-41c072530778,2026-06-03 21:00:00,,0,,,
d27bf6e7-d792-4df2-b45e-41c072530778,2026-06-04 09:00:00,,0,,,
d27bf6e7-d792-4df2-b45e-41c072530778,2026-06-04 12:00:00,,0,,,
d27bf6e7-d792-4df2-b45e-41c072530778,2026-06-04 15:00:00,,0,,,
d27bf6e7-d792-4df2-b45e-41c072530778,2026-06-04 18:00:00,,0,,,
d27bf6e7-d792-4df2-b45e-41c072530778,2026-06-04 21:00:00,,0,,,
d27bf6e7-d792-4df2-b45e-41c072530778,2026-06-05 09:00:00,,0,,,
d27bf6e7-d792-4df2-b45e-41c072530778,2026-06-05 12:00:00,,0,,,
d27bf6e7-d792-4df2-b45e-41c072530778,2026-06-05 15:00:00,,0,,,
d27bf6e7-d792-4df2-b45e-41c072530778,2026-06-05 18:00:00,,0,,,
d27bf6e7-d792-4df2-b45e-41c072530778,2026-06-05 21:00:00,,0,,,
d27bf6e7-d792-4df2-b45e-41c072530778,2026-06-06 09:00:00,,0,,,
d27bf6e7-d792-4df2-b45e-41c072530778,2026-06-06 12:00:00,,0,,,
d27bf6e7-d792-4df2-b45e-41c072530778,2026-06-06 15:00:00,,0,,,
d27bf6e7-d792-4df2-b45e-41c072530778,2026-06-06 18:00:00,,0,,,
d27bf6e7-d792-4df2-b45e-41c072530778,2026-06-06 21:00:00,,0,,,
d27bf6e7-d792-4df2-b45e-41c072530778,2026-06-07 09:00:00,,0,,,
d27bf6e7-d792-4df2-b45e-41c072530778,2026-06-07 12:00:00,,0,,,
d27bf6e7-d792-4df2-b45e-41c072530778,2026-06-07 15:00:00,,0,,,
d27bf6e7-d792-4df2-b45e-41c072530778,2026-06-07 18:00:00,,0,,,
d27bf6e7-d792-4df2-b45e-41c072530778,2026-06-07 21:00:00,,0,,,
d7fbd485-f293-4071-bb0e-4c1d512acfc2,2026-06-01 09:00:00,,0,,,
d7fbd485-f293-4071-bb0e-4c1d512acfc2,2026-06-01 12:00:00,,0,,,
d7fbd485-f293-4071-bb0e-4c1d512acfc2,2026-06-01 15:00:00,,0,,,
d7fbd485-f293-4071-bb0e-4c1d512acfc2,2026-06-01 18:00:00,,0,,,
d7fbd485-f293-4071-bb0e-4c1d512acfc2,2026-06-01 21:00:00,,0,,,
d7fbd485-f293-4071-bb0e-4c1d512acfc2,2026-06-02 09:00:00,,0,,,
d7fbd485-f293-4071-bb0e-4c1d512acfc2,2026-06-02 12:00:00,,0,,,
d7fbd485-f293-4071-bb0e-4c1d512acfc2,2026-06-02 15:00:00,,0,,,
d7fbd485-f293-4071-bb0e-4c1d512acfc2,2026-06-02 18:00:00,,0,,,
d7fbd485-f293-4071-bb0e-4c1d512acfc2,2026-06-02 21:00:00,,0,,,
d7fbd485-f293-4071-bb0e-4c1d512acfc2,2026-06-03 09:00:00,,0,,,
d7fbd485-f293-4071-bb0e-4c1d512acfc2,2026-06-03 12:00:00,,0,,,
d7fbd485-f293-4071-bb0e-4c1d512acfc2,2026-06-03 15:00:00,,0,,,
d7fbd485-f293-4071-bb0e-4c1d512acfc2,2026-06-03 18:00:00,,0,,,
d7fbd485-f293-4071-bb0e-4c1d512acfc2,2026-06-03 21:00:00,,0,,,
d7fbd485-f293-4071-bb0e-4c1d512acfc2,2026-06-04 09:00:00,,0,,,
d7fbd485-f293-4071-bb0e-4c1d512acfc2,2026-06-04 12:00:00,,0,,,
d7fbd485-f293-4071-bb0e-4c1d512acfc2,2026-06-04 15:00:00,,0,,,
d7fbd485-f293-4071-bb0e-4c1d512acfc2,2026-06-04 18:00:00,,0,,,
d7fbd485-f293-4071-bb0e-4c1d512acfc2,2026-06-04 21:00:00,,0,,,
d7fbd485-f293-4071-bb0e-4c1d512acfc2,2026-06-05 09:00:00,,0,,,
d7fbd485-f293-4071-bb0e-4c1d512acfc2,2026-06-05 12:00:00,,0,,,
d7fbd485-f293-4071-bb0e-4c1d512acfc2,2026-06-05 15:00:00,,0,,,
d7fbd485-f293-4071-bb0e-4c1d512acfc2,2026-06-05 18:00:00,,0,,,
d7fbd485-f293-4071-bb0e-4c1d512acfc2,2026-06-05 21:00:00,,0,,,
d7fbd485-f293-4071-bb0e-4c1d512acfc2,2026-06-06 09:00:00,,0,,,
d7fbd485-f293-4071-bb0e-4c1d512acfc2,2026-06-06 12:00:00,,0,,,
d7fbd485-f293-4071-bb0e-4c1d512acfc2,2026-06-06 15:00:00,,0,,,
d7fbd485-f293-4071-bb0e-4c1d512acfc2,2026-06-06 18:00:00,,0,,,
d7fbd485-f293-4071-bb0e-4c1d512acfc2,2026-06-06 21:00:00,,0,,,
d7fbd485-f293-4071-bb0e-4c1d512acfc2,2026-06-07 09:00:00,,0,,,
d7fbd485-f293-4071-bb0e-4c1d512acfc2,2026-06-07 12:00:00,,0,,,
d7fbd485-f293-4071-bb0e-4c1d512acfc2,2026-06-07 15:00:00,,0,,,
d7fbd485-f293-4071-bb0e-4c1d512acfc2,2026-06-07 18:00:00,,0,,,
d7fbd485-f293-4071-bb0e-4c1d512acfc2,2026-06-07 21:00:00,,0,,,
dac91791-c7c0-488f-9211-4d66a11c57ae,2026-06-01 09:00:00,,0,,,
dac91791-c7c0-488f-9211-4d66a11c57ae,2026-06-01 12:00:00,,0,,,
dac91791-c7c0-488f-9211-4d66a11c57ae,2026-06-01 15:00:00,,0,,,
dac91791-c7c0-488f-9211-4d66a11c57ae,2026-06-01 18:00:00,,0,,,
dac91791-c7c0-488f-9211-4d66a11c57ae,2026-06-01 21:00:00,,0,,,
dac91791-c7c0-488f-9211-4d66a11c57ae,2026-06-02 09:00:00,,0,,,
dac91791-c7c0-488f-9211-4d66a11c57ae,2026-06-02 12:00:00,,0,,,
dac91791-c7c0-488f-9211-4d66a11c57ae,2026-06-02 15:00:00,,0,,,
dac91791-c7c0-488f-9211-4d66a11c57ae,2026-06-02 18:00:00,,0,,,
dac91791-c7c0-488f-9211-4d66a11c57ae,2026-06-02 21:00:00,,0,,,
dac91791-c7c0-488f-9211-4d66a11c57ae,2026-06-03 09:00:00,,0,,,
dac91791-c7c0-488f-9211-4d66a11c57ae,2026-06-03 12:00:00,,0,,,
dac91791-c7c0-488f-9211-4d66a11c57ae,2026-06-03 15:00:00,,0,,,
dac91791-c7c0-488f-9211-4d66a11c57ae,2026-06-03 18:00:00,,0,,,
dac91791-c7c0-488f-9211-4d66a11c57ae,2026-06-03 21:00:00,,0,,,
dac91791-c7c0-488f-9211-4d66a11c57ae,2026-06-04 09:00:00,,0,,,
dac91791-c7c0-488f-9211-4d66a11c57ae,2026-06-04 12:00:00,,0,,,
dac91791-c7c0-488f-9211-4d66a11c57ae,2026-06-04 15:00:00,,0,,,
dac91791-c7c0-488f-9211-4d66a11c57ae,2026-06-04 18:00:00,,0,,,
dac91791-c7c0-488f-9211-4d66a11c57ae,2026-06-04 21:00:00,,0,,,
dac91791-c7c0-488f-9211-4d66a11c57ae,2026-06-05 09:00:00,,0,,,
dac91791-c7c0-488f-9211-4d66a11c57ae,2026-06-05 12:00:00,,0,,,
dac91791-c7c0-488f-9211-4d66a11c57ae,2026-06-05 15:00:00,,0,,,
dac91791-c7c0-488f-9211-4d66a11c57ae,2026-06-05 18:00:00,,0,,,
dac91791-c7c0-488f-9211-4d66a11c57ae,2026-06-05 21:00:00,,0,,,
dac91791-c7c0-488f-9211-4d66a11c57ae,2026-06-06 09:00:00,,0,,,
dac91791-c7c0-488f-9211-4d66a11c57ae,2026-06-06 12:00:00,,0,,,
dac91791-c7c0-488f-9211-4d66a11c57ae,2026-06-06 15:00:00,,0,,,
dac91791-c7c0-488f-9211-4d66a11c57ae,2026-06-06 18:00:00,,0,,,
dac91791-c7c0-488f-9211-4d66a11c57ae,2026-06-06 21:00:00,,0,,,
dac91791-c7c0-488f-9211-4d66a11c57ae,2026-06-07 09:00:00,,0,,,
dac91791-c7c0-488f-9211-4d66a11c57ae,2026-06-07 12:00:00,,0,,,
dac91791-c7c0-488f-9211-4d66a11c57ae,2026-06-07 15:00:00,,0,,,
dac91791-c7c0-488f-9211-4d66a11c57ae,2026-06-07 18:00:00,,0,,,
dac91791-c7c0-488f-9211-4d66a11c57ae,2026-06-07 21:00:00,,0,,,
dd81e009-24d6-4823-a305-2729952793e4,2026-06-01 09:00:00,,0,,,
dd81e009-24d6-4823-a305-2729952793e4,2026-06-01 12:00:00,,0,,,
dd81e009-24d6-4823-a305-2729952793e4,2026-06-01 15:00:00,,0,,,
dd81e009-24d6-4823-a305-2729952793e4,2026-06-01 18:00:00,,0,,,
dd81e009-24d6-4823-a305-2729952793e4,2026-06-01 21:00:00,,0,,,
dd81e009-24d6-4823-a305-2729952793e4,2026-06-02 09:00:00,,0,,,
dd81e009-24d6-4823-a305-2729952793e4,2026-06-02 12:00:00,,0,,,
dd81e009-24d6-4823-a305-2729952793e4,2026-06-02 15:00:00,,0,,,
dd81e009-24d6-4823-a305-2729952793e4,2026-06-02 18:00:00,,0,,,
dd81e009-24d6-4823-a305-2729952793e4,2026-06-02 21:00:00,,0,,,
dd81e009-24d6-4823-a305-2729952793e4,2026-06-03 09:00:00,,0,,,
dd81e009-24d6-4823-a305-2729952793e4,2026-06-03 12:00:00,,0,,,
dd81e009-24d6-4823-a305-2729952793e4,2026-06-03 15:00:00,,0,,,
dd81e009-24d6-4823-a305-2729952793e4,2026-06-03 18:00:00,,0,,,
dd81e009-24d6-4823-a305-2729952793e4,2026-06-03 21:00:00,,0,,,
dd81e009-24d6-4823-a305-2729952793e4,2026-06-04 09:00:00,,0,,,
dd81e009-24d6-4823-a305-2729952793e4,2026-06-04 12:00:00,,0,,,
dd81e009-24d6-4823-a305-2729952793e4,2026-06-04 15:00:00,,0,,,
dd81e009-24d6-4823-a305-2729952793e4,2026-06-04 18:00:00,,0,,,
dd81e009-24d6-4823-a305-2729952793e4,2026-06-04 21:00:00,,0,,,
dd81e009-24d6-4823-a305-2729952793e4,2026-06-05 09:00:00,,0,,,
dd81e009-24d6-4823-a305-2729952793e4,2026-06-05 12:00:00,,0,,,
dd81e009-24d6-4823-a305-2729952793e4,2026-06-05 15:00:00,,0,,,
dd81e009-24d6-4823-a305-2729952793e4,2026-06-05 18:00:00,,0,,,
dd81e009-24d6-4823-a305-2729952793e4,2026-06-05 21:00:00,,0,,,
dd81e009-24d6-4823-a305-2729952793e4,2026-06-06 09:00:00,,0,,,
dd81e009-24d6-4823-a305-2729952793e4,2026-06-06 12:00:00,,0,,,
dd81e009-24d6-4823-a305-2729952793e4,2026-06-06 15:00:00,,0,,,
dd81e009-24d6-4823-a305-2729952793e4,2026-06-06 18:00:00,,0,,,
dd81e009-24d6-4823-a305-2729952793e4,2026-06-06 21:00:00,,0,,,
dd81e009-24d6-4823-a305-2729952793e4,2026-06-07 09:00:00,,0,,,
dd81e009-24d6-4823-a305-2729952793e4,2026-06-07 12:00:00,,0,,,
dd81e009-24d6-4823-a305-2729952793e4,2026-06-07 15:00:00,,0,,,
dd81e009-24d6-4823-a305-2729952793e4,2026-06-07 18:00:00,,0,,,
dd81e009-24d6-4823-a305-2729952793e4,2026-06-07 21:00:00,,0,,,
dec19413-bdc0-40b8-a581-f378478a4758,2026-06-01 09:00:00,,0,,,
dec19413-bdc0-40b8-a581-f378478a4758,2026-06-01 12:00:00,,0,,,
dec19413-bdc0-40b8-a581-f378478a4758,2026-06-01 15:00:00,,0,,,
dec19413-bdc0-40b8-a581-f378478a4758,2026-06-01 18:00:00,,0,,,
dec19413-bdc0-40b8-a581-f378478a4758,2026-06-01 21:00:00,,0,,,
dec19413-bdc0-40b8-a581-f378478a4758,2026-06-02 09:00:00,,0,,,
dec19413-bdc0-40b8-a581-f378478a4758,2026-06-02 12:00:00,,0,,,
dec19413-bdc0-40b8-a581-f378478a4758,2026-06-02 15:00:00,,0,,,
dec19413-bdc0-40b8-a581-f378478a4758,2026-06-02 18:00:00,,0,,,
dec19413-bdc0-40b8-a581-f378478a4758,2026-06-02 21:00:00,,0,,,
dec19413-bdc0-40b8-a581-f378478a4758,2026-06-03 09:00:00,,0,,,
dec19413-bdc0-40b8-a581-f378478a4758,2026-06-03 12:00:00,,0,,,
dec19413-bdc0-40b8-a581-f378478a4758,2026-06-03 15:00:00,,0,,,
dec19413-bdc0-40b8-a581-f378478a4758,2026-06-03 18:00:00,,0,,,
dec19413-bdc0-40b8-a581-f378478a4758,2026-06-03 21:00:00,,0,,,
dec19413-bdc0-40b8-a581-f378478a4758,2026-06-04 09:00:00,,0,,,
dec19413-bdc0-40b8-a581-f378478a4758,2026-06-04 12:00:00,,0,,,
dec19413-bdc0-40b8-a581-f378478a4758,2026-06-04 15:00:00,,0,,,
dec19413-bdc0-40b8-a581-f378478a4758,2026-06-04 18:00:00,,0,,,
dec19413-bdc0-40b8-a581-f378478a4758,2026-06-04 21:00:00,,0,,,
dec19413-bdc0-40b8-a581-f378478a4758,2026-06-05 09:00:00,,0,,,
dec19413-bdc0-40b8-a581-f378478a4758,2026-06-05 12:00:00,,0,,,
dec19413-bdc0-40b8-a581-f378478a4758,2026-06-05 15:00:00,,0,,,
dec19413-bdc0-40b8-a581-f378478a4758,2026-06-05 18:00:00,,0,,,
dec19413-bdc0-40b8-a581-f378478a4758,2026-06-05 21:00:00,,0,,,
dec19413-bdc0-40b8-a581-f378478a4758,2026-06-06 09:00:00,,0,,,
dec19413-bdc0-40b8-a581-f378478a4758,2026-06-06 12:00:00,,0,,,
dec19413-bdc0-40b8-a581-f378478a4758,2026-06-06 15:00:00,,0,,,
dec19413-bdc0-40b8-a581-f378478a4758,2026-06-06 18:00:00,,0,,,
dec19413-bdc0-40b8-a581-f378478a4758,2026-06-06 21:00:00,,0,,,
dec19413-bdc0-40b8-a581-f378478a4758,2026-06-07 09:00:00,,0,,,
dec19413-bdc0-40b8-a581-f378478a4758,2026-06-07 12:00:00,,0,,,
dec19413-bdc0-40b8-a581-f378478a4758,2026-06-07 15:00:00,,0,,,
dec19413-bdc0-40b8-a581-f378478a4758,2026-06-07 18:00:00,,0,,,
dec19413-bdc0-40b8-a581-f378478a4758,2026-06-07 21:00:00,,0,,,
e0e4be89-83db-4b36-9be2-51150fe0f370,2026-06-01 09:00:00,,0,,,
e0e4be89-83db-4b36-9be2-51150fe0f370,2026-06-01 12:00:00,,0,,,
e0e4be89-83db-4b36-9be2-51150fe0f370,2026-06-01 15:00:00,,0,,,
e0e4be89-83db-4b36-9be2-51150fe0f370,2026-06-01 18:00:00,,0,,,
e0e4be89-83db-4b36-9be2-51150fe0f370,2026-06-01 21:00:00,,0,,,
e0e4be89-83db-4b36-9be2-51150fe0f370,2026-06-02 09:00:00,,0,,,
e0e4be89-83db-4b36-9be2-51150fe0f370,2026-06-02 12:00:00,,0,,,
e0e4be89-83db-4b36-9be2-51150fe0f370,2026-06-02 15:00:00,,0,,,
e0e4be89-83db-4b36-9be2-51150fe0f370,2026-06-02 18:00:00,,0,,,
e0e4be89-83db-4b36-9be2-51150fe0f370,2026-06-02 21:00:00,,0,,,
e0e4be89-83db-4b36-9be2-51150fe0f370,2026-06-03 09:00:00,,0,,,
e0e4be89-83db-4b36-9be2-51150fe0f370,2026-06-03 12:00:00,,0,,,
e0e4be89-83db-4b36-9be2-51150fe0f370,2026-06-03 15:00:00,,0,,,
e0e4be89-83db-4b36-9be2-51150fe0f370,2026-06-03 18:00:00,,0,,,
e0e4be89-83db-4b36-9be2-51150fe0f370,2026-06-03 21:00:00,,0,,,
e0e4be89-83db-4b36-9be2-51150fe0f370,2026-06-04 09:00:00,,0,,,
e0e4be89-83db-4b36-9be2-51150fe0f370,2026-06-04 12:00:00,,0,,,
e0e4be89-83db-4b36-9be2-51150fe0f370,2026-06-04 15:00:00,,0,,,
e0e4be89-83db-4b36-9be2-51150fe0f370,2026-06-04 18:00:00,,0,,,
e0e4be89-83db-4b36-9be2-51150fe0f370,2026-06-04 21:00:00,,0,,,
e0e4be89-83db-4b36-9be2-51150fe0f370,2026-06-05 09:00:00,,0,,,
e0e4be89-83db-4b36-9be2-51150fe0f370,2026-06-05 12:00:00,,0,,,
e0e4be89-83db-4b36-9be2-51150fe0f370,2026-06-05 15:00:00,,0,,,
e0e4be89-83db-4b36-9be2-51150fe0f370,2026-06-05 18:00:00,,0,,,
e0e4be89-83db-4b36-9be2-51150fe0f370,2026-06-05 21:00:00,,0,,,
e0e4be89-83db-4b36-9be2-51150fe0f370,2026-06-06 09:00:00,,0,,,
e0e4be89-83db-4b36-9be2-51150fe0f370,2026-06-06 12:00:00,,0,,,
e0e4be89-83db-4b36-9be2-51150fe0f370,2026-06-06 15:00:00,,0,,,
e0e4be89-83db-4b36-9be2-51150fe0f370,2026-06-06 18:00:00,,0,,,
e0e4be89-83db-4b36-9be2-51150fe0f370,2026-06-06 21:00:00,,0,,,
e0e4be89-83db-4b36-9be2-51150fe0f370,2026-06-07 09:00:00,,0,,,
e0e4be89-83db-4b36-9be2-51150fe0f370,2026-06-07 12:00:00,,0,,,
e0e4be89-83db-4b36-9be2-51150fe0f370,2026-06-07 15:00:00,,0,,,
e0e4be89-83db-4b36-9be2-51150fe0f370,2026-06-07 18:00:00,,0,,,
e0e4be89-83db-4b36-9be2-51150fe0f370,2026-06-07 21:00:00,,0,,,
e3b6a7a6-fa59-41d9-81f9-7882d2cdca7e,2026-06-01 09:00:00,,0,,,
e3b6a7a6-fa59-41d9-81f9-7882d2cdca7e,2026-06-01 12:00:00,,0,,,
e3b6a7a6-fa59-41d9-81f9-7882d2cdca7e,2026-06-01 15:00:00,,0,,,
e3b6a7a6-fa59-41d9-81f9-7882d2cdca7e,2026-06-01 18:00:00,,0,,,
e3b6a7a6-fa59-41d9-81f9-7882d2cdca7e,2026-06-01 21:00:00,,0,,,
e3b6a7a6-fa59-41d9-81f9-7882d2cdca7e,2026-06-02 09:00:00,,0,,,
e3b6a7a6-fa59-41d9-81f9-7882d2cdca7e,2026-06-02 12:00:00,,0,,,
e3b6a7a6-fa59-41d9-81f9-7882d2cdca7e,2026-06-02 15:00:00,,0,,,
e3b6a7a6-fa59-41d9-81f9-7882d2cdca7e,2026-06-02 18:00:00,,0,,,
e3b6a7a6-fa59-41d9-81f9-7882d2cdca7e,2026-06-02 21:00:00,,0,,,
e3b6a7a6-fa59-41d9-81f9-7882d2cdca7e,2026-06-03 09:00:00,,0,,,
e3b6a7a6-fa59-41d9-81f9-7882d2cdca7e,2026-06-03 12:00:00,,0,,,
e3b6a7a6-fa59-41d9-81f9-7882d2cdca7e,2026-06-03 15:00:00,,0,,,
e3b6a7a6-fa59-41d9-81f9-7882d2cdca7e,2026-06-03 18:00:00,,0,,,
e3b6a7a6-fa59-41d9-81f9-7882d2cdca7e,2026-06-03 21:00:00,,0,,,
e3b6a7a6-fa59-41d9-81f9-7882d2cdca7e,2026-06-04 09:00:00,,0,,,
e3b6a7a6-fa59-41d9-81f9-7882d2cdca7e,2026-06-04 12:00:00,,0,,,
e3b6a7a6-fa59-41d9-81f9-7882d2cdca7e,2026-06-04 15:00:00,,0,,,
e3b6a7a6-fa59-41d9-81f9-7882d2cdca7e,2026-06-04 18:00:00,,0,,,
e3b6a7a6-fa59-41d9-81f9-7882d2cdca7e,2026-06-04 21:00:00,,0,,,
e3b6a7a6-fa59-41d9-81f9-7882d2cdca7e,2026-06-05 09:00:00,,0,,,
e3b6a7a6-fa59-41d9-81f9-7882d2cdca7e,2026-06-05 12:00:00,,0,,,
e3b6a7a6-fa59-41d9-81f9-7882d2cdca7e,2026-06-05 15:00:00,,0,,,
e3b6a7a6-fa59-41d9-81f9-7882d2cdca7e,2026-06-05 18:00:00,,0,,,
e3b6a7a6-fa59-41d9-81f9-7882d2cdca7e,2026-06-05 21:00:00,,0,,,
e3b6a7a6-fa59-41d9-81f9-7882d2cdca7e,2026-06-06 09:00:00,,0,,,
e3b6a7a6-fa59-41d9-81f9-7882d2cdca7e,2026-06-06 12:00:00,,0,,,
e3b6a7a6-fa59-41d9-81f9-7882d2cdca7e,2026-06-06 15:00:00,,0,,,
e3b6a7a6-fa59-41d9-81f9-7882d2cdca7e,2026-06-06 18:00:00,,0,,,
e3b6a7a6-fa59-41d9-81f9-7882d2cdca7e,2026-06-06 21:00:00,,0,,,
e3b6a7a6-fa59-41d9-81f9-7882d2cdca7e,2026-06-07 09:00:00,,0,,,
e3b6a7a6-fa59-41d9-81f9-7882d2cdca7e,2026-06-07 12:00:00,,0,,,
e3b6a7a6-fa59-41d9-81f9-7882d2cdca7e,2026-06-07 15:00:00,,0,,,
e3b6a7a6-fa59-41d9-81f9-7882d2cdca7e,2026-06-07 18:00:00,,0,,,
e3b6a7a6-fa59-41d9-81f9-7882d2cdca7e,2026-06-07 21:00:00,,0,,,
e85ca5ba-abfb-4694-8d51-e7f156897b03,2026-06-01 09:00:00,,0,,,
e85ca5ba-abfb-4694-8d51-e7f156897b03,2026-06-01 12:00:00,,0,,,
e85ca5ba-abfb-4694-8d51-e7f156897b03,2026-06-01 15:00:00,,0,,,
e85ca5ba-abfb-4694-8d51-e7f156897b03,2026-06-01 18:00:00,,0,,,
e85ca5ba-abfb-4694-8d51-e7f156897b03,2026-06-01 21:00:00,,0,,,
e85ca5ba-abfb-4694-8d51-e7f156897b03,2026-06-02 09:00:00,,0,,,
e85ca5ba-abfb-4694-8d51-e7f156897b03,2026-06-02 12:00:00,,0,,,
e85ca5ba-abfb-4694-8d51-e7f156897b03,2026-06-02 15:00:00,,0,,,
e85ca5ba-abfb-4694-8d51-e7f156897b03,2026-06-02 18:00:00,,0,,,
e85ca5ba-abfb-4694-8d51-e7f156897b03,2026-06-02 21:00:00,,0,,,
e85ca5ba-abfb-4694-8d51-e7f156897b03,2026-06-03 09:00:00,,0,,,
e85ca5ba-abfb-4694-8d51-e7f156897b03,2026-06-03 12:00:00,,0,,,
e85ca5ba-abfb-4694-8d51-e7f156897b03,2026-06-03 15:00:00,,0,,,
e85ca5ba-abfb-4694-8d51-e7f156897b03,2026-06-03 18:00:00,,0,,,
e85ca5ba-abfb-4694-8d51-e7f156897b03,2026-06-03 21:00:00,,0,,,
e85ca5ba-abfb-4694-8d51-e7f156897b03,2026-06-04 09:00:00,,0,,,
e85ca5ba-abfb-4694-8d51-e7f156897b03,2026-06-04 12:00:00,,0,,,
e85ca5ba-abfb-4694-8d51-e7f156897b03,2026-06-04 15:00:00,,0,,,
e85ca5ba-abfb-4694-8d51-e7f156897b03,2026-06-04 18:00:00,,0,,,
e85ca5ba-abfb-4694-8d51-e7f156897b03,2026-06-04 21:00:00,,0,,,
e85ca5ba-abfb-4694-8d51-e7f156897b03,2026-06-05 09:00:00,,0,,,
e85ca5ba-abfb-4694-8d51-e7f156897b03,2026-06-05 12:00:00,,0,,,
e85ca5ba-abfb-4694-8d51-e7f156897b03,2026-06-05 15:00:00,,0,,,
e85ca5ba-abfb-4694-8d51-e7f156897b03,2026-06-05 18:00:00,,0,,,
e85ca5ba-abfb-4694-8d51-e7f156897b03,2026-06-05 21:00:00,,0,,,
e85ca5ba-abfb-4694-8d51-e7f156897b03,2026-06-06 09:00:00,,0,,,
e85ca5ba-abfb-4694-8d51-e7f156897b03,2026-06-06 12:00:00,,0,,,
e85ca5ba-abfb-4694-8d51-e7f156897b03,2026-06-06 15:00:00,,0,,,
e85ca5ba-abfb-4694-8d51-e7f156897b03,2026-06-06 18:00:00,,0,,,
e85ca5ba-abfb-4694-8d51-e7f156897b03,2026-06-06 21:00:00,,0,,,
e85ca5ba-abfb-4694-8d51-e7f156897b03,2026-06-07 09:00:00,,0,,,
e85ca5ba-abfb-4694-8d51-e7f156897b03,2026-06-07 12:00:00,,0,,,
e85ca5ba-abfb-4694-8d51-e7f156897b03,2026-06-07 15:00:00,,0,,,
e85ca5ba-abfb-4694-8d51-e7f156897b03,2026-06-07 18:00:00,,0,,,
e85ca5ba-abfb-4694-8d51-e7f156897b03,2026-06-07 21:00:00,,0,,,
e87aed10-7e3a-47c5-856f-64a8306318fe,2026-06-01 09:00:00,,0,,,
e87aed10-7e3a-47c5-856f-64a8306318fe,2026-06-01 12:00:00,,0,,,
e87aed10-7e3a-47c5-856f-64a8306318fe,2026-06-01 15:00:00,,0,,,
e87aed10-7e3a-47c5-856f-64a8306318fe,2026-06-01 18:00:00,,0,,,
e87aed10-7e3a-47c5-856f-64a8306318fe,2026-06-01 21:00:00,,0,,,
e87aed10-7e3a-47c5-856f-64a8306318fe,2026-06-02 09:00:00,,0,,,
e87aed10-7e3a-47c5-856f-64a8306318fe,2026-06-02 12:00:00,,0,,,
e87aed10-7e3a-47c5-856f-64a8306318fe,2026-06-02 15:00:00,,0,,,
e87aed10-7e3a-47c5-856f-64a8306318fe,2026-06-02 18:00:00,,0,,,
e87aed10-7e3a-47c5-856f-64a8306318fe,2026-06-02 21:00:00,,0,,,
e87aed10-7e3a-47c5-856f-64a8306318fe,2026-06-03 09:00:00,,0,,,
e87aed10-7e3a-47c5-856f-64a8306318fe,2026-06-03 12:00:00,,0,,,
e87aed10-7e3a-47c5-856f-64a8306318fe,2026-06-03 15:00:00,,0,,,
e87aed10-7e3a-47c5-856f-64a8306318fe,2026-06-03 18:00:00,,0,,,
e87aed10-7e3a-47c5-856f-64a8306318fe,2026-06-03 21:00:00,,0,,,
e87aed10-7e3a-47c5-856f-64a8306318fe,2026-06-04 09:00:00,,0,,,
e87aed10-7e3a-47c5-856f-64a8306318fe,2026-06-04 12:00:00,,0,,,
e87aed10-7e3a-47c5-856f-64a8306318fe,2026-06-04 15:00:00,,0,,,
e87aed10-7e3a-47c5-856f-64a8306318fe,2026-06-04 18:00:00,,0,,,
e87aed10-7e3a-47c5-856f-64a8306318fe,2026-06-04 21:00:00,,0,,,
e87aed10-7e3a-47c5-856f-64a8306318fe,2026-06-05 09:00:00,,0,,,
e87aed10-7e3a-47c5-856f-64a8306318fe,2026-06-05 12:00:00,,0,,,
e87aed10-7e3a-47c5-856f-64a8306318fe,2026-06-05 15:00:00,,0,,,
e87aed10-7e3a-47c5-856f-64a8306318fe,2026-06-05 18:00:00,,0,,,
e87aed10-7e3a-47c5-856f-64a8306318fe,2026-06-05 21:00:00,,0,,,
e87aed10-7e3a-47c5-856f-64a8306318fe,2026-06-06 09:00:00,,0,,,
e87aed10-7e3a-47c5-856f-64a8306318fe,2026-06-06 12:00:00,,0,,,
e87aed10-7e3a-47c5-856f-64a8306318fe,2026-06-06 15:00:00,,0,,,
e87aed10-7e3a-47c5-856f-64a8306318fe,2026-06-06 18:00:00,,0,,,
e87aed10-7e3a-47c5-856f-64a8306318fe,2026-06-06 21:00:00,,0,,,
e87aed10-7e3a-47c5-856f-64a8306318fe,2026-06-07 09:00:00,,0,,,
e87aed10-7e3a-47c5-856f-64a8306318fe,2026-06-07 12:00:00,,0,,,
e87aed10-7e3a-47c5-856f-64a8306318fe,2026-06-07 15:00:00,,0,,,
e87aed10-7e3a-47c5-856f-64a8306318fe,2026-06-07 18:00:00,,0,,,
e87aed10-7e3a-47c5-856f-64a8306318fe,2026-06-07 21:00:00,,0,,,
e9268c2c-e55b-43f3-b187-e7f2b473b366,2026-06-01 09:00:00,,0,,,
e9268c2c-e55b-43f3-b187-e7f2b473b366,2026-06-01 12:00:00,,0,,,
e9268c2c-e55b-43f3-b187-e7f2b473b366,2026-06-01 15:00:00,,0,,,
e9268c2c-e55b-43f3-b187-e7f2b473b366,2026-06-01 18:00:00,,0,,,
e9268c2c-e55b-43f3-b187-e7f2b473b366,2026-06-01 21:00:00,,0,,,
e9268c2c-e55b-43f3-b187-e7f2b473b366,2026-06-02 09:00:00,,0,,,
e9268c2c-e55b-43f3-b187-e7f2b473b366,2026-06-02 12:00:00,,0,,,
e9268c2c-e55b-43f3-b187-e7f2b473b366,2026-06-02 15:00:00,,0,,,
e9268c2c-e55b-43f3-b187-e7f2b473b366,2026-06-02 18:00:00,,0,,,
e9268c2c-e55b-43f3-b187-e7f2b473b366,2026-06-02 21:00:00,,0,,,
e9268c2c-e55b-43f3-b187-e7f2b473b366,2026-06-03 09:00:00,,0,,,
e9268c2c-e55b-43f3-b187-e7f2b473b366,2026-06-03 12:00:00,,0,,,
e9268c2c-e55b-43f3-b187-e7f2b473b366,2026-06-03 15:00:00,,0,,,
e9268c2c-e55b-43f3-b187-e7f2b473b366,2026-06-03 18:00:00,,0,,,
e9268c2c-e55b-43f3-b187-e7f2b473b366,2026-06-03 21:00:00,,0,,,
e9268c2c-e55b-43f3-b187-e7f2b473b366,2026-06-04 09:00:00,,0,,,
e9268c2c-e55b-43f3-b187-e7f2b473b366,2026-06-04 12:00:00,,0,,,
e9268c2c-e55b-43f3-b187-e7f2b473b366,2026-06-04 15:00:00,,0,,,
e9268c2c-e55b-43f3-b187-e7f2b473b366,2026-06-04 18:00:00,,0,,,
e9268c2c-e55b-43f3-b187-e7f2b473b366,2026-06-04 21:00:00,,0,,,
e9268c2c-e55b-43f3-b187-e7f2b473b366,2026-06-05 09:00:00,,0,,,
e9268c2c-e55b-43f3-b187-e7f2b473b366,2026-06-05 12:00:00,,0,,,
e9268c2c-e55b-43f3-b187-e7f2b473b366,2026-06-05 15:00:00,,0,,,
e9268c2c-e55b-43f3-b187-e7f2b473b366,2026-06-05 18:00:00,,0,,,
e9268c2c-e55b-43f3-b187-e7f2b473b366,2026-06-05 21:00:00,,0,,,
e9268c2c-e55b-43f3-b187-e7f2b473b366,2026-06-06 09:00:00,,0,,,
e9268c2c-e55b-43f3-b187-e7f2b473b366,2026-06-06 12:00:00,,0,,,
e9268c2c-e55b-43f3-b187-e7f2b473b366,2026-06-06 15:00:00,,0,,,
e9268c2c-e55b-43f3-b187-e7f2b473b366,2026-06-06 18:00:00,,0,,,
e9268c2c-e55b-43f3-b187-e7f2b473b366,2026-06-06 21:00:00,,0,,,
e9268c2c-e55b-43f3-b187-e7f2b473b366,2026-06-07 09:00:00,,0,,,
e9268c2c-e55b-43f3-b187-e7f2b473b366,2026-06-07 12:00:00,,0,,,
e9268c2c-e55b-43f3-b187-e7f2b473b366,2026-06-07 15:00:00,,0,,,
e9268c2c-e55b-43f3-b187-e7f2b473b366,2026-06-07 18:00:00,,0,,,
e9268c2c-e55b-43f3-b187-e7f2b473b366,2026-06-07 21:00:00,,0,,,
eb94576d-5886-4adb-9cde-d919ebf468cf,2026-06-01 09:00:00,,0,,,
eb94576d-5886-4adb-9cde-d919ebf468cf,2026-06-01 12:00:00,,0,,,
eb94576d-5886-4adb-9cde-d919ebf468cf,2026-06-01 15:00:00,,0,,,
eb94576d-5886-4adb-9cde-d919ebf468cf,2026-06-01 18:00:00,,0,,,
eb94576d-5886-4adb-9cde-d919ebf468cf,2026-06-01 21:00:00,,0,,,
eb94576d-5886-4adb-9cde-d919ebf468cf,2026-06-02 09:00:00,,0,,,
eb94576d-5886-4adb-9cde-d919ebf468cf,2026-06-02 12:00:00,,0,,,
eb94576d-5886-4adb-9cde-d919ebf468cf,2026-06-02 15:00:00,,0,,,
eb94576d-5886-4adb-9cde-d919ebf468cf,2026-06-02 18:00:00,,0,,,
eb94576d-5886-4adb-9cde-d919ebf468cf,2026-06-02 21:00:00,,0,,,
eb94576d-5886-4adb-9cde-d919ebf468cf,2026-06-03 09:00:00,,0,,,
eb94576d-5886-4adb-9cde-d919ebf468cf,2026-06-03 12:00:00,,0,,,
eb94576d-5886-4adb-9cde-d919ebf468cf,2026-06-03 15:00:00,,0,,,
eb94576d-5886-4adb-9cde-d919ebf468cf,2026-06-03 18:00:00,,0,,,
eb94576d-5886-4adb-9cde-d919ebf468cf,2026-06-03 21:00:00,,0,,,
eb94576d-5886-4adb-9cde-d919ebf468cf,2026-06-04 09:00:00,,0,,,
eb94576d-5886-4adb-9cde-d919ebf468cf,2026-06-04 12:00:00,,0,,,
eb94576d-5886-4adb-9cde-d919ebf468cf,2026-06-04 15:00:00,,0,,,
eb94576d-5886-4adb-9cde-d919ebf468cf,2026-06-04 18:00:00,,0,,,
eb94576d-5886-4adb-9cde-d919ebf468cf,2026-06-04 21:00:00,,0,,,
eb94576d-5886-4adb-9cde-d919ebf468cf,2026-06-05 09:00:00,,0,,,
eb94576d-5886-4adb-9cde-d919ebf468cf,2026-06-05 12:00:00,,0,,,
eb94576d-5886-4adb-9cde-d919ebf468cf,2026-06-05 15:00:00,,0,,,
eb94576d-5886-4adb-9cde-d919ebf468cf,2026-06-05 18:00:00,,0,,,
eb94576d-5886-4adb-9cde-d919ebf468cf,2026-06-05 21:00:00,,0,,,
eb94576d-5886-4adb-9cde-d919ebf468cf,2026-06-06 09:00:00,,0,,,
eb94576d-5886-4adb-9cde-d919ebf468cf,2026-06-06 12:00:00,,0,,,
eb94576d-5886-4adb-9cde-d919ebf468cf,2026-06-06 15:00:00,,0,,,
eb94576d-5886-4adb-9cde-d919ebf468cf,2026-06-06 18:00:00,,0,,,
eb94576d-5886-4adb-9cde-d919ebf468cf,2026-06-06 21:00:00,,0,,,
eb94576d-5886-4adb-9cde-d919ebf468cf,2026-06-07 09:00:00,,0,,,
eb94576d-5886-4adb-9cde-d919ebf468cf,2026-06-07 12:00:00,,0,,,
eb94576d-5886-4adb-9cde-d919ebf468cf,2026-06-07 15:00:00,,0,,,
eb94576d-5886-4adb-9cde-d919ebf468cf,2026-06-07 18:00:00,,0,,,
eb94576d-5886-4adb-9cde-d919ebf468cf,2026-06-07 21:00:00,,0,,,
ebd60793-0e91-4dce-9421-eae99ccc9148,2026-06-01 09:00:00,,0,,,
ebd60793-0e91-4dce-9421-eae99ccc9148,2026-06-01 12:00:00,,0,,,
ebd60793-0e91-4dce-9421-eae99ccc9148,2026-06-01 15:00:00,,0,,,
ebd60793-0e91-4dce-9421-eae99ccc9148,2026-06-01 18:00:00,,0,,,
ebd60793-0e91-4dce-9421-eae99ccc9148,2026-06-01 21:00:00,,0,,,
ebd60793-0e91-4dce-9421-eae99ccc9148,2026-06-02 09:00:00,,0,,,
ebd60793-0e91-4dce-9421-eae99ccc9148,2026-06-02 12:00:00,,0,,,
ebd60793-0e91-4dce-9421-eae99ccc9148,2026-06-02 15:00:00,,0,,,
ebd60793-0e91-4dce-9421-eae99ccc9148,2026-06-02 18:00:00,,0,,,
ebd60793-0e91-4dce-9421-eae99ccc9148,2026-06-02 21:00:00,,0,,,
ebd60793-0e91-4dce-9421-eae99ccc9148,2026-06-03 09:00:00,,0,,,
ebd60793-0e91-4dce-9421-eae99ccc9148,2026-06-03 12:00:00,,0,,,
ebd60793-0e91-4dce-9421-eae99ccc9148,2026-06-03 15:00:00,,0,,,
ebd60793-0e91-4dce-9421-eae99ccc9148,2026-06-03 18:00:00,,0,,,
ebd60793-0e91-4dce-9421-eae99ccc9148,2026-06-03 21:00:00,,0,,,
ebd60793-0e91-4dce-9421-eae99ccc9148,2026-06-04 09:00:00,,0,,,
ebd60793-0e91-4dce-9421-eae99ccc9148,2026-06-04 12:00:00,,0,,,
ebd60793-0e91-4dce-9421-eae99ccc9148,2026-06-04 15:00:00,,0,,,
ebd60793-0e91-4dce-9421-eae99ccc9148,2026-06-04 18:00:00,,0,,,
ebd60793-0e91-4dce-9421-eae99ccc9148,2026-06-04 21:00:00,,0,,,
ebd60793-0e91-4dce-9421-eae99ccc9148,2026-06-05 09:00:00,,0,,,
ebd60793-0e91-4dce-9421-eae99ccc9148,2026-06-05 12:00:00,,0,,,
ebd60793-0e91-4dce-9421-eae99ccc9148,2026-06-05 15:00:00,,0,,,
ebd60793-0e91-4dce-9421-eae99ccc9148,2026-06-05 18:00:00,,0,,,
ebd60793-0e91-4dce-9421-eae99ccc9148,2026-06-05 21:00:00,,0,,,
ebd60793-0e91-4dce-9421-eae99ccc9148,2026-06-06 09:00:00,,0,,,
ebd60793-0e91-4dce-9421-eae99ccc9148,2026-06-06 12:00:00,,0,,,
ebd60793-0e91-4dce-9421-eae99ccc9148,2026-06-06 15:00:00,,0,,,
ebd60793-0e91-4dce-9421-eae99ccc9148,2026-06-06 18:00:00,,0,,,
ebd60793-0e91-4dce-9421-eae99ccc9148,2026-06-06 21:00:00,,0,,,
ebd60793-0e91-4dce-9421-eae99ccc9148,2026-06-07 09:00:00,,0,,,
ebd60793-0e91-4dce-9421-eae99ccc9148,2026-06-07 12:00:00,,0,,,
ebd60793-0e91-4dce-9421-eae99ccc9148,2026-06-07 15:00:00,,0,,,
ebd60793-0e91-4dce-9421-eae99ccc9148,2026-06-07 18:00:00,,0,,,
ebd60793-0e91-4dce-9421-eae99ccc9148,2026-06-07 21:00:00,,0,,,
ec916a54-0db4-4bfe-89f1-dc45c7c0eb8d,2026-06-01 09:00:00,,0,,,
ec916a54-0db4-4bfe-89f1-dc45c7c0eb8d,2026-06-01 12:00:00,,0,,,
ec916a54-0db4-4bfe-89f1-dc45c7c0eb8d,2026-06-01 15:00:00,,0,,,
ec916a54-0db4-4bfe-89f1-dc45c7c0eb8d,2026-06-01 18:00:00,,0,,,
ec916a54-0db4-4bfe-89f1-dc45c7c0eb8d,2026-06-01 21:00:00,,0,,,
ec916a54-0db4-4bfe-89f1-dc45c7c0eb8d,2026-06-02 09:00:00,,0,,,
ec916a54-0db4-4bfe-89f1-dc45c7c0eb8d,2026-06-02 12:00:00,,0,,,
ec916a54-0db4-4bfe-89f1-dc45c7c0eb8d,2026-06-02 15:00:00,,0,,,
ec916a54-0db4-4bfe-89f1-dc45c7c0eb8d,2026-06-02 18:00:00,,0,,,
ec916a54-0db4-4bfe-89f1-dc45c7c0eb8d,2026-06-02 21:00:00,,0,,,
ec916a54-0db4-4bfe-89f1-dc45c7c0eb8d,2026-06-03 09:00:00,,0,,,
ec916a54-0db4-4bfe-89f1-dc45c7c0eb8d,2026-06-03 12:00:00,,0,,,
ec916a54-0db4-4bfe-89f1-dc45c7c0eb8d,2026-06-03 15:00:00,,0,,,
ec916a54-0db4-4bfe-89f1-dc45c7c0eb8d,2026-06-03 18:00:00,,0,,,
ec916a54-0db4-4bfe-89f1-dc45c7c0eb8d,2026-06-03 21:00:00,,0,,,
ec916a54-0db4-4bfe-89f1-dc45c7c0eb8d,2026-06-04 09:00:00,,0,,,
ec916a54-0db4-4bfe-89f1-dc45c7c0eb8d,2026-06-04 12:00:00,,0,,,
ec916a54-0db4-4bfe-89f1-dc45c7c0eb8d,2026-06-04 15:00:00,,0,,,
ec916a54-0db4-4bfe-89f1-dc45c7c0eb8d,2026-06-04 18:00:00,,0,,,
ec916a54-0db4-4bfe-89f1-dc45c7c0eb8d,2026-06-04 21:00:00,,0,,,
ec916a54-0db4-4bfe-89f1-dc45c7c0eb8d,2026-06-05 09:00:00,,0,,,
ec916a54-0db4-4bfe-89f1-dc45c7c0eb8d,2026-06-05 12:00:00,,0,,,
ec916a54-0db4-4bfe-89f1-dc45c7c0eb8d,2026-06-05 15:00:00,,0,,,
ec916a54-0db4-4bfe-89f1-dc45c7c0eb8d,2026-06-05 18:00:00,,0,,,
ec916a54-0db4-4bfe-89f1-dc45c7c0eb8d,2026-06-05 21:00:00,,0,,,
ec916a54-0db4-4bfe-89f1-dc45c7c0eb8d,2026-06-06 09:00:00,,0,,,
ec916a54-0db4-4bfe-89f1-dc45c7c0eb8d,2026-06-06 12:00:00,,0,,,
ec916a54-0db4-4bfe-89f1-dc45c7c0eb8d,2026-06-06 15:00:00,,0,,,
ec916a54-0db4-4bfe-89f1-dc45c7c0eb8d,2026-06-06 18:00:00,,0,,,
ec916a54-0db4-4bfe-89f1-dc45c7c0eb8d,2026-06-06 21:00:00,,0,,,
ec916a54-0db4-4bfe-89f1-dc45c7c0eb8d,2026-06-07 09:00:00,,0,,,
ec916a54-0db4-4bfe-89f1-dc45c7c0eb8d,2026-06-07 12:00:00,,0,,,
ec916a54-0db4-4bfe-89f1-dc45c7c0eb8d,2026-06-07 15:00:00,,0,,,
ec916a54-0db4-4bfe-89f1-dc45c7c0eb8d,2026-06-07 18:00:00,,0,,,
ec916a54-0db4-4bfe-89f1-dc45c7c0eb8d,2026-06-07 21:00:00,,0,,,
f2c03507-7f42-4507-8b27-5865e6693a54,2026-06-01 09:00:00,,0,,,
f2c03507-7f42-4507-8b27-5865e6693a54,2026-06-01 12:00:00,,0,,,
f2c03507-7f42-4507-8b27-5865e6693a54,2026-06-01 15:00:00,,0,,,
f2c03507-7f42-4507-8b27-5865e6693a54,2026-06-01 18:00:00,,0,,,
f2c03507-7f42-4507-8b27-5865e6693a54,2026-06-01 21:00:00,,0,,,
f2c03507-7f42-4507-8b27-5865e6693a54,2026-06-02 09:00:00,,0,,,
f2c03507-7f42-4507-8b27-5865e6693a54,2026-06-02 12:00:00,,0,,,
f2c03507-7f42-4507-8b27-5865e6693a54,2026-06-02 15:00:00,,0,,,
f2c03507-7f42-4507-8b27-5865e6693a54,2026-06-02 18:00:00,,0,,,
f2c03507-7f42-4507-8b27-5865e6693a54,2026-06-02 21:00:00,,0,,,
f2c03507-7f42-4507-8b27-5865e6693a54,2026-06-03 09:00:00,,0,,,
f2c03507-7f42-4507-8b27-5865e6693a54,2026-06-03 12:00:00,,0,,,
f2c03507-7f42-4507-8b27-5865e6693a54,2026-06-03 15:00:00,,0,,,
f2c03507-7f42-4507-8b27-5865e6693a54,2026-06-03 18:00:00,,0,,,
f2c03507-7f42-4507-8b27-5865e6693a54,2026-06-03 21:00:00,,0,,,
f2c03507-7f42-4507-8b27-5865e6693a54,2026-06-04 09:00:00,,0,,,
f2c03507-7f42-4507-8b27-5865e6693a54,2026-06-04 12:00:00,,0,,,
f2c03507-7f42-4507-8b27-5865e6693a54,2026-06-04 15:00:00,,0,,,
f2c03507-7f42-4507-8b27-5865e6693a54,2026-06-04 18:00:00,,0,,,
f2c03507-7f42-4507-8b27-5865e6693a54,2026-06-04 21:00:00,,0,,,
f2c03507-7f42-4507-8b27-5865e6693a54,2026-06-05 09:00:00,,0,,,
f2c03507-7f42-4507-8b27-5865e6693a54,2026-06-05 12:00:00,,0,,,
f2c03507-7f42-4507-8b27-5865e6693a54,2026-06-05 15:00:00,,0,,,
f2c03507-7f42-4507-8b27-5865e6693a54,2026-06-05 18:00:00,,0,,,
f2c03507-7f42-4507-8b27-5865e6693a54,2026-06-05 21:00:00,,0,,,
f2c03507-7f42-4507-8b27-5865e6693a54,2026-06-06 09:00:00,,0,,,
f2c03507-7f42-4507-8b27-5865e6693a54,2026-06-06 12:00:00,,0,,,
f2c03507-7f42-4507-8b27-5865e6693a54,2026-06-06 15:00:00,,0,,,
f2c03507-7f42-4507-8b27-5865e6693a54,2026-06-06 18:00:00,,0,,,
f2c03507-7f42-4507-8b27-5865e6693a54,2026-06-06 21:00:00,,0,,,
f2c03507-7f42-4507-8b27-5865e6693a54,2026-06-07 09:00:00,,0,,,
f2c03507-7f42-4507-8b27-5865e6693a54,2026-06-07 12:00:00,,0,,,
f2c03507-7f42-4507-8b27-5865e6693a54,2026-06-07 15:00:00,,0,,,
f2c03507-7f42-4507-8b27-5865e6693a54,2026-06-07 18:00:00,,0,,,
f2c03507-7f42-4507-8b27-5865e6693a54,2026-06-07 21:00:00,,0,,,
f697d848-6675-4f32-a744-cceca97760cb,2026-06-01 09:00:00,,0,,,
f697d848-6675-4f32-a744-cceca97760cb,2026-06-01 12:00:00,,0,,,
f697d848-6675-4f32-a744-cceca97760cb,2026-06-01 15:00:00,,0,,,
f697d848-6675-4f32-a744-cceca97760cb,2026-06-01 18:00:00,,0,,,
f697d848-6675-4f32-a744-cceca97760cb,2026-06-01 21:00:00,,0,,,
f697d848-6675-4f32-a744-cceca97760cb,2026-06-02 09:00:00,,0,,,
f697d848-6675-4f32-a744-cceca97760cb,2026-06-02 12:00:00,,0,,,
f697d848-6675-4f32-a744-cceca97760cb,2026-06-02 15:00:00,,0,,,
f697d848-6675-4f32-a744-cceca97760cb,2026-06-02 18:00:00,,0,,,
f697d848-6675-4f32-a744-cceca97760cb,2026-06-02 21:00:00,,0,,,
f697d848-6675-4f32-a744-cceca97760cb,2026-06-03 09:00:00,,0,,,
f697d848-6675-4f32-a744-cceca97760cb,2026-06-03 12:00:00,,0,,,
f697d848-6675-4f32-a744-cceca97760cb,2026-06-03 15:00:00,,0,,,
f697d848-6675-4f32-a744-cceca97760cb,2026-06-03 18:00:00,,0,,,
f697d848-6675-4f32-a744-cceca97760cb,2026-06-03 21:00:00,,0,,,
f697d848-6675-4f32-a744-cceca97760cb,2026-06-04 09:00:00,,0,,,
f697d848-6675-4f32-a744-cceca97760cb,2026-06-04 12:00:00,,0,,,
f697d848-6675-4f32-a744-cceca97760cb,2026-06-04 15:00:00,,0,,,
f697d848-6675-4f32-a744-cceca97760cb,2026-06-04 18:00:00,,0,,,
f697d848-6675-4f32-a744-cceca97760cb,2026-06-04 21:00:00,,0,,,
f697d848-6675-4f32-a744-cceca97760cb,2026-06-05 09:00:00,,0,,,
f697d848-6675-4f32-a744-cceca97760cb,2026-06-05 12:00:00,,0,,,
f697d848-6675-4f32-a744-cceca97760cb,2026-06-05 15:00:00,,0,,,
f697d848-6675-4f32-a744-cceca97760cb,2026-06-05 18:00:00,,0,,,
f697d848-6675-4f32-a744-cceca97760cb,2026-06-05 21:00:00,,0,,,
f697d848-6675-4f32-a744-cceca97760cb,2026-06-06 09:00:00,,0,,,
f697d848-6675-4f32-a744-cceca97760cb,2026-06-06 12:00:00,,0,,,
f697d848-6675-4f32-a744-cceca97760cb,2026-06-06 15:00:00,,0,,,
f697d848-6675-4f32-a744-cceca97760cb,2026-06-06 18:00:00,,0,,,
f697d848-6675-4f32-a744-cceca97760cb,2026-06-06 21:00:00,,0,,,
f697d848-6675-4f32-a744-cceca97760cb,2026-06-07 09:00:00,,0,,,
f697d848-6675-4f32-a744-cceca97760cb,2026-06-07 12:00:00,,0,,,
f697d848-6675-4f32-a744-cceca97760cb,2026-06-07 15:00:00,,0,,,
f697d848-6675-4f32-a744-cceca97760cb,2026-06-07 18:00:00,,0,,,
f697d848-6675-4f32-a744-cceca97760cb,2026-06-07 21:00:00,,0,,,
f7a75f01-bba3-4f70-8d39-4d598128bb80,2026-06-01 09:00:00,,0,,,
f7a75f01-bba3-4f70-8d39-4d598128bb80,2026-06-01 12:00:00,,0,,,
f7a75f01-bba3-4f70-8d39-4d598128bb80,2026-06-01 15:00:00,,0,,,
f7a75f01-bba3-4f70-8d39-4d598128bb80,2026-06-01 18:00:00,,0,,,
f7a75f01-bba3-4f70-8d39-4d598128bb80,2026-06-01 21:00:00,,0,,,
f7a75f01-bba3-4f70-8d39-4d598128bb80,2026-06-02 09:00:00,,0,,,
f7a75f01-bba3-4f70-8d39-4d598128bb80,2026-06-02 12:00:00,,0,,,
f7a75f01-bba3-4f70-8d39-4d598128bb80,2026-06-02 15:00:00,,0,,,
f7a75f01-bba3-4f70-8d39-4d598128bb80,2026-06-02 18:00:00,,0,,,
f7a75f01-bba3-4f70-8d39-4d598128bb80,2026-06-02 21:00:00,,0,,,
f7a75f01-bba3-4f70-8d39-4d598128bb80,2026-06-03 09:00:00,,0,,,
f7a75f01-bba3-4f70-8d39-4d598128bb80,2026-06-03 12:00:00,,0,,,
f7a75f01-bba3-4f70-8d39-4d598128bb80,2026-06-03 15:00:00,,0,,,
f7a75f01-bba3-4f70-8d39-4d598128bb80,2026-06-03 18:00:00,,0,,,
f7a75f01-bba3-4f70-8d39-4d598128bb80,2026-06-03 21:00:00,,0,,,
f7a75f01-bba3-4f70-8d39-4d598128bb80,2026-06-04 09:00:00,,0,,,
f7a75f01-bba3-4f70-8d39-4d598128bb80,2026-06-04 12:00:00,,0,,,
f7a75f01-bba3-4f70-8d39-4d598128bb80,2026-06-04 15:00:00,,0,,,
f7a75f01-bba3-4f70-8d39-4d598128bb80,2026-06-04 18:00:00,,0,,,
f7a75f01-bba3-4f70-8d39-4d598128bb80,2026-06-04 21:00:00,,0,,,
f7a75f01-bba3-4f70-8d39-4d598128bb80,2026-06-05 09:00:00,,0,,,
f7a75f01-bba3-4f70-8d39-4d598128bb80,2026-06-05 12:00:00,,0,,,
f7a75f01-bba3-4f70-8d39-4d598128bb80,2026-06-05 15:00:00,,0,,,
f7a75f01-bba3-4f70-8d39-4d598128bb80,2026-06-05 18:00:00,,0,,,
f7a75f01-bba3-4f70-8d39-4d598128bb80,2026-06-05 21:00:00,,0,,,
f7a75f01-bba3-4f70-8d39-4d598128bb80,2026-06-06 09:00:00,,0,,,
f7a75f01-bba3-4f70-8d39-4d598128bb80,2026-06-06 12:00:00,,0,,,
f7a75f01-bba3-4f70-8d39-4d598128bb80,2026-06-06 15:00:00,,0,,,
f7a75f01-bba3-4f70-8d39-4d598128bb80,2026-06-06 18:00:00,,0,,,
f7a75f01-bba3-4f70-8d39-4d598128bb80,2026-06-06 21:00:00,,0,,,
f7a75f01-bba3-4f70-8d39-4d598128bb80,2026-06-07 09:00:00,,0,,,
f7a75f01-bba3-4f70-8d39-4d598128bb80,2026-06-07 12:00:00,,0,,,
f7a75f01-bba3-4f70-8d39-4d598128bb80,2026-06-07 15:00:00,,0,,,
f7a75f01-bba3-4f70-8d39-4d598128bb80,2026-06-07 18:00:00,,0,,,
f7a75f01-bba3-4f70-8d39-4d598128bb80,2026-06-07 21:00:00,,0,,,
f7df515d-b2f6-4067-a4ea-21b5f26c5700,2026-06-01 09:00:00,,0,,,
f7df515d-b2f6-4067-a4ea-21b5f26c5700,2026-06-01 12:00:00,,0,,,
f7df515d-b2f6-4067-a4ea-21b5f26c5700,2026-06-01 15:00:00,,0,,,
f7df515d-b2f6-4067-a4ea-21b5f26c5700,2026-06-01 18:00:00,,0,,,
f7df515d-b2f6-4067-a4ea-21b5f26c5700,2026-06-01 21:00:00,,0,,,
f7df515d-b2f6-4067-a4ea-21b5f26c5700,2026-06-02 09:00:00,,0,,,
f7df515d-b2f6-4067-a4ea-21b5f26c5700,2026-06-02 12:00:00,,0,,,
f7df515d-b2f6-4067-a4ea-21b5f26c5700,2026-06-02 15:00:00,,0,,,
f7df515d-b2f6-4067-a4ea-21b5f26c5700,2026-06-02 18:00:00,,0,,,
f7df515d-b2f6-4067-a4ea-21b5f26c5700,2026-06-02 21:00:00,,0,,,
f7df515d-b2f6-4067-a4ea-21b5f26c5700,2026-06-03 09:00:00,,0,,,
f7df515d-b2f6-4067-a4ea-21b5f26c5700,2026-06-03 12:00:00,,0,,,
f7df515d-b2f6-4067-a4ea-21b5f26c5700,2026-06-03 15:00:00,,0,,,
f7df515d-b2f6-4067-a4ea-21b5f26c5700,2026-06-03 18:00:00,,0,,,
f7df515d-b2f6-4067-a4ea-21b5f26c5700,2026-06-03 21:00:00,,0,,,
f7df515d-b2f6-4067-a4ea-21b5f26c5700,2026-06-04 09:00:00,,0,,,
f7df515d-b2f6-4067-a4ea-21b5f26c5700,2026-06-04 12:00:00,,0,,,
f7df515d-b2f6-4067-a4ea-21b5f26c5700,2026-06-04 15:00:00,,0,,,
f7df515d-b2f6-4067-a4ea-21b5f26c5700,2026-06-04 18:00:00,,0,,,
f7df515d-b2f6-4067-a4ea-21b5f26c5700,2026-06-04 21:00:00,,0,,,
f7df515d-b2f6-4067-a4ea-21b5f26c5700,2026-06-05 09:00:00,,0,,,
f7df515d-b2f6-4067-a4ea-21b5f26c5700,2026-06-05 12:00:00,,0,,,
f7df515d-b2f6-4067-a4ea-21b5f26c5700,2026-06-05 15:00:00,,0,,,
f7df515d-b2f6-4067-a4ea-21b5f26c5700,2026-06-05 18:00:00,,0,,,
f7df515d-b2f6-4067-a4ea-21b5f26c5700,2026-06-05 21:00:00,,0,,,
f7df515d-b2f6-4067-a4ea-21b5f26c5700,2026-06-06 09:00:00,,0,,,
f7df515d-b2f6-4067-a4ea-21b5f26c5700,2026-06-06 12:00:00,,0,,,
f7df515d-b2f6-4067-a4ea-21b5f26c5700,2026-06-06 15:00:00,,0,,,
f7df515d-b2f6-4067-a4ea-21b5f26c5700,2026-06-06 18:00:00,,0,,,
f7df515d-b2f6-4067-a4ea-21b5f26c5700,2026-06-06 21:00:00,,0,,,
f7df515d-b2f6-4067-a4ea-21b5f26c5700,2026-06-07 09:00:00,,0,,,
f7df515d-b2f6-4067-a4ea-21b5f26c5700,2026-06-07 12:00:00,,0,,,
f7df515d-b2f6-4067-a4ea-21b5f26c5700,2026-06-07 15:00:00,,0,,,
f7df515d-b2f6-4067-a4ea-21b5f26c5700,2026-06-07 18:00:00,,0,,,
f7df515d-b2f6-4067-a4ea-21b5f26c5700,2026-06-07 21:00:00,,0,,,
fbdd09af-6162-4064-a2e5-f58e3fa12d75,2026-06-01 09:00:00,,0,,,
fbdd09af-6162-4064-a2e5-f58e3fa12d75,2026-06-01 12:00:00,,0,,,
fbdd09af-6162-4064-a2e5-f58e3fa12d75,2026-06-01 15:00:00,,0,,,
fbdd09af-6162-4064-a2e5-f58e3fa12d75,2026-06-01 18:00:00,,0,,,
fbdd09af-6162-4064-a2e5-f58e3fa12d75,2026-06-01 21:00:00,,0,,,
fbdd09af-6162-4064-a2e5-f58e3fa12d75,2026-06-02 09:00:00,,0,,,
fbdd09af-6162-4064-a2e5-f58e3fa12d75,2026-06-02 12:00:00,,0,,,
fbdd09af-6162-4064-a2e5-f58e3fa12d75,2026-06-02 15:00:00,,0,,,
fbdd09af-6162-4064-a2e5-f58e3fa12d75,2026-06-02 18:00:00,,0,,,
fbdd09af-6162-4064-a2e5-f58e3fa12d75,2026-06-02 21:00:00,,0,,,
fbdd09af-6162-4064-a2e5-f58e3fa12d75,2026-06-03 09:00:00,,0,,,
fbdd09af-6162-4064-a2e5-f58e3fa12d75,2026-06-03 12:00:00,,0,,,
fbdd09af-6162-4064-a2e5-f58e3fa12d75,2026-06-03 15:00:00,,0,,,
fbdd09af-6162-4064-a2e5-f58e3fa12d75,2026-06-03 18:00:00,,0,,,
fbdd09af-6162-4064-a2e5-f58e3fa12d75,2026-06-03 21:00:00,,0,,,
fbdd09af-6162-4064-a2e5-f58e3fa12d75,2026-06-04 09:00:00,,0,,,
fbdd09af-6162-4064-a2e5-f58e3fa12d75,2026-06-04 12:00:00,,0,,,
fbdd09af-6162-4064-a2e5-f58e3fa12d75,2026-06-04 15:00:00,,0,,,
fbdd09af-6162-4064-a2e5-f58e3fa12d75,2026-06-04 18:00:00,,0,,,
fbdd09af-6162-4064-a2e5-f58e3fa12d75,2026-06-04 21:00:00,,0,,,
fbdd09af-6162-4064-a2e5-f58e3fa12d75,2026-06-05 09:00:00,,0,,,
fbdd09af-6162-4064-a2e5-f58e3fa12d75,2026-06-05 12:00:00,,0,,,
fbdd09af-6162-4064-a2e5-f58e3fa12d75,2026-06-05 15:00:00,,0,,,
fbdd09af-6162-4064-a2e5-f58e3fa12d75,2026-06-05 18:00:00,,0,,,
fbdd09af-6162-4064-a2e5-f58e3fa12d75,2026-06-05 21:00:00,,0,,,
fbdd09af-6162-4064-a2e5-f58e3fa12d75,2026-06-06 09:00:00,,0,,,
fbdd09af-6162-4064-a2e5-f58e3fa12d75,2026-06-06 12:00:00,,0,,,
fbdd09af-6162-4064-a2e5-f58e3fa12d75,2026-06-06 15:00:00,,0,,,
fbdd09af-6162-4064-a2e5-f58e3fa12d75,2026-06-06 18:00:00,,0,,,
fbdd09af-6162-4064-a2e5-f58e3fa12d75,2026-06-06 21:00:00,,0,,,
fbdd09af-6162-4064-a2e5-f58e3fa12d75,2026-06-07 09:00:00,,0,,,
fbdd09af-6162-4064-a2e5-f58e3fa12d75,2026-06-07 12:00:00,,0,,,
fbdd09af-6162-4064-a2e5-f58e3fa12d75,2026-06-07 15:00:00,,0,,,
fbdd09af-6162-4064-a2e5-f58e3fa12d75,2026-06-07 18:00:00,,0,,,
fbdd09af-6162-4064-a2e5-f58e3fa12d75,2026-06-07 21:00:00,,0,,,
fcb8d68f-fddc-4c2d-bcf3-2ffe304e0221,2026-06-01 09:00:00,,0,,,
fcb8d68f-fddc-4c2d-bcf3-2ffe304e0221,2026-06-01 12:00:00,,0,,,
fcb8d68f-fddc-4c2d-bcf3-2ffe304e0221,2026-06-01 15:00:00,,0,,,
fcb8d68f-fddc-4c2d-bcf3-2ffe304e0221,2026-06-01 18:00:00,,0,,,
fcb8d68f-fddc-4c2d-bcf3-2ffe304e0221,2026-06-01 21:00:00,,0,,,
fcb8d68f-fddc-4c2d-bcf3-2ffe304e0221,2026-06-02 09:00:00,,0,,,
fcb8d68f-fddc-4c2d-bcf3-2ffe304e0221,2026-06-02 12:00:00,,0,,,
fcb8d68f-fddc-4c2d-bcf3-2ffe304e0221,2026-06-02 15:00:00,,0,,,
fcb8d68f-fddc-4c2d-bcf3-2ffe304e0221,2026-06-02 18:00:00,,0,,,
fcb8d68f-fddc-4c2d-bcf3-2ffe304e0221,2026-06-02 21:00:00,,0,,,
fcb8d68f-fddc-4c2d-bcf3-2ffe304e0221,2026-06-03 09:00:00,,0,,,
fcb8d68f-fddc-4c2d-bcf3-2ffe304e0221,2026-06-03 12:00:00,,0,,,
fcb8d68f-fddc-4c2d-bcf3-2ffe304e0221,2026-06-03 15:00:00,,0,,,
fcb8d68f-fddc-4c2d-bcf3-2ffe304e0221,2026-06-03 18:00:00,,0,,,
fcb8d68f-fddc-4c2d-bcf3-2ffe304e0221,2026-06-03 21:00:00,,0,,,
fcb8d68f-fddc-4c2d-bcf3-2ffe304e0221,2026-06-04 09:00:00,,0,,,
fcb8d68f-fddc-4c2d-bcf3-2ffe304e0221,2026-06-04 12:00:00,,0,,,
fcb8d68f-fddc-4c2d-bcf3-2ffe304e0221,2026-06-04 15:00:00,,0,,,
fcb8d68f-fddc-4c2d-bcf3-2ffe304e0221,2026-06-04 18:00:00,,0,,,
fcb8d68f-fddc-4c2d-bcf3-2ffe304e0221,2026-06-04 21:00:00,,0,,,
fcb8d68f-fddc-4c2d-bcf3-2ffe304e0221,2026-06-05 09:00:00,,0,,,
fcb8d68f-fddc-4c2d-bcf3-2ffe304e0221,2026-06-05 12:00:00,,0,,,
fcb8d68f-fddc-4c2d-bcf3-2ffe304e0221,2026-06-05 15:00:00,,0,,,
fcb8d68f-fddc-4c2d-bcf3-2ffe304e0221,2026-06-05 18:00:00,,0,,,
fcb8d68f-fddc-4c2d-bcf3-2ffe304e0221,2026-06-05 21:00:00,,0,,,
fcb8d68f-fddc-4c2d-bcf3-2ffe304e0221,2026-06-06 09:00:00,,0,,,
fcb8d68f-fddc-4c2d-bcf3-2ffe304e0221,2026-06-06 12:00:00,,0,,,
fcb8d68f-fddc-4c2d-bcf3-2ffe304e0221,2026-06-06 15:00:00,,0,,,
fcb8d68f-fddc-4c2d-bcf3-2ffe304e0221,2026-06-06 18:00:00,,0,,,
fcb8d68f-fddc-4c2d-bcf3-2ffe304e0221,2026-06-06 21:00:00,,0,,,
fcb8d68f-fddc-4c2d-bcf3-2ffe304e0221,2026-06-07 09:00:00,,0,,,
fcb8d68f-fddc-4c2d-bcf3-2ffe304e0221,2026-06-07 12:00:00,,0,,,
fcb8d68f-fddc-4c2d-bcf3-2ffe304e0221,2026-06-07 15:00:00,,0,,,
fcb8d68f-fddc-4c2d-bcf3-2ffe304e0221,2026-06-07 18:00:00,,0,,,
fcb8d68f-fddc-4c2d-bcf3-2ffe304e0221,2026-06-07 21:00:00,,0,,,
fdad9d04-502f-4882-b6b5-18ef44348396,2026-06-01 09:00:00,,0,,,
fdad9d04-502f-4882-b6b5-18ef44348396,2026-06-01 12:00:00,,0,,,
fdad9d04-502f-4882-b6b5-18ef44348396,2026-06-01 15:00:00,,0,,,
fdad9d04-502f-4882-b6b5-18ef44348396,2026-06-01 18:00:00,,0,,,
fdad9d04-502f-4882-b6b5-18ef44348396,2026-06-01 21:00:00,,0,,,
fdad9d04-502f-4882-b6b5-18ef44348396,2026-06-02 09:00:00,,0,,,
fdad9d04-502f-4882-b6b5-18ef44348396,2026-06-02 12:00:00,,0,,,
fdad9d04-502f-4882-b6b5-18ef44348396,2026-06-02 15:00:00,,0,,,
fdad9d04-502f-4882-b6b5-18ef44348396,2026-06-02 18:00:00,,0,,,
fdad9d04-502f-4882-b6b5-18ef44348396,2026-06-02 21:00:00,,0,,,
fdad9d04-502f-4882-b6b5-18ef44348396,2026-06-03 09:00:00,,0,,,
fdad9d04-502f-4882-b6b5-18ef44348396,2026-06-03 12:00:00,,0,,,
fdad9d04-502f-4882-b6b5-18ef44348396,2026-06-03 15:00:00,,0,,,
fdad9d04-502f-4882-b6b5-18ef44348396,2026-06-03 18:00:00,,0,,,
fdad9d04-502f-4882-b6b5-18ef44348396,2026-06-03 21:00:00,,0,,,
fdad9d04-502f-4882-b6b5-18ef44348396,2026-06-04 09:00:00,,0,,,
fdad9d04-502f-4882-b6b5-18ef44348396,2026-06-04 12:00:00,,0,,,
fdad9d04-502f-4882-b6b5-18ef44348396,2026-06-04 15:00:00,,0,,,
fdad9d04-502f-4882-b6b5-18ef44348396,2026-06-04 18:00:00,,0,,,
fdad9d04-502f-4882-b6b5-18ef44348396,2026-06-04 21:00:00,,0,,,
fdad9d04-502f-4882-b6b5-18ef44348396,2026-06-05 09:00:00,,0,,,
fdad9d04-502f-4882-b6b5-18ef44348396,2026-06-05 12:00:00,,0,,,
fdad9d04-502f-4882-b6b5-18ef44348396,2026-06-05 15:00:00,,0,,,
fdad9d04-502f-4882-b6b5-18ef44348396,2026-06-05 18:00:00,,0,,,
fdad9d04-502f-4882-b6b5-18ef44348396,2026-06-05 21:00:00,,0,,,
fdad9d04-502f-4882-b6b5-18ef44348396,2026-06-06 09:00:00,,0,,,
fdad9d04-502f-4882-b6b5-18ef44348396,2026-06-06 12:00:00,,0,,,
fdad9d04-502f-4882-b6b5-18ef44348396,2026-06-06 15:00:00,,0,,,
fdad9d04-502f-4882-b6b5-18ef44348396,2026-06-06 18:00:00,,0,,,
fdad9d04-502f-4882-b6b5-18ef44348396,2026-06-06 21:00:00,,0,,,
fdad9d04-502f-4882-b6b5-18ef44348396,2026-06-07 09:00:00,,0,,,
fdad9d04-502f-4882-b6b5-18ef44348396,2026-06-07 12:00:00,,0,,,
fdad9d04-502f-4882-b6b5-18ef44348396,2026-06-07 15:00:00,,0,,,
fdad9d04-502f-4882-b6b5-18ef44348396,2026-06-07 18:00:00,,0,,,
fdad9d04-502f-4882-b6b5-18ef44348396,2026-06-07 21:00:00,,0,,,
fe69be24-6e8a-4c61-81f4-55e2a82f92da,2026-06-01 09:00:00,,0,,,
fe69be24-6e8a-4c61-81f4-55e2a82f92da,2026-06-01 12:00:00,,0,,,
fe69be24-6e8a-4c61-81f4-55e2a82f92da,2026-06-01 15:00:00,,0,,,
fe69be24-6e8a-4c61-81f4-55e2a82f92da,2026-06-01 18:00:00,,0,,,
fe69be24-6e8a-4c61-81f4-55e2a82f92da,2026-06-01 21:00:00,,0,,,
fe69be24-6e8a-4c61-81f4-55e2a82f92da,2026-06-02 09:00:00,,0,,,
fe69be24-6e8a-4c61-81f4-55e2a82f92da,2026-06-02 12:00:00,,0,,,
fe69be24-6e8a-4c61-81f4-55e2a82f92da,2026-06-02 15:00:00,,0,,,
fe69be24-6e8a-4c61-81f4-55e2a82f92da,2026-06-02 18:00:00,,0,,,
fe69be24-6e8a-4c61-81f4-55e2a82f92da,2026-06-02 21:00:00,,0,,,
fe69be24-6e8a-4c61-81f4-55e2a82f92da,2026-06-03 09:00:00,,0,,,
fe69be24-6e8a-4c61-81f4-55e2a82f92da,2026-06-03 12:00:00,,0,,,
fe69be24-6e8a-4c61-81f4-55e2a82f92da,2026-06-03 15:00:00,,0,,,
fe69be24-6e8a-4c61-81f4-55e2a82f92da,2026-06-03 18:00:00,,0,,,
fe69be24-6e8a-4c61-81f4-55e2a82f92da,2026-06-03 21:00:00,,0,,,
fe69be24-6e8a-4c61-81f4-55e2a82f92da,2026-06-04 09:00:00,,0,,,
fe69be24-6e8a-4c61-81f4-55e2a82f92da,2026-06-04 12:00:00,,0,,,
fe69be24-6e8a-4c61-81f4-55e2a82f92da,2026-06-04 15:00:00,,0,,,
fe69be24-6e8a-4c61-81f4-55e2a82f92da,2026-06-04 18:00:00,,0,,,
fe69be24-6e8a-4c61-81f4-55e2a82f92da,2026-06-04 21:00:00,,0,,,
fe69be24-6e8a-4c61-81f4-55e2a82f92da,2026-06-05 09:00:00,,0,,,
fe69be24-6e8a-4c61-81f4-55e2a82f92da,2026-06-05 12:00:00,,0,,,
fe69be24-6e8a-4c61-81f4-55e2a82f92da,2026-06-05 15:00:00,,0,,,
fe69be24-6e8a-4c61-81f4-55e2a82f92da,2026-06-05 18:00:00,,0,,,
fe69be24-6e8a-4c61-81f4-55e2a82f92da,2026-06-05 21:00:00,,0,,,
fe69be24-6e8a-4c61-81f4-55e2a82f92da,2026-06-06 09:00:00,,0,,,
fe69be24-6e8a-4c61-81f4-55e2a82f92da,2026-06-06 12:00:00,,0,,,
fe69be24-6e8a-4c61-81f4-55e2a82f92da,2026-06-06 15:00:00,,0,,,
fe69be24-6e8a-4c61-81f4-55e2a82f92da,2026-06-06 18:00:00,,0,,,
fe69be24-6e8a-4c61-81f4-55e2a82f92da,2026-06-06 21:00:00,,0,,,
fe69be24-6e8a-4c61-81f4-55e2a82f92da,2026-06-07 09:00:00,,0,,,
fe69be24-6e8a-4c61-81f4-55e2a82f92da,2026-06-07 12:00:00,,0,,,
fe69be24-6e8a-4c61-81f4-55e2a82f92da,2026-06-07 15:00:00,,0,,,
fe69be24-6e8a-4c61-81f4-55e2a82f92da,2026-06-07 18:00:00,,0,,,
fe69be24-6e8a-4c61-81f4-55e2a82f92da,2026-06-07 21:00:00,,0,,,
